You drew a 5th progress card. Play one now.	Du hast eine 5. Fortschrittskarte gezogen. Spiele jetzt eine aus.	Du har trukket et 5. fremskridtskort. Spil et nu.	Du har dragit ett femte framstegskort. Spela ett nu.	Du har trukket et 5. fremskrittskort. Spill ett nå.	Je hebt een 5e vooruitgangskaart getrokken. Speel er nu een.	Vous avez pioché une 5e carte progrès. Jouez-en une maintenant.	Has robado una 5.ª carta de progreso. Juega una ahora.	Hai pescato una quinta carta progresso. Giocane una subito.	Tirou uma 5.ª carta de progresso. Jogue uma agora.	Dobrano 5. kartę postępu. Zagraj teraz jedną.	5. ilerleme kartını çektin. Şimdi birini oyna.	Ви взяли 5-ту карту прогресу. Розіграйте одну зараз.	발전 카드를 5장째 뽑았습니다. 지금 한 장을 사용하세요.	5枚目の進歩カードを引きました。今すぐ1枚使ってください。	你抽到了第 5 张进步卡。请立刻打出一张。
None of your cards can be played, so you may hand one back.	Keine deiner Karten lässt sich ausspielen, daher darfst du eine abgeben.	Ingen af dine kort kan spilles, så du må aflevere et.	Inget av dina kort kan spelas, så du får lämna tillbaka ett.	Ingen av kortene dine kan spilles, så du må levere ett tilbake.	Geen van je kaarten kan gespeeld worden, dus je mag er een teruggeven.	Aucune de vos cartes ne peut être jouée : vous pouvez en rendre une.	Ninguna de tus cartas se puede jugar, así que puedes devolver una.	Nessuna delle tue carte può essere giocata, quindi puoi restituirne una.	Nenhuma das suas cartas pode ser jogada, por isso pode devolver uma.	Żadnej z twoich kart nie da się zagrać, więc możesz oddać jedną.	Kartlarından hiçbiri oynanamıyor, bu yüzden birini geri verebilirsin.	Жодну з ваших карт не можна розіграти, тому ви можете повернути одну.	사용할 수 있는 카드가 없으므로 한 장을 돌려줄 수 있습니다.	使えるカードがないので、1枚を戻せます。	你的卡都无法打出，因此可以退回一张。
You may hold at most 4: play any of your cards.	Du darfst höchstens 4 behalten: spiele eine beliebige deiner Karten.	Du må højst have 4: spil et af dine kort.	Du får högst ha 4: spela valfritt kort.	Du kan ha maks 4: spill et av kortene dine.	Je mag er hooguit 4 hebben: speel een willekeurige kaart.	Vous ne pouvez en garder que 4 : jouez l'une de vos cartes.	Puedes tener 4 como máximo: juega cualquiera de tus cartas.	Puoi tenerne al massimo 4: gioca una qualsiasi delle tue carte.	Pode ter no máximo 4: jogue uma das suas cartas.	Możesz mieć najwyżej 4: zagraj dowolną swoją kartę.	En fazla 4 kart tutabilirsin: kartlarından birini oyna.	Можна мати щонайбільше 4: розіграйте будь-яку зі своїх карт.	최대 4장까지만 가질 수 있습니다. 아무 카드나 사용하세요.	持てるのは最大4枚です。好きなカードを1枚使ってください。	最多只能持有 4 张：请打出你的任意一张卡。
Give one back (under its deck).	Gib eine zurück (unter den Stapel).	Aflever et (nederst i bunken).	Lämna tillbaka ett (under högen).	Lever ett tilbake (under bunken).	Geef er een terug (onder de stapel).	Rendez-en une (sous sa pioche).	Devuelve una (debajo de su mazo).	Restituiscine una (sotto il suo mazzo).	Devolva uma (para baixo do baralho).	Oddaj jedną (pod spód stosu).	Birini geri ver (destenin altına).	Поверніть одну (під колоду).	한 장을 돌려주세요 (더미 맨 아래로).	1枚を山札の下に戻してください。	退回一张（放到牌堆底部）。
A knight of yours deserts.	Einer deiner Ritter desertiert.	En af dine riddere deserterer.	En av dina riddare deserterar.	En av ridderne dine deserterer.	Een van je ridders deserteert.	L'un de vos chevaliers déserte.	Uno de tus caballeros deserta.	Uno dei tuoi cavalieri diserta.	Um dos seus cavaleiros deserta.	Jeden z twoich rycerzy dezerteruje.	Şövalyelerinden biri kaçıyor.	Один із ваших лицарів дезертирує.	당신의 기사 한 명이 탈영합니다.	あなたの騎士の1人が脱走します。	你的一名骑士当了逃兵。
Tap the knight that leaves the board.	Tippe auf den Ritter, der das Spielfeld verlässt.	Tryk på den ridder, der forlader brættet.	Tryck på riddaren som lämnar spelplanen.	Trykk på ridderen som forlater brettet.	Tik op de ridder die het bord verlaat.	Touchez le chevalier qui quitte le plateau.	Toca el caballero que sale del tablero.	Tocca il cavaliere che lascia il tabellone.	Toque no cavaleiro que sai do tabuleiro.	Dotknij rycerza, który opuszcza planszę.	Tahtadan ayrılacak şövalyeye dokun.	Торкніться лицаря, який залишає поле.	보드를 떠날 기사를 누르세요.	ボードから去る騎士をタップしてください。	点击要离开棋盘的骑士。
{name} offers you a resource.	{name} bietet dir einen Rohstoff an.	{name} tilbyder dig en råvare.	{name} erbjuder dig en råvara.	{name} tilbyr deg en råvare.	{name} biedt je een grondstof aan.	{name} vous propose une ressource.	{name} te ofrece un recurso.	{name} ti offre una risorsa.	{name} oferece-lhe um recurso.	{name} oferuje ci surowiec.	{name} sana bir kaynak teklif ediyor.	{name} пропонує вам ресурс.	{name}이(가) 자원 하나를 제안했습니다.	{name}が資源を1枚提示しました。	{name} 向你提供了一份资源。
Give one of your commodities in return.	Gib dafür eine deiner Handelswaren.	Giv en af dine varer til gengæld.	Ge en av dina varor i utbyte.	Gi en av varene dine i bytte.	Geef er een van je handelswaren voor terug.	Donnez en échange l'une de vos marchandises.	Da a cambio una de tus mercancías.	Dai in cambio una delle tue merci.	Dê em troca uma das suas mercadorias.	Daj w zamian jeden ze swoich towarów.	Karşılığında mallarından birini ver.	Віддайте натомість один зі своїх товарів.	대신 당신의 상품 하나를 주세요.	代わりに商品を1枚渡してください。	请用你的一件商品作为交换。
Choose commodity	Handelsware wählen	Vælg vare	Välj vara	Velg vare	Handelswaar kiezen	Choisir une marchandise	Elegir mercancía	Scegli una merce	Escolher mercadoria	Wybierz towar	Mal seç	Обрати товар	상품 선택	商品を選ぶ	选择商品
Red die: 1–{n}	Roter Würfel: 1–{n}	Rød terning: 1–{n}	Röd tärning: 1–{n}	Rød terning: 1–{n}	Rode dobbelsteen: 1–{n}	Dé rouge : 1–{n}	Dado rojo: 1–{n}	Dado rosso: 1–{n}	Dado vermelho: 1–{n}	Czerwona kość: 1–{n}	Kırmızı zar: 1–{n}	Червоний кубик: 1–{n}	빨간 주사위: 1–{n}	赤サイコロ：1〜{n}	红骰：1–{n}
Level 5: your metropolis here is safe.	Stufe 5: Deine Metropole hier ist sicher.	Niveau 5: din metropol her er sikker.	Nivå 5: din metropol här är säker.	Nivå 5: metropolen din her er trygg.	Niveau 5: je metropool hier is veilig.	Niveau 5 : votre métropole ici est à l'abri.	Nivel 5: tu metrópolis aquí está a salvo.	Livello 5: la tua metropoli qui è al sicuro.	Nível 5: a sua metrópole aqui está segura.	Poziom 5: twoja metropolia tutaj jest bezpieczna.	5. seviye: buradaki metropolün güvende.	Рівень 5: ваш мегаполіс тут у безпеці.	레벨 5: 이 분야의 대도시는 안전합니다.	レベル5：この分野のメトロポリスは安全です。	5 级：你在此处的大都市不会再被夺走。
Give back a progress card	Fortschrittskarte zurückgeben	Aflever et fremskridtskort	Lämna tillbaka ett framstegskort	Lever tilbake et fremskrittskort	Een vooruitgangskaart teruggeven	Rendre une carte progrès	Devolver una carta de progreso	Restituisci una carta progresso	Devolver uma carta de progresso	Oddaj kartę postępu	İlerleme kartı geri ver	Повернути карту прогресу	발전 카드 돌려주기	進歩カードを戻す	退回一张进步卡
You may hold at most 4. The card goes under its deck.	Du darfst höchstens 4 halten. Die Karte kommt unter ihren Stapel.	Du må højst have 4. Kortet lægges nederst i sin bunke.	Du får högst ha 4. Kortet läggs under sin hög.	Du kan ha maks 4. Kortet legges nederst i bunken sin.	Je mag hooguit 4 kaarten hebben. De kaart gaat onder zijn stapel.	Vous ne pouvez en garder que 4. La carte retourne sous sa pioche.	Puedes tener 4 como máximo. La carta va debajo de su mazo.	Puoi tenerne al massimo 4. La carta va sotto il suo mazzo.	Pode ter no máximo 4. A carta vai para baixo do seu baralho.	Możesz mieć najwyżej 4. Karta trafia pod spód swojego stosu.	En fazla 4 kart tutabilirsin. Kart destesinin altına gider.	Можна мати щонайбільше 4. Карта йде під свою колоду.	최대 4장까지만 가질 수 있습니다. 카드는 해당 더미 맨 아래로 갑니다.	持てるのは最大4枚です。カードはその山札の下に戻ります。	最多只能持有 4 张。该卡会放回对应牌堆底部。
Give one back instead	Stattdessen eine zurückgeben	Aflever i stedet et	Lämna tillbaka ett i stället	Lever heller ett tilbake	Geef er in plaats daarvan een terug	En rendre une à la place	Devolver una en su lugar	Restituiscine una invece	Devolver uma em vez disso	Zamiast tego oddaj jedną	Bunun yerine birini geri ver	Натомість повернути одну	대신 한 장 돌려주기	代わりに1枚戻す	改为退回一张
Play a progress card	Fortschrittskarte ausspielen	Spil et fremskridtskort	Spela ett framstegskort	Spill et fremskrittskort	Een vooruitgangskaart spelen	Jouer une carte progrès	Jugar una carta de progreso	Gioca una carta progresso	Jogar uma carta de progresso	Zagraj kartę postępu	İlerleme kartı oyna	Розіграти карту прогресу	발전 카드 사용	進歩カードを使う	打出进步卡
You drew a 5th card. Nobody may hold more than 4: play one of your cards now.	Du hast eine 5. Karte gezogen. Niemand darf mehr als 4 halten: spiele jetzt eine deiner Karten aus.	Du har trukket et 5. kort. Ingen må have mere end 4: spil et af dine kort nu.	Du har dragit ett femte kort. Ingen får ha fler än 4: spela ett av dina kort nu.	Du har trukket et 5. kort. Ingen kan ha mer enn 4: spill et av kortene dine nå.	Je hebt een 5e kaart getrokken. Niemand mag er meer dan 4 hebben: speel nu een van je kaarten.	Vous avez pioché une 5e carte. Personne ne peut en garder plus de 4 : jouez une de vos cartes maintenant.	Has robado una 5.ª carta. Nadie puede tener más de 4: juega una de tus cartas ahora.	Hai pescato una quinta carta. Nessuno può averne più di 4: gioca subito una delle tue carte.	Tirou uma 5.ª carta. Ninguém pode ter mais de 4: jogue agora uma das suas cartas.	Dobrano 5. kartę. Nikt nie może mieć więcej niż 4: zagraj teraz jedną ze swoich kart.	5. kartı çektin. Kimse 4'ten fazla kart tutamaz: şimdi kartlarından birini oyna.	Ви взяли 5-ту карту. Ніхто не може мати більше 4: розіграйте одну зі своїх карт зараз.	카드를 5장째 뽑았습니다. 누구도 4장을 넘길 수 없으니 지금 한 장을 사용하세요.	5枚目のカードを引きました。4枚を超えて持てないので、今すぐ1枚使ってください。	你抽到了第 5 张卡。任何人最多只能持有 4 张：请现在打出一张。
{name} offers you 1 {res} for one of your commodities.	{name} bietet dir 1 {res} für eine deiner Handelswaren.	{name} tilbyder dig 1 {res} for en af dine varer.	{name} erbjuder dig 1 {res} för en av dina varor.	{name} tilbyr deg 1 {res} for en av varene dine.	{name} biedt je 1 {res} voor een van je handelswaren.	{name} vous propose 1 {res} contre l'une de vos marchandises.	{name} te ofrece 1 {res} por una de tus mercancías.	{name} ti offre 1 {res} in cambio di una delle tue merci.	{name} oferece-lhe 1 {res} por uma das suas mercadorias.	{name} oferuje ci 1 {res} za jeden z twoich towarów.	{name} sana mallarından biri karşılığında 1 {res} teklif ediyor.	{name} пропонує вам 1 {res} за один зі ваших товарів.	{name}이(가) 당신의 상품 하나와 {res} 1장을 교환하자고 제안했습니다.	{name}が、あなたの商品1枚と{res}1枚の交換を提示しました。	{name} 想用 1 张{res}换你的一件商品。
Offer 1 resource card to each opponent. Whoever owns a commodity must give you one of their choice; the others are skipped.	Biete jeder anderen Person 1 Rohstoffkarte an. Wer eine Handelsware besitzt, muss dir dafür eine beliebige geben; die anderen werden übersprungen.	Tilbyd hver modstander 1 råvarekort. Den, der har en vare, må give dig en efter eget valg; de andre springes over.	Erbjud varje motspelare 1 råvarukort. Den som har en vara måste ge dig en valfri; de andra hoppas över.	Tilby hver motspiller 1 råvarekort. Den som har en vare, må gi deg en etter eget valg; de andre hoppes over.	Bied elke tegenstander 1 grondstofkaart aan. Wie een handelswaar heeft, moet je er een naar keuze geven; de anderen worden overgeslagen.	Proposez 1 carte ressource à chaque adversaire. Celui qui possède une marchandise doit vous en donner une de son choix ; les autres sont ignorés.	Ofrece 1 carta de recurso a cada rival. Quien tenga una mercancía debe darte una de su elección; los demás se omiten.	Offri 1 carta risorsa a ogni avversario. Chi possiede una merce deve darti una a sua scelta; gli altri vengono saltati.	Ofereça 1 carta de recurso a cada adversário. Quem tiver uma mercadoria tem de lhe dar uma à sua escolha; os outros são ignorados.	Zaproponuj każdemu przeciwnikowi 1 kartę surowca. Kto ma towar, musi dać ci jeden dowolny; pozostali są pomijani.	Her rakibe 1 kaynak kartı teklif et. Malı olan rakip, sana istediği bir malı vermek zorunda; diğerleri atlanır.	Запропонуйте кожному суперникові 1 карту ресурсу. Той, у кого є товар, мусить віддати вам один на свій вибір; решту пропускаємо.	각 상대에게 자원 카드 1장씩을 제안하세요. 상품을 가진 상대는 자신이 고른 상품 1장을 줘야 하며, 없는 상대는 건너뜁니다.	各相手に資源カードを1枚ずつ提示します。商品を持っている相手は、好きな商品を1枚渡さなければなりません。持っていない相手は飛ばされます。	向每位对手提供 1 张资源卡。拥有商品的对手必须任选一张商品交给你；没有的则跳过。
Waiting for {names} to pick a deserting knight…	Warten, bis {names} einen Ritter zum Entfernen wählt…	Venter på, at {names} vælger en ridder, der deserterer…	Väntar på att {names} väljer en riddare som deserterar…	Venter på at {names} velger en ridder som deserterer…	Wachten tot {names} een deserterende ridder kiest…	En attente que {names} choisisse le chevalier qui déserte…	Esperando a que {names} elija el caballero que deserta…	In attesa che {names} scelga il cavaliere che diserta…	À espera que {names} escolha o cavaleiro que deserta…	Czekamy, aż {names} wybierze dezerterującego rycerza…	{names} kaçacak şövalyeyi seçmesi bekleniyor…	Чекаємо, поки {names} обере лицаря-дезертира…	{names}이(가) 탈영할 기사를 고르기를 기다리는 중…	{names}が脱走する騎士を選ぶのを待っています…	等待 {names} 选择逃跑的骑士…
Waiting for {names} to trade a commodity…	Warten, bis {names} eine Handelsware tauscht…	Venter på, at {names} bytter en vare…	Väntar på att {names} byter en vara…	Venter på at {names} bytter en vare…	Wachten tot {names} een handelswaar ruilt…	En attente que {names} échange une marchandise…	Esperando a que {names} cambie una mercancía…	In attesa che {names} scambi una merce…	À espera que {names} troque uma mercadoria…	Czekamy, aż {names} wymieni towar…	{names} bir mal takas etmesi bekleniyor…	Чекаємо, поки {names} обміняє товар…	{names}이(가) 상품을 교환하기를 기다리는 중…	{names}が商品を交換するのを待っています…	等待 {names} 交换商品…
Waiting for {names} to play or give back a progress card…	Warten, bis {names} eine Fortschrittskarte ausspielt oder zurückgibt…	Venter på, at {names} spiller eller afleverer et fremskridtskort…	Väntar på att {names} spelar eller lämnar tillbaka ett framstegskort…	Venter på at {names} spiller eller leverer tilbake et fremskrittskort…	Wachten tot {names} een vooruitgangskaart speelt of teruggeeft…	En attente que {names} joue ou rende une carte progrès…	Esperando a que {names} juegue o devuelva una carta de progreso…	In attesa che {names} giochi o restituisca una carta progresso…	À espera que {names} jogue ou devolva uma carta de progresso…	Czekamy, aż {names} zagra lub odda kartę postępu…	{names} bir ilerleme kartı oynaması ya da geri vermesi bekleniyor…	Чекаємо, поки {names} розіграє або поверне карту прогресу…	{names}이(가) 발전 카드를 사용하거나 돌려주기를 기다리는 중…	{names}が進歩カードを使うか戻すのを待っています…	等待 {names} 打出或退回进步卡…
You need a city without a metropolis for this level.	Für diese Stufe brauchst du eine Stadt ohne Metropole.	Til dette niveau skal du have en by uden metropol.	För den här nivån behöver du en stad utan metropol.	For dette nivået trenger du en by uten metropol.	Voor dit niveau heb je een stad zonder metropool nodig.	Ce niveau demande une ville sans métropole.	Para este nivel necesitas una ciudad sin metrópolis.	Per questo livello serve una città senza metropoli.	Para este nível precisa de uma cidade sem metrópole.	Na ten poziom potrzebujesz miasta bez metropolii.	Bu seviye için metropolü olmayan bir şehre ihtiyacın var.	Для цього рівня потрібне місто без мегаполіса.	이 단계에는 대도시가 없는 도시가 필요합니다.	この段階にはメトロポリスのない都市が必要です。	这一级需要一座还没有大都市的城市。
You must play one of your progress cards now.	Du musst jetzt eine deiner Fortschrittskarten ausspielen.	Du skal spille et af dine fremskridtskort nu.	Du måste spela ett av dina framstegskort nu.	Du må spille et av fremskrittskortene dine nå.	Je moet nu een van je vooruitgangskaarten spelen.	Vous devez jouer une de vos cartes progrès maintenant.	Debes jugar ahora una de tus cartas de progreso.	Devi giocare subito una delle tue carte progresso.	Tem de jogar agora uma das suas cartas de progresso.	Musisz teraz zagrać jedną ze swoich kart postępu.	Şimdi ilerleme kartlarından birini oynamalısın.	Ви мусите зараз розіграти одну зі своїх карт прогресу.	지금 발전 카드 한 장을 사용해야 합니다.	今すぐ進歩カードを1枚使わなければなりません。	你现在必须打出一张进步卡。
Pick a commodity you hold.	Wähle eine Handelsware, die du besitzt.	Vælg en vare, du har.	Välj en vara du har.	Velg en vare du har.	Kies een handelswaar die je bezit.	Choisissez une marchandise que vous possédez.	Elige una mercancía que tengas.	Scegli una merce che possiedi.	Escolha uma mercadoria que possua.	Wybierz towar, który posiadasz.	Sahip olduğun bir malı seç.	Оберіть товар, який у вас є.	가지고 있는 상품을 고르세요.	持っている商品を選んでください。	选择你拥有的一件商品。
No knight to give up.	Kein Ritter zum Abgeben.	Ingen ridder at opgive.	Ingen riddare att ge upp.	Ingen ridder å gi fra seg.	Geen ridder om af te staan.	Aucun chevalier à céder.	No hay caballero que ceder.	Nessun cavaliere da cedere.	Nenhum cavaleiro a ceder.	Brak rycerza do oddania.	Verilecek şövalye yok.	Немає лицаря, якого потрібно віддати.	내놓을 기사가 없습니다.	手放す騎士がいません。	没有可交出的骑士。
{@q} has no commodity, so there is no swap.	{@q} hat keine Handelsware, daher entfällt der Tausch.	{@q} har ingen vare, så der bliver intet bytte.	{@q} har ingen vara, så det blir inget byte.	{@q} har ingen vare, så det blir ikke noe bytte.	{@q} heeft geen handelswaar, dus er wordt niet geruild.	{@q} n'a pas de marchandise : pas d'échange.	{@q} no tiene mercancías, así que no hay intercambio.	{@q} non ha merci, quindi lo scambio salta.	{@q} não tem mercadorias, por isso não há troca.	{@q} nie ma towaru, więc wymiany nie będzie.	{@q} oyuncusunun malı yok, bu yüzden takas yapılmaz.	{@q} не має товару, тож обміну не буде.	{@q}에게 상품이 없어 교환이 이루어지지 않습니다.	{@q}は商品を持っていないため、交換は行われません。	{@q} 没有商品，因此不进行交换。
School	Schule	Skole	Skola	Skole	School	École	Escuela	Scuola	Escola	Szkoła	Okul	Школа	학교	学校	学校
Library	Bibliothek	Bibliotek	Bibliotek	Bibliotek	Bibliotheek	Bibliothèque	Biblioteca	Biblioteca	Biblioteca	Biblioteka	Kütüphane	Бібліотека	도서관	図書館	图书馆
Theater	Theater	Teater	Teater	Teater	Theater	Théâtre	Teatro	Teatro	Teatro	Teatr	Tiyatro	Театр	극장	劇場	剧院
University	Universität	Universitet	Universitet	Universitet	Universiteit	Université	Universidad	Università	Universidade	Uniwersytet	Üniversite	Університет	대학	大学	大学
Market	Markt	Marked	Marknad	Marked	Markt	Marché	Mercado	Mercato	Mercado	Targ	Pazar	Ринок	시장	市場	市场
Guild	Zunft	Lav	Skrå	Laug	Gilde	Corporation	Gremio	Corporazione	Corporação	Cech	Lonca	Цех	길드	同業組合	行会
Merchant Guild	Gilde	Købmandslav	Köpmannagille	Kjøpmannslaug	Koopmansgilde	Guilde des marchands	Gremio de mercaderes	Gilda dei mercanti	Guilda dos mercadores	Gildia kupiecka	Tüccar loncası	Купецька гільдія	상인 길드	商人ギルド	商人公会
Trade Center	Handelszentrum	Handelscenter	Handelscentrum	Handelssenter	Handelscentrum	Centre de commerce	Centro comercial	Centro commerciale	Centro comercial	Centrum handlowe	Ticaret merkezi	Торговий центр	무역 센터	貿易センター	贸易中心
Town Hall	Rathaus	Rådhus	Rådhus	Rådhus	Stadhuis	Hôtel de ville	Ayuntamiento	Municipio	Câmara municipal	Ratusz	Belediye binası	Ратуша	시청	市庁舎	市政厅
Embassy	Botschaft	Ambassade	Ambassad	Ambassade	Ambassade	Ambassade	Embajada	Ambasciata	Embaixada	Ambasada	Büyükelçilik	Посольство	대사관	大使館	大使馆
Fortress	Festung	Fæstning	Fästning	Festning	Vesting	Forteresse	Fortaleza	Fortezza	Fortaleza	Forteca	Kale	Фортеця	요새	要塞	要塞
Court	Gericht	Domstol	Domstol	Domstol	Rechtbank	Tribunal	Tribunal	Tribunale	Tribunal	Sąd	Mahkeme	Суд	법원	裁判所	法院
Council of Broch	Rat von Broch	Brochs råd	Brochs råd	Brochs råd	Raad van Broch	Conseil de Broch	Consejo de Broch	Consiglio di Broch	Conselho de Broch	Rada Broch	Broch Konseyi	Рада Broch	Broch 의회	Brochの評議会	Broch 议会
Offer 1 resource to every opponent. Each one with a commodity must give you one of their choice.	Du darfst einmal allen anderen 1 Rohstoffkarte anbieten. Im Austausch muss die andere Person dir eine beliebige Handelsware geben, falls sie eine solche besitzt.	Tilbyd hver modstander 1 råvare. Enhver med en vare skal give dig en efter eget valg.	Erbjud varje motspelare 1 råvara. Var och en med en vara måste ge dig en valfri.	Tilby hver motspiller 1 råvare. Alle som har en vare, må gi deg en etter eget valg.	Bied elke tegenstander 1 grondstof aan. Wie een handelswaar heeft, moet je er een naar keuze geven.	Proposez 1 ressource à chaque adversaire. Chacun qui possède une marchandise doit vous en donner une de son choix.	Ofrece 1 recurso a cada rival. Quien tenga una mercancía debe darte una de su elección.	Offri 1 risorsa a ogni avversario. Chi possiede una merce deve darti una a sua scelta.	Ofereça 1 recurso a cada adversário. Quem tiver uma mercadoria tem de lhe dar uma à sua escolha.	Zaproponuj każdemu przeciwnikowi 1 surowiec. Każdy, kto ma towar, musi dać ci jeden dowolny.	Her rakibe 1 kaynak teklif et. Malı olan herkes sana istediği bir malı vermek zorunda.	Запропонуйте кожному суперникові 1 ресурс. Кожен, хто має товар, мусить віддати вам один на свій вибір.	각 상대에게 자원 1장을 제안합니다. 상품을 가진 상대는 자신이 고른 상품 1장을 줘야 합니다.	各相手に資源を1枚ずつ提示します。商品を持っている相手は好きな商品を1枚渡さなければなりません。	向每位对手提供 1 张资源。拥有商品的对手必须任选一张商品给你。
An opponent chooses one of their knights to leave the board. You set up a knight of the same level and status.	Bestimme eine andere Person, die einen beliebigen ihrer Ritter vom Spielfeld nehmen muss. Stelle dann einen eigenen Ritter derselben Stufe mit demselben Status auf.	En modstander vælger en af sine riddere, der forlader brættet. Du stiller en ridder af samme niveau og status op.	En motspelare väljer en av sina riddare som lämnar spelplanen. Du ställer upp en riddare på samma nivå och med samma status.	En motspiller velger en av ridderne sine som forlater brettet. Du setter opp en ridder med samme nivå og status.	Een tegenstander kiest een van zijn ridders die het bord verlaat. Jij zet een ridder van hetzelfde niveau en met dezelfde status neer.	Un adversaire choisit l'un de ses chevaliers, qui quitte le plateau. Vous posez un chevalier du même niveau et du même statut.	Un rival elige uno de sus caballeros, que sale del tablero. Tú colocas un caballero del mismo nivel y estado.	Un avversario sceglie uno dei suoi cavalieri, che lascia il tabellone. Tu ne metti uno dello stesso livello e stato.	Um adversário escolhe um dos seus cavaleiros, que sai do tabuleiro. Coloque um cavaleiro do mesmo nível e estado.	Przeciwnik wybiera jednego ze swoich rycerzy, który schodzi z planszy. Ty stawiasz rycerza tego samego poziomu i o tym samym statusie.	Bir rakip şövalyelerinden birini seçer ve o tahtadan kalkar. Sen aynı seviye ve aynı durumda bir şövalye yerleştirirsin.	Суперник обирає одного зі своїх лицарів, який залишає поле. Ви виставляєте лицаря того самого рівня й статусу.	상대가 자신의 기사 하나를 골라 보드에서 제거합니다. 당신은 같은 단계, 같은 상태의 기사를 세웁니다.	相手は自分の騎士を1人選んでボードから外します。あなたは同じ段階・同じ状態の騎士を置きます。	一名对手选择自己的一名骑士移出棋盘。你放置一名同等级、同状态的骑士。
Trade costs cloth, politics coin, science paper: level 1 costs 1, level 2 costs 2, and so on. Tap +.	Handel kostet Tuch, Politik Münzen, Wissenschaft Papier: Stufe 1 kostet 1, Stufe 2 kostet 2 usw. Tippe auf +.	Handel koster stof, politik mønt, videnskab papir: niveau 1 koster 1, niveau 2 koster 2 osv. Tryk på +.	Handel kostar tyg, politik mynt, vetenskap papper: nivå 1 kostar 1, nivå 2 kostar 2 och så vidare. Tryck på +.	Handel koster stoff, politikk mynt, vitenskap papir: nivå 1 koster 1, nivå 2 koster 2 og så videre. Trykk på +.	Handel kost stof, politiek munten, wetenschap papier: niveau 1 kost 1, niveau 2 kost 2, enzovoort. Tik op +.	Le commerce coûte du tissu, la politique des pièces, la science du papier : le niveau 1 coûte 1, le niveau 2 coûte 2, etc. Touchez +.	El comercio cuesta tela, la política monedas y la ciencia papel: el nivel 1 cuesta 1, el nivel 2 cuesta 2, y así sucesivamente. Toca +.	Il commercio costa stoffa, la politica monete, la scienza carta: il livello 1 costa 1, il livello 2 costa 2 e così via. Tocca +.	O comércio custa tecido; a política, moeda; a ciência, papel: o nível 1 custa 1, o nível 2 custa 2, e assim por diante. Toque em +.	Handel kosztuje sukno, polityka monety, nauka papier: poziom 1 kosztuje 1, poziom 2 kosztuje 2 i tak dalej. Dotknij +.	Ticaret kumaş, siyaset sikke, bilim kâğıt ister: 1. seviye 1, 2. seviye 2 vb. tutar. + düğmesine dokun.	Торгівля коштує тканину, політика — монети, наука — папір: рівень 1 коштує 1, рівень 2 — 2 і так далі. Торкніться +.	무역은 직물, 정치는 동전, 과학은 종이가 듭니다. 1단계는 1장, 2단계는 2장, 이런 식입니다. +를 누르세요.	交易には布、政治には硬貨、科学には紙が必要です。段階1は1枚、段階2は2枚、というように増えます。+をタップしてください。	贸易需要布料，政治需要钱币，科学需要纸张：1 级花 1 张，2 级花 2 张，依此类推。点击 +。
It is worth 2 points and sits on one of your cities. Only a player who reaches level 5 first can take it from you.	Sie bringt 2 Punkte und steht auf einer deiner Städte. Nur wer Stufe 5 vor dir erreicht, kann sie dir wegnehmen.	Den er 2 point værd og står på en af dine byer. Kun en spiller, der når niveau 5 før dig, kan tage den fra dig.	Den ger 2 poäng och står på en av dina städer. Bara den som når nivå 5 före dig kan ta den.	Den gir 2 poeng og står på en av byene dine. Bare en spiller som når nivå 5 før deg, kan ta den fra deg.	Ze is 2 punten waard en staat op een van je steden. Alleen wie eerder dan jij niveau 5 haalt, kan haar van je afpakken.	Elle vaut 2 points et se place sur l'une de vos villes. Seul un joueur qui atteint le niveau 5 avant vous peut vous la prendre.	Vale 2 puntos y se coloca sobre una de tus ciudades. Solo quien llegue al nivel 5 antes que tú puede quitártela.	Vale 2 punti e sta su una delle tue città. Solo chi raggiunge il livello 5 prima di te può portartela via.	Vale 2 pontos e fica numa das suas cidades. Só quem chegar ao nível 5 antes de si lha pode tirar.	Daje 2 punkty i stoi na jednym z twoich miast. Odebrać ją może ci tylko gracz, który osiągnie poziom 5 przed tobą.	2 puan değerindedir ve şehirlerinden birinde durur. Onu senden yalnızca senden önce 5. seviyeye ulaşan oyuncu alabilir.	Вона дає 2 очки й стоїть на одному з ваших міст. Забрати її може лише гравець, який досягне рівня 5 раніше за вас.	대도시는 2점이며 당신의 도시 하나 위에 놓입니다. 당신보다 먼저 5단계에 오른 플레이어만 빼앗을 수 있습니다.	メトロポリスは2点で、あなたの都市の1つに置かれます。あなたより先に段階5へ到達した人だけが奪えます。	大都市值 2 分，放在你的一座城市上。只有比你先达到 5 级的玩家才能把它抢走。
Each ship brings them one step closer to Broch. Until they have landed once, a 7 cannot move the robber.	Jedes Schiff bringt sie Broch einen Schritt näher. Bis sie einmal gelandet sind, kann eine 7 den Räuber nicht versetzen.	Hvert skib bringer dem et skridt nærmere Broch. Indtil de har været landet én gang, kan et 7-tal ikke flytte røveren.	Varje skepp för dem ett steg närmare Broch. Tills de har landat en gång kan en 7:a inte flytta rövaren.	Hvert skip bringer dem et steg nærmere Broch. Til de har landet én gang, kan en 7-er ikke flytte røveren.	Elk schip brengt ze een stap dichter bij Broch. Tot ze één keer zijn geland, kan een 7 de rover niet verplaatsen.	Chaque navire les rapproche d'un pas de Broch. Tant qu'ils n'ont pas débarqué une fois, un 7 ne peut pas déplacer le voleur.	Cada barco los acerca un paso más a Broch. Hasta que hayan desembarcado una vez, un 7 no puede mover al ladrón.	Ogni nave li avvicina di un passo a Broch. Finché non sono sbarcati una volta, un 7 non può spostare il brigante.	Cada navio aproxima-os mais um passo de Broch. Até desembarcarem uma vez, um 7 não pode mover o ladrão.	Każdy statek przybliża ich o krok do Broch. Dopóki nie wylądują po raz pierwszy, siódemka nie przesuwa złodzieja.	Her gemi onları Broch'a bir adım daha yaklaştırır. Bir kez karaya çıkana kadar 7 haydudu hareket ettiremez.	Кожен корабель наближає їх на крок до Broch. Поки вони не висадилися вперше, сімка не може пересунути розбійника.	배가 나올 때마다 Broch에 한 걸음 더 다가옵니다. 처음 상륙하기 전에는 7이 나와도 도둑을 옮길 수 없습니다.	船が出るたび、蛮族はBrochに1歩近づきます。最初に上陸するまでは、7が出ても盗賊は動かせません。	每出现一次船，他们就离 Broch 更近一步。在他们第一次登陆之前，掷出 7 也不能移动强盗。
Their strength: all cities on the board. Your defense: all active knights. Afterwards every knight is inactive again.	Ihre Stärke: alle Städte auf dem Spielfeld. Deine Abwehr: alle aktiven Ritter. Danach sind alle Ritter wieder inaktiv.	Deres styrke: alle byer på brættet. Dit forsvar: alle aktive riddere. Bagefter er alle riddere inaktive igen.	Deras styrka: alla städer på spelplanen. Ditt försvar: alla aktiva riddare. Efteråt är alla riddare inaktiva igen.	Deres styrke: alle byer på brettet. Ditt forsvar: alle aktive riddere. Etterpå er alle riddere inaktive igjen.	Hun kracht: alle steden op het bord. Jouw verdediging: alle actieve ridders. Daarna zijn alle ridders weer inactief.	Leur force : toutes les villes du plateau. Votre défense : tous les chevaliers actifs. Ensuite, tous les chevaliers redeviennent inactifs.	Su fuerza: todas las ciudades del tablero. Tu defensa: todos los caballeros activos. Después, todos los caballeros vuelven a estar inactivos.	La loro forza: tutte le città sul tabellone. La tua difesa: tutti i cavalieri attivi. Poi tutti i cavalieri tornano inattivi.	A força deles: todas as cidades no tabuleiro. A sua defesa: todos os cavaleiros ativos. Depois, todos os cavaleiros voltam a ficar inativos.	Ich siła: wszystkie miasta na planszy. Twoja obrona: wszyscy aktywni rycerze. Potem wszyscy rycerze znów są nieaktywni.	Güçleri: tahtadaki tüm şehirler. Savunman: tüm aktif şövalyeler. Sonrasında tüm şövalyeler yeniden pasif olur.	Їхня сила: усі міста на полі. Ваш захист: усі активні лицарі. Після цього всі лицарі знову неактивні.	야만인의 힘: 보드 위 모든 도시. 방어력: 모든 활성 기사. 그 뒤 모든 기사는 다시 비활성이 됩니다.	蛮族の強さ：ボード上のすべての都市。守備力：起動中のすべての騎士。その後、騎士はみな停止状態に戻ります。	蛮族力量：地图上所有城市。你方防御：所有已激活的骑士。之后所有骑士都会恢复为未激活。
The strongest defender earns a point. If the barbarians win, whoever defended least loses a city (metropolises are safe).	Der stärkste Verteidiger bekommt einen Punkt. Siegen die Barbaren, verliert, wer am wenigsten beigetragen hat, eine Stadt (Metropolen sind sicher).	Den stærkeste forsvarer får et point. Vinder barbarerne, mister den, der forsvarede mindst, en by (metropoler er sikre).	Den starkaste försvararen får en poäng. Vinner barbarerna förlorar den som försvarade minst en stad (metropoler är säkra).	Den sterkeste forsvareren får et poeng. Vinner barbarene, mister den som forsvarte minst, en by (metropoler er trygge).	De sterkste verdediger krijgt een punt. Winnen de barbaren, dan verliest wie het minst verdedigde een stad (metropolen zijn veilig).	Le meilleur défenseur gagne un point. Si les barbares l'emportent, celui qui a le moins défendu perd une ville (les métropoles sont à l'abri).	El defensor más fuerte gana un punto. Si ganan los bárbaros, quien menos defendió pierde una ciudad (las metrópolis están a salvo).	Il difensore più forte guadagna un punto. Se vincono i barbari, chi ha difeso meno perde una città (le metropoli sono al sicuro).	O defensor mais forte ganha um ponto. Se os bárbaros vencerem, quem menos defendeu perde uma cidade (as metrópoles estão seguras).	Najsilniejszy obrońca zdobywa punkt. Gdy wygrają barbarzyńcy, kto bronił najmniej, traci miasto (metropolie są bezpieczne).	En güçlü savunucu bir puan kazanır. Barbarlar kazanırsa en az savunan bir şehrini kaybeder (metropoller güvendedir).	Найсильніший захисник отримує очко. Якщо варвари переможуть, той, хто захищав найменше, втрачає місто (мегаполіси в безпеці).	가장 강한 방어자는 1점을 얻습니다. 야만인이 이기면 가장 적게 방어한 사람이 도시를 잃습니다 (대도시는 안전합니다).	最も強く守った人は1点を得ます。蛮族が勝つと、最も守らなかった人が都市を失います（メトロポリスは安全です）。	最强的防守者得 1 分。如果蛮族获胜，防守贡献最少的人会失去一座城市（大都市不受影响）。
A coloured gate on the event die gives a card to players whose red die is low enough for their improvements. You may hold 4 cards.	Ein farbiges Tor auf dem Ereigniswürfel bringt eine Karte für alle, deren roter Würfel für ihren Ausbau niedrig genug ist. Du darfst 4 Karten halten.	En farvet port på begivenhedsterningen giver et kort til spillere, hvis røde terning er lav nok til deres forbedringer. Du må have 4 kort.	En färgad port på händelsetärningen ger ett kort till spelare vars röda tärning är tillräckligt låg för deras förbättringar. Du får ha 4 kort.	En farget port på hendelsesterningen gir et kort til spillere hvis røde terning er lav nok for forbedringene deres. Du kan ha 4 kort.	Een gekleurde poort op de gebeurtenisdobbelsteen geeft een kaart aan spelers wier rode dobbelsteen laag genoeg is voor hun stadsuitbreidingen. Je mag 4 kaarten houden.	Une porte colorée sur le dé d'événement donne une carte aux joueurs dont le dé rouge est assez bas pour leurs améliorations. Vous pouvez garder 4 cartes.	Una puerta de color en el dado de evento da una carta a quienes tengan un dado rojo lo bastante bajo para sus mejoras. Puedes tener 4 cartas.	Una porta colorata sul dado evento dà una carta ai giocatori il cui dado rosso è abbastanza basso per le loro migliorie. Puoi tenere 4 carte.	Uma porta colorida no dado de evento dá uma carta a quem tiver o dado vermelho baixo o suficiente para as suas melhorias. Pode ter 4 cartas.	Kolorowa brama na kości zdarzeń daje kartę graczom, u których czerwona kość jest dość niska jak na ich ulepszenia. Możesz mieć 4 karty.	Olay zarındaki renkli kapı, kırmızı zarı geliştirmeleri için yeterince düşük gelen oyunculara bir kart verir. 4 kart tutabilirsin.	Кольорова брама на кубику подій дає карту гравцям, чий червоний кубик достатньо малий для їхніх покращень. Можна мати 4 карти.	이벤트 주사위에 색깔 성문이 나오면, 빨간 주사위 눈이 자신의 발전 단계에 충분히 낮은 플레이어가 카드를 받습니다. 카드는 4장까지 가질 수 있습니다.	イベントサイコロで色付きの門が出ると、赤サイコロの目が発展段階に対して十分小さいプレイヤーがカードを得ます。持てるのは4枚までです。	事件骰掷出彩色的门时，红骰点数不大于自己升级所需点数的玩家会获得一张卡。最多可持有 4 张。
Alchemist	Alchemie	Alkymist	Alkemist	Alkymist	Alchemist	Alchimiste	Alquimista	Alchimista	Alquimista	Alchemik	Simyacı	Алхімік	연금술사	錬金術師	炼金术士
Inventor	Erfindung	Opfinder	Uppfinnare	Oppfinner	Uitvinder	Inventeur	Inventor	Inventore	Inventor	Wynalazca	Mucit	Винахідник	발명가	発明家	发明家
Crane	Baukran	Kran	Kran	Kran	Kraan	Grue	Grúa	Gru	Grua	Dźwig	Vinç	Кран	기중기	クレーン	起重机
Engineer	Ingenieurwesen	Ingeniør	Ingenjör	Ingeniør	Ingenieur	Ingénieur	Ingeniero	Ingegnere	Engenheiro	Inżynier	Mühendis	Інженер	기술자	技術者	工程师
Smith	Schmiedekunst	Smed	Smed	Smed	Smid	Forgeron	Herrero	Fabbro	Ferreiro	Kowal	Demirci	Коваль	대장장이	鍛冶屋	铁匠
Master Merchant	Abgaben	Mesterkøbmand	Mästerköpman	Mesterkjøpmann	Meesterkoopman	Maître marchand	Maestro mercader	Mercante esperto	Mestre mercador	Mistrz kupiecki	Usta tüccar	Майстер-купець	대상인	豪商	大商人
Bishop	Steuern	Biskop	Biskop	Biskop	Bisschop	Évêque	Obispo	Vescovo	Bispo	Biskup	Piskopos	Єпископ	주교	司教	主教
Deserter	Verrat	Desertør	Desertör	Desertør	Deserteur	Déserteur	Desertor	Disertore	Desertor	Dezerter	Asker kaçağı	Дезертир	탈영병	脱走兵	逃兵
Diplomat	Diplomatie	Diplomat	Diplomat	Diplomat	Diplomaat	Diplomate	Diplomático	Diplomatico	Diplomata	Dyplomata	Diplomat	Дипломат	외교관	外交官	外交官
Saboteur	Sabotage	Sabotør	Sabotör	Sabotør	Saboteur	Saboteur	Saboteador	Sabotatore	Sabotador	Sabotażysta	Sabotajcı	Диверсант	파괴공작원	破壊工作員	破坏者
Spy	Spionage	Spion	Spion	Spion	Spion	Espion	Espía	Spia	Espião	Szpieg	Casus	Шпигун	첩자	スパイ	间谍
Warlord	Motivation	Krigsherre	Krigsherre	Krigsherre	Krijgsheer	Seigneur de guerre	Señor de la guerra	Signore della guerra	Senhor da guerra	Watażka	Savaş beyi	Воєначальник	군벌	将軍	军阀
Resource Monopoly	Rohstoff-Monopol	Råvaremonopol	Råvarumonopol	Råvaremonopol	Grondstoffenmonopolie	Monopole des ressources	Monopolio de recursos	Monopolio delle risorse	Monopólio de recursos	Monopol na surowiec	Kaynak tekeli	Монополія на ресурс	자원 독점	資源独占	资源垄断
Trade Monopoly	Handelswaren-Monopol	Handelsmonopol	Handelsmonopol	Handelsmonopol	Handelsmonopolie	Monopole commercial	Monopolio comercial	Monopolio commerciale	Monopólio comercial	Monopol handlowy	Ticaret tekeli	Торгова монополія	무역 독점	交易独占	贸易垄断
Coin	Münzen	Mønt	Mynt	Mynt	Munt	Pièce	Moneda	Moneta	Moeda	Moneta	Sikke	Монета	동전	硬貨	钱币
Engineer: tap a city to wall in for free.	Ingenieurwesen: Tippe auf eine Stadt für eine kostenlose Stadtmauer.	Ingeniør: tryk på en by for en gratis mur.	Ingenjör: tryck på en stad för en gratis mur.	Ingeniør: trykk på en by for en gratis mur.	Ingenieur: tik op een stad voor een gratis muur.	Ingénieur : touchez une ville pour un rempart gratuit.	Ingeniero: toca una ciudad para darle una muralla gratis.	Ingegnere: tocca una città per mura gratuite.	Engenheiro: toque numa cidade para uma muralha grátis.	Inżynier: dotknij miasta, by dostało darmowe mury.	Mühendis: ücretsiz sur için bir şehre dokun.	Інженер: торкніться міста для безкоштовної стіни.	기술자: 무료로 성벽을 두를 도시를 누르세요.	技術者：無料で城壁を築く都市をタップしてください。	工程师：点击一座城市免费修城墙。
Inventor: tap two number tiles to swap.	Erfindung: Tippe auf zwei Zahlenfelder zum Tauschen.	Opfinder: tryk på to talfelter, der skal byttes.	Uppfinnare: tryck på två sifferrutor att byta.	Oppfinner: trykk på to tallruter som skal byttes.	Uitvinder: tik op twee getaltegels om te ruilen.	Inventeur : touchez deux tuiles numérotées à échanger.	Inventor: toca dos casillas numeradas para intercambiarlas.	Inventore: tocca due esagoni numerati da scambiare.	Inventor: toque em dois hexágonos numerados para trocar.	Wynalazca: dotknij dwóch pól z liczbami do zamiany.	Mucit: yer değiştirecek iki sayılı alana dokun.	Винахідник: торкніться двох клітинок із числами для обміну.	발명가: 바꿀 숫자 타일 두 개를 누르세요.	発明家：入れ替える数字タイルを2つタップしてください。	发明家：点击两个要交换的数字地块。
Diplomat: tap an open road to remove.	Diplomatie: Tippe auf eine offene Straße zum Entfernen.	Diplomat: tryk på en åben vej, der skal fjernes.	Diplomat: tryck på en öppen väg att ta bort.	Diplomat: trykk på en åpen vei som skal fjernes.	Diplomaat: tik op een open straat om te verwijderen.	Diplomate : touchez une route ouverte à retirer.	Diplomático: toca una carretera abierta para quitarla.	Diplomatico: tocca una strada aperta da rimuovere.	Diplomata: toque numa estrada aberta para a remover.	Dyplomata: dotknij otwartej drogi do usunięcia.	Diplomat: kaldırılacak açık bir yola dokun.	Дипломат: торкніться відкритої дороги, щоб прибрати її.	외교관: 제거할 열린 도로를 누르세요.	外交官：取り除く開いた街道をタップしてください。	外交官：点击一条要移除的开放道路。
Move the robber (Bishop).	Versetze den Räuber (Steuern).	Flyt røveren (Biskop).	Flytta rövaren (Biskop).	Flytt røveren (Biskop).	Verplaats de rover (Bisschop).	Déplacez le voleur (Évêque).	Mueve al ladrón (Obispo).	Sposta il brigante (Vescovo).	Mova o ladrão (Bispo).	Przesuń złodzieja (Biskup).	Hayduta yer değiştir (Piskopos).	Перемістіть розбійника (Єпископ).	도적을 옮기세요 (주교).	盗賊を移動してください（司教）。	移动强盗（主教）。
Promote (free, Smith)	Aufwerten (kostenlos, Schmiedekunst)	Forfrem (gratis, Smed)	Befordra (gratis, Smed)	Forfrem (gratis, Smed)	Promoveren (gratis, Smid)	Promouvoir (gratuit, Forgeron)	Ascender (gratis, Herrero)	Promuovi (gratis, Fabbro)	Promover (grátis, Ferreiro)	Awansuj (za darmo, Kowal)	Terfi ettir (ücretsiz, Demirci)	Підвищити (безкоштовно, Коваль)	승급 (무료, 대장장이)	昇格（無料、鍛冶屋）	晋升（免费，铁匠）
Promote (1 wool, 1 ore)	Aufwerten (1 Wolle, 1 Erz)	Forfrem (1 uld, 1 malm)	Befordra (1 ull, 1 malm)	Forfrem (1 ull, 1 malm)	Promoveren (1 wol, 1 erts)	Promouvoir (1 laine, 1 minerai)	Ascender (1 lana, 1 mineral)	Promuovi (1 lana, 1 minerale)	Promover (1 lã, 1 minério)	Awansuj (1 wełna, 1 ruda)	Terfi ettir (1 yün, 1 maden)	Підвищити (1 вовна, 1 руда)	승급 (양모 1, 광석 1)	昇格（羊毛1、鉱石1）	晋升（1 羊毛，1 矿石）
Promote knight	Ritter aufwerten	Forfrem ridder	Befordra riddare	Forfrem ridder	Ridder promoveren	Promouvoir un chevalier	Ascender caballero	Promuovi cavaliere	Promover cavaleiro	Awansuj rycerza	Şövalyeyi terfi ettir	Підвищити лицаря	기사 승급	騎士を昇格	晋升骑士
Free promotions left: {n} (tap a knight).	Kostenlose Aufwertungen übrig: {n} (tippe auf einen Ritter).	Gratis forfremmelser tilbage: {n} (tryk på en ridder).	Gratis befordringar kvar: {n} (tryck på en riddare).	Gratis forfremmelser igjen: {n} (trykk på en ridder).	Gratis promoties over: {n} (tik op een ridder).	Promotions gratuites restantes : {n} (touchez un chevalier).	Ascensos gratis restantes: {n} (toca un caballero).	Promozioni gratuite rimaste: {n} (tocca un cavaliere).	Promoções grátis restantes: {n} (toque num cavaleiro).	Pozostałe darmowe awanse: {n} (dotknij rycerza).	Kalan ücretsiz terfi: {n} (bir şövalyeye dokun).	Безкоштовних підвищень лишилося: {n} (торкніться лицаря).	남은 무료 승급: {n} (기사를 누르세요).	残りの無料昇格：{n}（騎士をタップ）。	剩余免费晋升：{n}（点击一名骑士）。
{@p} promoted a knight ({#l}).	{@p} wertet einen Ritter auf ({#l}).	{@p} forfremmede en ridder ({#l}).	{@p} befordrade en riddare ({#l}).	{@p} forfremmet en ridder ({#l}).	{@p} promoveerde een ridder ({#l}).	{@p} a promu un chevalier ({#l}).	{@p} ha ascendido un caballero ({#l}).	{@p} ha promosso un cavaliere ({#l}).	{@p} promoveu um cavaleiro ({#l}).	{@p} awansował rycerza ({#l}).	{@p} bir şövalyeyi terfi ettirdi ({#l}).	{@p} підвищив лицаря ({#l}).	{@p}이(가) 기사를 승급했습니다 ({#l}).	{@p}が騎士を昇格させました（{#l}）。	{@p} 晋升了一名骑士（{#l}）。
A knight can only be promoted once per turn.	Ein Ritter kann nur einmal pro Zug aufgewertet werden.	En ridder kan kun forfremmes én gang per tur.	En riddare kan bara befordras en gång per tur.	En ridder kan bare forfremmes én gang per tur.	Een ridder kan maar één keer per beurt promoveren.	Un chevalier ne peut être promu qu'une fois par tour.	Un caballero solo puede ascender una vez por turno.	Un cavaliere può essere promosso solo una volta per turno.	Um cavaleiro só pode ser promovido uma vez por jogada.	Rycerza można awansować tylko raz na turę.	Bir şövalye her tur yalnızca bir kez terfi edebilir.	Лицаря можна підвищити лише раз за хід.	기사는 한 턴에 한 번만 승급할 수 있습니다.	騎士の昇格は1ターンに1回だけです。	每名骑士每回合只能晋升一次。
Mighty needs politics 3	Mächtig braucht die Festung (Politik 3)	Mægtig kræver politik 3	Mäktig kräver politik 3	Mektig krever politikk 3	Machtig vereist politiek 3	Puissant exige politique 3	Poderoso requiere política 3	Potente richiede politica 3	Poderoso exige política 3	Potężny wymaga polityki 3	Kudretli için siyaset 3 gerekir	Могутній потребує політики 3	최강 기사는 정치 3단계 필요	最強騎士には政治3が必要	无敌骑士需要政治 3 级
Only active knights fight. Promote them to make them stronger.	Nur aktive Ritter kämpfen. Werte sie auf, dann werden sie stärker.	Kun aktive riddere kæmper. Forfrem dem for at gøre dem stærkere.	Bara aktiva riddare strider. Befordra dem för att göra dem starkare.	Bare aktive riddere kjemper. Forfrem dem for å gjøre dem sterkere.	Alleen actieve ridders vechten. Promoveer ze om ze sterker te maken.	Seuls les chevaliers actifs combattent. Promouvez-les pour les renforcer.	Solo luchan los caballeros activos. Asciéndelos para hacerlos más fuertes.	Combattono solo i cavalieri attivi. Promuovili per renderli più forti.	Só os cavaleiros ativos combatem. Promova-os para os tornar mais fortes.	Walczą tylko aktywni rycerze. Awansuj ich, aby byli silniejsi.	Yalnızca aktif şövalyeler savaşır. Güçlendirmek için terfi ettir.	Б'ються лише активні лицарі. Підвищуйте їх, щоб зробити сильнішими.	활성 기사만 싸웁니다. 승급하면 더 강해집니다.	戦うのは起動中の騎士だけ。昇格させると強くなります。	只有已激活的骑士会参战。晋升能让它们更强。
Chase away the robber	Räuber vertreiben	Jag røveren væk	Jaga bort rövaren	Jag bort røveren	De rover wegjagen	Chasser le voleur	Ahuyentar al ladrón	Scaccia il brigante	Afugentar o ladrão	Przegoń złodzieja	Hayduta kovala	Прогнати розбійника	도적 쫓아내기	盗賊を追い払う	赶走强盗
{@p}'s knight chases the robber away.	Der Ritter von {@p} vertreibt den Räuber.	{@p}s ridder jager røveren væk.	{@p}s riddare jagar bort rövaren.	{@p}s ridder jager bort røveren.	De ridder van {@p} jaagt de rover weg.	Le chevalier de {@p} chasse le voleur.	El caballero de {@p} ahuyenta al ladrón.	Il cavaliere di {@p} scaccia il brigante.	O cavaleiro de {@p} afugenta o ladrão.	Rycerz gracza {@p} przegania złodzieja.	{@p} oyuncusunun şövalyesi hayduta kovalıyor.	Лицар гравця {@p} проганяє розбійника.	{@p}의 기사가 도적을 쫓아냅니다.	{@p}の騎士が盗賊を追い払います。	{@p} 的骑士赶走了强盗。
Commodities, city improvements, knights and barbarian raids. 13 points.	Handelswaren, Stadtausbauten, Ritter und Barbarenangriffe. 13 Punkte.	Varer, byforbedringer, riddere og barbarangreb. 13 point.	Varor, stadsförbättringar, riddare och barbarräder. 13 poäng.	Varer, byforbedringer, riddere og barbarangrep. 13 poeng.	Handelswaren, stadsuitbreidingen, ridders en barbaarse aanvallen. 13 punten.	Marchandises, améliorations de ville, chevaliers et raids barbares. 13 points.	Mercancías, mejoras de ciudad, caballeros e incursiones bárbaras. 13 puntos.	Merci, migliorie cittadine, cavalieri e incursioni barbare. 13 punti.	Mercadorias, melhorias de cidade, cavaleiros e ataques bárbaros. 13 pontos.	Towary, ulepszenia miast, rycerze i najazdy barbarzyńców. 13 punktów.	Mallar, şehir geliştirmeleri, şövalyeler ve barbar akınları. 13 puan.	Товари, покращення міст, лицарі та набіги варварів. 13 очок.	상품, 도시 발전, 기사와 야만인 습격. 13점.	商品、都市の発展、騎士、蛮族の襲撃。13点。	商品、城市升级、骑士和蛮族入侵。13 分。
Commodities, city improvements, knights and barbarian raids.	Handelswaren, Stadtausbauten, Ritter und Barbarenangriffe.	Varer, byforbedringer, riddere og barbarangreb.	Varor, stadsförbättringar, riddare och barbarräder.	Varer, byforbedringer, riddere og barbarangrep.	Handelswaren, stadsuitbreidingen, ridders en barbaarse aanvallen.	Marchandises, améliorations de villes, chevaliers et raids barbares.	Mercancías, mejoras de ciudad, caballeros e incursiones bárbaras.	Merci, migliorie delle città, cavalieri e incursioni barbare.	Mercadorias, melhorias de cidade, cavaleiros e ataques bárbaros.	Towary, ulepszenia miast, rycerze i najazdy barbarzyńców.	Ticari mallar, şehir geliştirmeleri, şövalyeler ve barbar akınları.	Товари, покращення міст, лицарі та напади варварів.	상품, 도시 발전, 기사, 야만인의 습격.	商品、都市の発展、騎士と蛮族の襲撃。	商品、城市改良、骑士与蛮族入侵。
Pick a commodity.	Wähle eine Handelsware.	Vælg en vare.	Välj en vara.	Velg en vare.	Kies een handelswaar.	Choisissez une marchandise.	Elige una mercancía.	Scegli una merce.	Escolha uma mercadoria.	Wybierz towar.	Bir mal seç.	Оберіть товар.	상품을 고르세요.	商品を選んでください。	选择一种商品。
Level 3: trade commodities 2:1 at the bank.	Stufe 3: Tausche Handelswaren 2:1 bei der Bank.	Niveau 3: byt varer 2:1 i banken.	Nivå 3: handla varor 2:1 med banken.	Nivå 3: bytt varer 2:1 i banken.	Niveau 3: ruil handelswaren 2:1 bij de bank.	Niveau 3 : échangez les marchandises 2 contre 1 à la banque.	Nivel 3: cambia mercancías 2:1 con el banco.	Livello 3: scambia le merci 2:1 con la banca.	Nível 3: troque mercadorias a 2:1 com o banco.	Poziom 3: handluj towarami 2:1 z bankiem.	3. seviye: ticari malları bankayla 2:1 takas et.	Рівень 3: обмінюйте товари з банком 2:1.	레벨 3: 은행에서 상품을 2:1로 교환합니다.	レベル3：銀行で商品を2:1で交換できます。	3 级：可在银行以 2:1 兑换商品。
Level 3: the aqueduct pays out a resource when you get nothing.	Stufe 3: Mit dem Aquädukt nimmst du dir einen beliebigen Rohstoff, wenn du leer ausgehst.	Niveau 3: akvadukten giver en råvare, når du ikke får noget.	Nivå 3: akvedukten ger en resurs när du inte får något.	Nivå 3: akvedukten gir en ressurs når du ikke får noe.	Niveau 3: het aquaduct geeft een grondstof als je niets krijgt.	Niveau 3 : l'aqueduc donne une ressource quand vous ne recevez rien.	Nivel 3: el acueducto da un recurso cuando no obtienes nada.	Livello 3: l'acquedotto dà una risorsa quando non ricevi nulla.	Nível 3: o aqueduto dá um recurso quando não recebe nada.	Poziom 3: akwedukt daje surowiec, gdy nic nie otrzymujesz.	3. seviye: hiçbir şey alamadığında su kemeri bir kaynak verir.	Рівень 3: акведук дає ресурс, коли ви нічого не отримали.	레벨 3: 아무것도 얻지 못하면 수도교가 자원을 줍니다.	レベル3：何も得られないとき、水道橋が資源を1つ出します。	3 级：你什么都没拿到时，引水渠会给你一份资源。
Improvements cost 1–5 commodities: cloth for trade, coin for politics, paper for science. Cities on forest, pasture and mountains yield a commodity instead of a second resource.	Ausbauten kosten 1–5 Handelswaren: Tuch für Handel, Münzen für Politik, Papier für Wissenschaft. Städte an Wald, Weideland und Gebirge liefern eine Handelsware und einen Rohstoff.	Forbedringer koster 1–5 varer: stof til handel, mønter til politik, papir til videnskab. Byer ved skov, græsgang og bjerge giver en vare i stedet for en ekstra råvare.	Förbättringar kostar 1–5 varor: tyg för handel, mynt för politik, papper för vetenskap. Städer vid skog, betesmark och berg ger en vara istället för en andra råvara.	Forbedringer koster 1–5 varer: stoff for handel, mynter for politikk, papir for vitenskap. Byer ved skog, beite og fjell gir en vare i stedet for en ekstra råvare.	Uitbreidingen kosten 1–5 handelswaren: stof voor handel, munten voor politiek, papier voor wetenschap. Steden aan bos, weide en gebergte leveren een handelswaar in plaats van een tweede grondstof.	Les améliorations coûtent 1 à 5 marchandises : tissu pour le commerce, pièces pour la politique, papier pour la science. Les villes près des forêts, pâturages et montagnes produisent une marchandise au lieu d'une deuxième ressource.	Las mejoras cuestan de 1 a 5 mercancías: tela para comercio, monedas para política, papel para ciencia. Las ciudades junto a bosque, pasto y montaña producen una mercancía en vez de un segundo recurso.	Le migliorie costano da 1 a 5 merci: stoffa per il commercio, monete per la politica, carta per la scienza. Le città vicino a foreste, pascoli e montagne producono una merce invece di una seconda risorsa.	As melhorias custam 1 a 5 mercadorias: tecido para comércio, moedas para política, papel para ciência. Cidades junto a floresta, pasto e montanha produzem uma mercadoria em vez de um segundo recurso.	Ulepszenia kosztują 1–5 towarów: sukno na handel, monety na politykę, papier na naukę. Miasta przy lesie, pastwisku i górach dają towar zamiast drugiego surowca.	Geliştirmeler 1–5 mal tutar: ticaret için kumaş, siyaset için sikke, bilim için kâğıt. Orman, mera ve dağ yanındaki şehirler ikinci kaynak yerine bir mal üretir.	Покращення коштують 1–5 товарів: тканина для торгівлі, монети для політики, папір для науки. Міста біля лісу, пасовища й гір дають товар замість другого ресурсу.	발전에는 상품 1~5개가 듭니다: 무역은 직물, 정치는 동전, 과학은 종이. 숲, 목초지, 산 옆의 도시는 두 번째 자원 대신 상품을 생산합니다.	発展には商品が1〜5個必要です：交易は布、政治は硬貨、科学は紙。森・牧草地・山に接する都市は、2つ目の資源の代わりに商品を生産します。	升级需要 1–5 个商品：贸易用布料，政治用钱币，科学用纸张。位于森林、牧场和山脉旁的城市会产出商品而不是第二份资源。
Everything from Classic, plus commodities, knights and barbarians. 13 points win.	Alles vom klassischen Spiel, dazu Handelswaren, Ritter und Barbaren. Sieg mit 13 Punkten.	Alt fra Klassisk plus varer, riddere og barbarer. Først til 13 point vinder.	Allt från Klassisk, plus varor, riddare och barbarer. Först till 13 poäng vinner.	Alt fra Klassisk, pluss varer, riddere og barbarer. Først til 13 poeng vinner.	Alles uit het klassieke spel, plus handelswaren, ridders en barbaren. Winnen doe je met 13 punten.	Tout le jeu Classique, plus marchandises, chevaliers et barbares. Victoire à 13 points.	Todo lo del Clásico, más mercancías, caballeros y bárbaros. Se gana con 13 puntos.	Tutto il Classico, più merci, cavalieri e barbari. Si vince a 13 punti.	Tudo do Clássico, mais mercadorias, cavaleiros e bárbaros. Vence-se com 13 pontos.	Wszystko z wersji klasycznej plus towary, rycerze i barbarzyńcy. Do wygranej potrzeba 13 punktów.	Klasik'teki her şey, artı ticari mallar, şövalyeler ve barbarlar. 13 puanla kazanılır.	Усе з «Класики», а ще товари, лицарі й варвари. Для перемоги — 13 очок.	클래식의 모든 것에 상품, 기사, 야만인이 더해집니다. 13점이면 승리.	クラシックのすべてに、商品、騎士、蛮族が加わります。13点で勝利。	在经典玩法的基础上，加入商品、骑士和蛮族。13 分获胜。
Cities make commodities.	Städte liefern Handelswaren.	Byer giver varer.	Städer ger varor.	Byer gir varer.	Steden leveren handelswaren op.	Les villes produisent des marchandises.	Las ciudades producen mercancías.	Le città producono merci.	As cidades produzem mercadorias.	Miasta dają towary.	Şehirler ticari mal üretir.	Міста виробляють товари.	도시는 상품을 생산합니다.	都市は商品を生みます。	城市产出商品。
Commodities buy city improvements.	Mit Handelswaren baust du deine Städte aus.	Med varer køber du byforbedringer.	Med varor köper du stadsförbättringar.	Med varer kjøper du byforbedringer.	Met handelswaren koop je stadsuitbreidingen.	Les marchandises paient les améliorations de ville.	Las mercancías compran mejoras de ciudad.	Le merci comprano le migliorie cittadine.	As mercadorias compram melhorias de cidade.	Za towary kupujesz ulepszenia miast.	Şehir geliştirmeleri ticari mallarla alınır.	За товари купують покращення міст.	상품으로 도시를 발전시킵니다.	商品で都市を発展させます。	用商品购买城市升级。
Science: take a resource when you get nothing. Trade: 2:1 for commodities. Politics: stronger knights.	Wissenschaft: ein Rohstoff, wenn du leer ausgehst. Handel: Handelswaren 2:1. Politik: Mächtige Ritter.	Videnskab: få en råvare, når du ikke får noget. Handel: varer 2:1. Politik: stærkere riddere.	Vetenskap: ta en råvara när du inte får något. Handel: varor 2:1. Politik: starkare riddare.	Vitenskap: få en råvare når du ikke får noe. Handel: varer 2:1. Politikk: sterkere riddere.	Wetenschap: een grondstof als je niets krijgt. Handel: handelswaren 2:1. Politiek: sterkere ridders.	Science : une ressource quand vous ne recevez rien. Commerce : marchandises à 2:1. Politique : chevaliers plus forts.	Ciencia: un recurso cuando no recibes nada. Comercio: mercancías 2:1. Política: caballeros más fuertes.	Scienza: una risorsa quando non ricevi nulla. Commercio: merci 2:1. Politica: cavalieri più forti.	Ciência: tire um recurso quando não recebe nada. Comércio: mercadorias a 2:1. Política: cavaleiros mais fortes.	Nauka: weź surowiec, gdy nic nie dostajesz. Handel: towary 2:1. Polityka: silniejsi rycerze.	Bilim: hiçbir şey alamadığında bir kaynak al. Ticaret: mallarda 2:1 takas. Siyaset: daha güçlü şövalyeler.	Наука: ресурс, коли нічого не отримали. Торгівля: товари 2:1. Політика: сильніші лицарі.	과학: 아무것도 못 받으면 자원 하나. 무역: 상품을 2:1로 교환. 정치: 더 강한 기사.	科学：何も得られないとき資源を1つ得る。交易：商品を2:1で交換。政治：騎士が強くなる。	科学：一无所获时拿一份资源。贸易：商品 2:1 交易。政治：骑士更强。
Choose both production dice before you roll.	Spiele diese Karte vor deinem Würfelwurf und bestimme das Ergebnis beider Augenwürfel. Würfle danach wie üblich den Ereigniswürfel und führe zuerst das Ereignis aus.	Vælg begge produktionsterninger, før du slår.	Välj båda produktionstärningarna innan du slår.	Velg begge produksjonsterningene før du kaster.	Kies beide opbrengstdobbelstenen voordat je gooit.	Choisissez les deux dés de production avant de lancer.	Elige los dos dados de producción antes de tirar.	Scegli entrambi i dadi di produzione prima di tirare.	Escolha os dois dados de produção antes de lançar.	Wybierz obie kości produkcji przed rzutem.	Zar atmadan önce iki üretim zarını da seç.	Оберіть обидва кубики виробництва перед кидком.	굴리기 전에 생산 주사위 두 개의 눈을 정합니다.	振る前に生産サイコロ2つの目を決めます。	掷骰前决定两颗生产骰子的点数。
Swap two number tokens (not 2, 6, 8 or 12).	Vertausche 2 Zahlenchips miteinander, niemals aber die Chips 2, 12, 6 und 8.	Byt to talbrikker (ikke 2, 6, 8 eller 12).	Byt två sifferbrickor (inte 2, 6, 8 eller 12).	Bytt to tallbrikker (ikke 2, 6, 8 eller 12).	Ruil twee getalfiches (niet 2, 6, 8 of 12).	Échangez deux jetons numérotés (sauf 2, 6, 8 ou 12).	Intercambia dos fichas numeradas (excepto 2, 6, 8 o 12).	Scambia due gettoni numerati (non 2, 6, 8 o 12).	Troque duas fichas numeradas (exceto 2, 6, 8 ou 12).	Zamień dwa żetony z liczbami (poza 2, 6, 8 i 12).	İki sayı pulunun yerini değiştir (2, 6, 8 veya 12 hariç).	Поміняйте місцями два жетони з числами (крім 2, 6, 8 і 12).	숫자 토큰 두 개를 바꿉니다 (2, 6, 8, 12 제외).	数字チップを2枚入れ替えます（2、6、8、12を除く）。	交换两个数字标记（2、6、8、12 除外）。
Your next city improvement this turn costs 1 less.	Ein Stadtausbau (Schule, Rathaus usw.) kostet dich in dieser Runde eine Handelsware weniger.	Din næste byforbedring i denne tur koster 1 mindre.	Din nästa stadsförbättring den här turen kostar 1 mindre.	Din neste byforbedring denne turen koster 1 mindre.	Je volgende stadsuitbreiding deze beurt kost 1 minder.	Votre prochaine amélioration de ville ce tour-ci coûte 1 de moins.	Tu próxima mejora de ciudad este turno cuesta 1 menos.	La tua prossima miglioria in questo turno costa 1 in meno.	A sua próxima melhoria de cidade nesta jogada custa menos 1.	Twoje następne ulepszenie miasta w tej turze kosztuje o 1 mniej.	Bu turdaki bir sonraki şehir geliştirmen 1 eksik tutar.	Ваше наступне покращення міста цього ходу коштує на 1 менше.	이번 턴의 다음 도시 발전 비용이 1 줄어듭니다.	このターンの次の都市の発展が1少なくなります。	本回合你下一次城市升级少花 1 个。
Build a city wall for free.	Baue sofort kostenlos 1 Stadtmauer für eine deiner Städte.	Byg en bymur gratis.	Bygg en stadsmur gratis.	Bygg en bymur gratis.	Bouw gratis een stadsmuur.	Construisez un rempart gratuitement.	Construye una muralla gratis.	Costruisci delle mura gratis.	Construa uma muralha grátis.	Zbuduj mury miejskie za darmo.	Ücretsiz bir şehir suru yap.	Збудуйте міську стіну безкоштовно.	성벽 하나를 무료로 짓습니다.	城壁を無料で築きます。	免费修一座城墙。
Take 2 grain for each field next to your buildings.	Nimm dir für jedes Ackerland, an dem du mindestens eine Siedlung oder Stadt besitzt, 2 Rohstoffkarten Getreide.	Tag 2 korn for hver mark ved dine bygninger.	Ta 2 säd för varje åker vid dina byggnader.	Ta 2 korn for hver åker ved bygningene dine.	Neem 2 graan voor elk akkerland naast je gebouwen.	Prenez 2 blés par champ à côté de vos bâtiments.	Toma 2 cereales por cada campo junto a tus edificios.	Prendi 2 grano per ogni campo vicino ai tuoi edifici.	Tire 2 cereais por cada campo junto aos seus edifícios.	Weź 2 zboża za każde pole uprawne przy twoich budynkach.	Binalarının yanındaki her tarla için 2 tahıl al.	Візьміть 2 зерна за кожне поле біля ваших будівель.	내 건물 옆 밭마다 곡물 2장을 받습니다.	自分の建物に接する畑1つにつき小麦2枚を得ます。	你建筑旁的每块农田给你 2 张粮食。
Upgrade a settlement to a city for 2 ore and 1 grain.	Für 2 Erz und 1 Getreide wandelst du eine deiner Siedlungen in eine Stadt um.	Opgrader en bosættelse til by for 2 malm og 1 korn.	Uppgradera en bosättning till stad för 2 malm och 1 säd.	Oppgrader en bosetning til by for 2 malm og 1 korn.	Breid een dorp uit tot stad voor 2 erts en 1 graan.	Transformez une colonie en ville pour 2 minerais et 1 blé.	Convierte un poblado en ciudad por 2 minerales y 1 cereal.	Trasforma un insediamento in città per 2 minerali e 1 grano.	Transforme uma aldeia em cidade por 2 minérios e 1 cereal.	Ulepsz osadę do miasta za 2 rudy i 1 zboże.	2 maden ve 1 tahıl karşılığında bir köyü şehre yükselt.	Перетворіть поселення на місто за 2 руди й 1 зерно.	광석 2, 곡물 1로 정착지를 도시로 업그레이드합니다.	鉱石2と小麦1で開拓地を都市にします。	用 2 矿石和 1 粮食把村庄升级为城市。
Take 2 ore for each mountain next to your buildings.	Nimm dir für jedes Gebirgsfeld, an dem du mindestens eine Siedlung oder Stadt besitzt, 2 Rohstoffkarten Erz.	Tag 2 malm for hvert bjerg ved dine bygninger.	Ta 2 malm för varje berg vid dina byggnader.	Ta 2 malm for hvert fjell ved bygningene dine.	Neem 2 erts voor elk gebergte naast je gebouwen.	Prenez 2 minerais par montagne à côté de vos bâtiments.	Toma 2 minerales por cada montaña junto a tus edificios.	Prendi 2 minerali per ogni montagna vicino ai tuoi edifici.	Tire 2 minérios por cada montanha junto aos seus edifícios.	Weź 2 rudy za każde góry przy twoich budynkach.	Binalarının yanındaki her dağ için 2 maden al.	Візьміть 2 руди за кожні гори біля ваших будівель.	내 건물 옆 산마다 광석 2장을 받습니다.	自分の建物に接する山1つにつき鉱石2枚を得ます。	你建筑旁的每座山脉给你 2 张矿石。
Promote 2 knights for free.	Du darfst 2 deiner Ritter kostenlos um je eine Stufe aufwerten (Bedingung für 3. Stufe beachten). Mächtige Ritter können nicht weiter aufgewertet werden.	Forfrem 2 riddere gratis.	Befordra 2 riddare gratis.	Forfrem 2 riddere gratis.	Promoveer 2 ridders gratis.	Promouvez 2 chevaliers gratuitement.	Asciende 2 caballeros gratis.	Promuovi 2 cavalieri gratis.	Promova 2 cavaleiros grátis.	Awansuj 2 rycerzy za darmo.	2 şövalyeyi ücretsiz terfi ettir.	Підвищте 2 лицарів безкоштовно.	기사 2명을 무료로 승급합니다.	騎士2人を無料で昇格させます。	免费晋升 2 名骑士。
Look at the hand of a player with more points and take 2 cards.	Wähle eine andere Person aus, die mehr Siegpunkte als du besitzt. Suche dir aus ihren Handkarten 2 aus (Rohstoffe und/oder Handelswaren), die du behalten darfst.	Se hånden hos en spiller med flere point, og tag 2 kort.	Titta på handen hos en spelare med fler poäng och ta 2 kort.	Se hånden til en spiller med flere poeng og ta 2 kort.	Bekijk de hand van een speler met meer punten en neem 2 kaarten.	Regardez la main d'un joueur qui a plus de points et prenez 2 cartes.	Mira la mano de un jugador con más puntos y toma 2 cartas.	Guarda la mano di un giocatore con più punti e prendi 2 carte.	Veja a mão de um jogador com mais pontos e tire 2 cartas.	Obejrzyj rękę gracza z większą liczbą punktów i weź 2 karty.	Senden fazla puanı olan bir oyuncunun eline bak ve 2 kart al.	Перегляньте руку гравця з більшою кількістю очок і візьміть 2 карти.	점수가 더 많은 플레이어의 손패를 보고 카드 2장을 가져옵니다.	自分より点数が多いプレイヤーの手札を見て、2枚取ります。	查看一位分数比你高的玩家的手牌，并拿走 2 张。
Place the merchant next to your building: trade that resource 2:1 and hold 1 point.	Stelle den Händler auf ein Landschaftsfeld neben eine deiner Siedlungen oder Städte. Du darfst Rohstoffe dieses Landschaftsfelds 2:1 tauschen, solange er dort steht. Der Händler zählt 1 Siegpunkt, solange er bei dir steht.	Placér købmanden ved din bygning: byt den råvare 2:1 og hold 1 point.	Placera köpmannen vid din byggnad: byt den råvaran 2:1 och håll 1 poäng.	Plasser kjøpmannen ved bygningen din: bytt den råvaren 2:1 og hold 1 poeng.	Zet de koopman naast je gebouw: ruil die grondstof 2:1 en houd 1 punt.	Placez le marchand près de votre bâtiment : échangez cette ressource à 2:1 et gagnez 1 point.	Coloca al mercader junto a tu edificio: cambia ese recurso 2:1 y consigue 1 punto.	Piazza il mercante vicino al tuo edificio: scambia quella risorsa 2:1 e tieni 1 punto.	Coloque o mercador junto ao seu edifício: troque esse recurso a 2:1 e fique com 1 ponto.	Postaw kupca przy swoim budynku: wymieniaj ten surowiec 2:1 i zdobądź 1 punkt.	Tüccarı binanın yanına koy: o kaynağı 2:1 takas et ve 1 puan tut.	Поставте купця біля своєї будівлі: обмінюйте цей ресурс 2:1 і тримайте 1 очко.	내 건물 옆에 상인을 둡니다: 그 자원을 2:1로 교환하고 1점을 얻습니다.	自分の建物の隣に商人を置きます：その資源を2:1で交換でき、1点を持ちます。	把商人放在你的建筑旁：该资源可以 2:1 交易，并获得 1 分。
Trade one card type of your choice 2:1 this turn.	Bis zum Ende deines Zuges darfst du 1 Rohstoffsorte oder 1 Handelsware deiner Wahl beliebig oft im Verhältnis 2:1 tauschen.	Byt én korttype efter eget valg 2:1 i denne tur.	Byt valfri korttyp 2:1 den här turen.	Bytt én valgfri korttype 2:1 denne turen.	Ruil deze beurt één kaarttype naar keuze 2:1.	Échangez un type de carte au choix à 2:1 ce tour-ci.	Cambia un tipo de carta a tu elección 2:1 este turno.	Scambia 2:1 un tipo di carta a scelta in questo turno.	Troque um tipo de carta à escolha a 2:1 nesta jogada.	W tej turze wymieniaj wybrany rodzaj kart 2:1.	Bu tur seçtiğin bir kart türünü 2:1 takas et.	Цього ходу обмінюйте обраний тип карт 2:1.	이번 턴에 원하는 카드 종류 하나를 2:1로 교환합니다.	このターン、好きな種類のカードを2:1で交換します。	本回合任选一种卡以 2:1 交易。
Each opponent gives you up to 2 of a resource.	Bestimme eine Rohstoffsorte. Alle anderen müssen dir 2 Karten dieses Rohstoffs geben, wenn sie diese besitzen.	Hver modstander giver dig op til 2 af en råvare.	Varje motståndare ger dig upp till 2 av en råvara.	Hver motstander gir deg opptil 2 av en råvare.	Elke tegenstander geeft je maximaal 2 van een grondstof.	Chaque adversaire vous donne jusqu'à 2 d'une ressource.	Cada rival te da hasta 2 de un recurso.	Ogni avversario ti dà fino a 2 di una risorsa.	Cada adversário dá-lhe até 2 de um recurso.	Każdy przeciwnik daje ci do 2 sztuk surowca.	Her rakip sana bir kaynaktan en fazla 2 verir.	Кожен суперник дає вам до 2 одиниць ресурсу.	상대마다 자원 하나를 최대 2장 줍니다.	各相手が、ある資源を最大2枚渡します。	每位对手给你某种资源最多 2 张。
Each opponent gives you 1 of a commodity.	Bestimme eine Handelsware. Alle anderen müssen dir 1 Karte dieser Handelsware geben, wenn sie eine besitzen.	Hver modstander giver dig 1 af en vare.	Varje motståndare ger dig 1 av en vara.	Hver motstander gir deg 1 av en vare.	Elke tegenstander geeft je 1 van een handelswaar.	Chaque adversaire vous donne 1 d'une marchandise.	Cada rival te da 1 de una mercancía.	Ogni avversario ti dà 1 di una merce.	Cada adversário dá-lhe 1 de uma mercadoria.	Każdy przeciwnik daje ci 1 sztukę towaru.	Her rakip sana bir maldan 1 verir.	Кожен суперник дає вам 1 одиницю товару.	상대마다 상품 하나를 1장 줍니다.	各相手が、ある商品を1枚渡します。	每位对手给你某种商品 1 张。
Move the robber and steal 1 card from each player at that tile.	Versetze den Räuber. Ziehe von jeder Person, die mindestens 1 Siedlung/Stadt an dem neuen Räuberfeld besitzt, 1 Handkarte (Rohstoff/Handelsware).	Flyt røveren og stjæl 1 kort fra hver spiller ved det felt.	Flytta rövaren och stjäl 1 kort från varje spelare vid den rutan.	Flytt røveren og stjel 1 kort fra hver spiller ved den ruten.	Verplaats de rover en steel 1 kaart van elke speler bij die tegel.	Déplacez le voleur et volez 1 carte à chaque joueur présent sur cette tuile.	Mueve al ladrón y roba 1 carta a cada jugador de esa casilla.	Sposta il brigante e ruba 1 carta a ogni giocatore su quell'esagono.	Mova o ladrão e roube 1 carta a cada jogador desse hexágono.	Przesuń złodzieja i ukradnij po 1 karcie każdemu graczowi przy tym polu.	Hayduta yer değiştir ve o alandaki her oyuncudan 1 kart çal.	Перемістіть розбійника й вкрадіть по 1 карті в кожного гравця біля цієї клітинки.	도적을 옮기고 그 타일의 모든 플레이어에게서 카드 1장씩 훔칩니다.	盗賊を移動し、そのタイルのプレイヤー全員から1枚ずつ奪います。	移动强盗，并从该地块上的每位玩家那里各偷 1 张卡。
Remove an open road. If it is yours, rebuild it for free.	Du darfst eine beliebige offene Straße (ohne Abschluss durch gleichfarbige Straße oder Figur) entfernen. Wenn du eine eigene Straße entfernst, darfst du diese sofort wieder einsetzen.	Fjern en åben vej. Er den din, genopbygger du den gratis.	Ta bort en öppen väg. Är den din bygger du den igen gratis.	Fjern en åpen vei. Er den din, bygger du den på nytt gratis.	Verwijder een open straat. Is die van jou, dan bouw je hem gratis opnieuw.	Retirez une route ouverte. Si elle est à vous, reconstruisez-la gratuitement.	Quita una carretera abierta. Si es tuya, la reconstruyes gratis.	Rimuovi una strada aperta. Se è tua, la ricostruisci gratis.	Remova uma estrada aberta. Se for sua, reconstrói-a grátis.	Usuń otwartą drogę. Jeśli jest twoja, odbudujesz ją za darmo.	Açık bir yolu kaldır. Seninse ücretsiz olarak yeniden yaparsın.	Приберіть відкриту дорогу. Якщо вона ваша, відбудуйте її безкоштовно.	열린 도로 하나를 제거합니다. 내 도로라면 무료로 다시 짓습니다.	開いた街道を1本取り除きます。自分のものなら無料で建て直します。	移除一条开放道路。如果是你的，可以免费重建。
Displace an opposing knight standing on one of your roads.	Du darfst einen beliebigen Ritter einer anderen Person von einer Kreuzung vertreiben. Du musst aber mit einer eigenen Straße bzw. Schiffslinie diese Kreuzung erreichen.	Fordriv en modstanders ridder, der står ved en af dine veje.	Kör bort en motståndares riddare som står vid en av dina vägar.	Jag bort en motstanders ridder som står ved en av veiene dine.	Verdrijf een ridder van een tegenstander die aan een van je straten staat.	Chassez un chevalier adverse posté sur une de vos routes.	Expulsa a un caballero rival situado en una de tus carreteras.	Scaccia un cavaliere avversario che si trova su una delle tue strade.	Expulse um cavaleiro adversário que esteja numa das suas estradas.	Wypędź rycerza przeciwnika stojącego na jednej z twoich dróg.	Yollarından birinde duran bir rakip şövalyeyi yerinden et.	Витісніть лицаря суперника, що стоїть на одній із ваших доріг.	내 도로 위에 있는 상대 기사를 쫓아냅니다.	自分の街道上にいる相手の騎士を追い出します。	赶走站在你道路上的一名对手骑士。
Players with as many points as you or more discard half their cards.	Alle Personen, die gleich viele oder mehr Siegpunkte als du besitzen, verlieren sofort die Hälfte ihrer Handkarten (Rohstoffe und Handelswaren).	Spillere med lige så mange point som dig eller flere smider halvdelen af deres kort.	Spelare med lika många poäng som du eller fler slänger hälften av sina kort.	Spillere med like mange poeng som deg eller flere kaster halvparten av kortene sine.	Spelers met evenveel of meer punten dan jij leggen de helft van hun kaarten af.	Les joueurs qui ont au moins autant de points que vous défaussent la moitié de leurs cartes.	Los jugadores con tantos puntos como tú o más descartan la mitad de sus cartas.	I giocatori con almeno i tuoi punti scartano metà delle loro carte.	Os jogadores com tantos ou mais pontos do que você descartam metade das cartas.	Gracze z co najmniej taką liczbą punktów jak ty odrzucają połowę kart.	Senin kadar veya daha fazla puanı olan oyuncular kartlarının yarısını atar.	Гравці з такою ж або більшою кількістю очок, ніж у вас, скидають половину карт.	나와 점수가 같거나 많은 플레이어는 카드의 절반을 버립니다.	あなた以上の点数のプレイヤーは手札の半分を捨てます。	分数不低于你的玩家弃掉一半手牌。
Look at an opponent's progress cards and take one.	Sieh dir die Fortschrittskarten einer beliebigen Person an und nimm dir 1 davon.	Se en modstanders fremskridtskort og tag et.	Titta på en motståndares framstegskort och ta ett.	Se en motstanders fremskrittskort og ta ett.	Bekijk de vooruitgangskaarten van een tegenstander en neem er een.	Regardez les cartes progrès d'un adversaire et prenez-en une.	Mira las cartas de progreso de un rival y toma una.	Guarda le carte progresso di un avversario e prendine una.	Veja as cartas de progresso de um adversário e tire uma.	Obejrzyj karty postępu przeciwnika i weź jedną.	Bir rakibin ilerleme kartlarına bak ve birini al.	Перегляньте карти прогресу суперника й візьміть одну.	상대의 발전 카드를 보고 한 장을 가져옵니다.	相手の進歩カードを見て1枚取ります。	查看一位对手的进步卡并拿走一张。
Activate all your knights for free.	Wenn du diese Karte ausspielst, aktivierst du sofort kostenlos alle eigenen Ritter.	Aktivér alle dine riddere gratis.	Aktivera alla dina riddare gratis.	Aktiver alle ridderne dine gratis.	Activeer al je ridders gratis.	Activez tous vos chevaliers gratuitement.	Activa todos tus caballeros gratis.	Attiva tutti i tuoi cavalieri gratis.	Ative todos os seus cavaleiros grátis.	Aktywuj wszystkich swoich rycerzy za darmo.	Tüm şövalyelerini ücretsiz etkinleştir.	Активуйте всіх своїх лицарів безкоштовно.	내 기사를 모두 무료로 활성화합니다.	自分の騎士をすべて無料で起動します。	免费激活你所有的骑士。
Each player with more points gives you 2 cards of their choice.	Jede andere Person, die mehr Siegpunkte als du besitzt, muss dir 2 Karten ihrer Wahl schenken (Rohstoffe und/oder Handelswaren).	Hver spiller med flere point giver dig 2 kort efter eget valg.	Varje spelare med fler poäng ger dig 2 valfria kort.	Hver spiller med flere poeng gir deg 2 kort de velger selv.	Elke speler met meer punten geeft je 2 kaarten naar eigen keuze.	Chaque joueur qui a plus de points vous donne 2 cartes de son choix.	Cada jugador con más puntos te da 2 cartas a su elección.	Ogni giocatore con più punti ti dà 2 carte a sua scelta.	Cada jogador com mais pontos dá-lhe 2 cartas à escolha dele.	Każdy gracz z większą liczbą punktów daje ci 2 wybrane przez siebie karty.	Senden fazla puanı olan her oyuncu sana seçtiği 2 kartı verir.	Кожен гравець із більшою кількістю очок дає вам 2 карти на свій вибір.	나보다 점수가 많은 플레이어는 각자 고른 카드 2장을 줍니다.	あなたより点数が多いプレイヤーは、それぞれ好きなカードを2枚渡します。	分数比你高的每位玩家各自选 2 张卡给你。
Worth 1 point. It is placed openly in front of you.	Lege diese Karte offen vor dir aus, sobald du sie erhältst. Sie zählt 1 Siegpunkt.	Giver 1 point. Lægges åbent foran dig.	Ger 1 poäng. Läggs öppet framför dig.	Gir 1 poeng. Legges åpent foran deg.	Is 1 punt waard. Wordt open voor je neergelegd.	Vaut 1 point. Se pose face visible devant vous.	Vale 1 punto. Se coloca boca arriba delante de ti.	Vale 1 punto. Si mette scoperta davanti a te.	Vale 1 ponto. Fica virada para cima à sua frente.	Daje 1 punkt. Kładziesz ją odkrytą przed sobą.	1 puan değerindedir. Önüne açık olarak konur.	Дає 1 очко. Її кладуть відкритою перед вами.	1점입니다. 앞면이 보이게 내 앞에 놓습니다.	1点の価値があります。表向きで自分の前に置きます。	价值 1 分。正面朝上放在你面前。
