Stone 1: {@p}. Stone 2: {@q}.	Stein 1: {@p}. Stein 2: {@q}.	Sten 1: {@p}. Sten 2: {@q}.	Sten 1: {@p}. Sten 2: {@q}.	Stein 1: {@p}. Stein 2: {@q}.	Steen 1: {@p}. Steen 2: {@q}.	Pierre 1 : {@p}. Pierre 2 : {@q}.	Piedra 1: {@p}. Piedra 2: {@q}.	Pietra 1: {@p}. Pietra 2: {@q}.	Pedra 1: {@p}. Pedra 2: {@q}.	Kamień 1: {@p}. Kamień 2: {@q}.	Taş 1: {@p}. Taş 2: {@q}.	Камінь 1: {@p}. Камінь 2: {@q}.	돌 1: {@p}. 돌 2: {@q}.	石1：{@p}。石2：{@q}。	石头1：{@p}。石头2：{@q}。
{@p} has stone 2: no dice, trade with the bank only.	{@p} hat Stein 2: kein Würfeln, nur Handel mit dem Vorrat.	{@p} har sten 2: ingen terninger, kun handel med banken.	{@p} har sten 2: inga tärningar, bara handel med banken.	{@p} har stein 2: ingen terninger, bare handel med banken.	{@p} heeft steen 2: niet dobbelen, alleen ruilen met de bank.	{@p} a la pierre 2 : pas de dés, échanges avec la banque uniquement.	{@p} tiene la piedra 2: sin dados, solo comercio con el banco.	{@p} ha la pietra 2: niente dadi, solo scambi con la banca.	{@p} tem a pedra 2: sem dados, só troca com o banco.	{@p} ma kamień 2: bez rzutu kośćmi, tylko handel z bankiem.	{@p} taş 2'ye sahip: zar yok, yalnızca bankayla takas.	{@p} має камінь 2: без кубиків, лише торгівля з банком.	{@p}님이 돌 2를 가졌습니다: 주사위 없이 은행과만 거래합니다.	{@p}は石2を持っています：サイコロなし、銀行とだけ取引できます。	{@p}持有石头2：不掷骰子，只能与银行交易。
With stone 2 you may only trade with the bank.	Mit Stein 2 darfst du nur mit dem Vorrat handeln.	Med sten 2 må du kun handle med banken.	Med sten 2 får du bara handla med banken.	Med stein 2 kan du bare handle med banken.	Met steen 2 mag je alleen met de bank ruilen.	Avec la pierre 2, vous ne pouvez échanger qu'avec la banque.	Con la piedra 2 solo puedes comerciar con el banco.	Con la pietra 2 puoi scambiare solo con la banca.	Com a pedra 2 só pode trocar com o banco.	Z kamieniem 2 możesz handlować tylko z bankiem.	Taş 2 ile yalnızca bankayla takas yapabilirsin.	З каменем 2 можна торгувати лише з банком.	돌 2로는 은행과만 거래할 수 있습니다.	石2では銀行とだけ取引できます。	持有石头2时只能与银行交易。
{@p} forgot to move the robber, so it goes back to the desert (house rule).	{@p} hat vergessen, den Räuber zu versetzen, daher kommt er zurück in die Wüste (Hausregel).	{@p} glemte at flytte røveren, så den går tilbage til ørkenen (husregel).	{@p} glömde flytta rövaren, så den går tillbaka till öknen (husregel).	{@p} glemte å flytte røveren, så den går tilbake til ørkenen (husregel).	{@p} vergat de rover te verplaatsen, dus hij gaat terug naar de woestijn (huisregel).	{@p} a oublié de déplacer le voleur, il retourne donc dans le désert (règle maison).	{@p} olvidó mover al ladrón, así que vuelve al desierto (regla de la casa).	{@p} ha dimenticato di spostare il brigante, quindi torna nel deserto (regola della casa).	{@p} esqueceu-se de mover o ladrão, por isso volta ao deserto (regra da casa).	{@p} zapomniał(a) przesunąć złodzieja, więc wraca on na pustynię (zasada domowa).	{@p} haydudu taşımayı unuttu, bu yüzden haydut çöle geri döner (ev kuralı).	{@p} забув(ла) перемістити розбійника, тож він повертається в пустелю (домашнє правило).	{@p}님이 도적을 옮기는 것을 잊어서 도적이 사막으로 돌아갑니다 (하우스 룰).	{@p}が盗賊を動かし忘れたため、盗賊は砂漠に戻ります（ハウスルール）。	{@p}忘了移动强盗，所以强盗回到沙漠（自定义规则）。
Your turn with stone 2.	Du bist dran mit Stein 2.	Din tur med sten 2.	Din tur med sten 2.	Din tur med stein 2.	Jouw beurt met steen 2.	À vous avec la pierre 2.	Tu turno con la piedra 2.	Il tuo turno con la pietra 2.	A sua vez com a pedra 2.	Twoja tura z kamieniem 2.	Taş 2 ile sıra sende.	Ваш хід з каменем 2.	돌 2로 내 차례입니다.	石2であなたの番です。	轮到你了，你持有石头2。
No dice. Trade with the bank only.	Kein Würfeln. Handle nur mit dem Vorrat.	Ingen terninger. Handl kun med banken.	Inga tärningar. Handla bara med banken.	Ingen terninger. Handle bare med banken.	Niet dobbelen. Ruil alleen met de bank.	Pas de dés. Échangez seulement avec la banque.	Sin dados. Comercia solo con el banco.	Niente dadi. Scambia solo con la banca.	Sem dados. Troque só com o banco.	Bez rzutu kośćmi. Handluj tylko z bankiem.	Zar yok. Yalnızca bankayla takas yap.	Без кубиків. Торгуйте лише з банком.	주사위는 굴리지 않습니다. 은행과만 거래하세요.	サイコロはありません。取引は銀行とだけです。	不掷骰子。只能与银行交易。
House rule: if you end your turn now, the robber goes back to the desert.	Hausregel: Beendest du jetzt deinen Zug, kommt der Räuber zurück in die Wüste.	Husregel: Afslutter du din tur nu, går røveren tilbage til ørkenen.	Husregel: Om du avslutar din tur nu går rövaren tillbaka till öknen.	Husregel: Avslutter du runden nå, går røveren tilbake til ørkenen.	Huisregel: als je nu je beurt beëindigt, gaat de rover terug naar de woestijn.	Règle maison : si vous terminez votre tour maintenant, le voleur retourne dans le désert.	Regla de la casa: si terminas tu turno ahora, el ladrón vuelve al desierto.	Regola della casa: se termini ora il turno, il brigante torna nel deserto.	Regra da casa: se terminar a sua vez agora, o ladrão volta ao deserto.	Zasada domowa: jeśli teraz zakończysz turę, złodziej wróci na pustynię.	Ev kuralı: şimdi turunu bitirirsen haydut çöle geri döner.	Домашнє правило: якщо завершите хід зараз, розбійник повернеться в пустелю.	하우스 룰: 지금 차례를 끝내면 도적이 사막으로 돌아갑니다.	ハウスルール：今ターンを終えると、盗賊は砂漠に戻ります。	自定义规则：现在结束回合的话，强盗会回到沙漠。
{name} has stone 2 and is taking their turn.	{name} hat Stein 2 und ist am Zug.	{name} har sten 2 og tager sin tur.	{name} har sten 2 och tar sin tur.	{name} har stein 2 og tar runden sin.	{name} heeft steen 2 en is aan de beurt.	{name} a la pierre 2 et joue son tour.	{name} tiene la piedra 2 y está jugando su turno.	{name} ha la pietra 2 e sta giocando il suo turno.	{name} tem a pedra 2 e está a jogar a sua vez.	{name} ma kamień 2 i wykonuje swoją turę.	{name} taş 2'ye sahip ve sırasını oynuyor.	{name} має камінь 2 і робить свій хід.	{name}님이 돌 2로 차례를 진행 중입니다.	{name}は石2を持ち、ターンを進めています。	{name}持有石头2，正在进行回合。
Stone 1: rolls the dice, trades with everybody, builds	Stein 1: würfelt, handelt mit allen, baut	Sten 1: slår terningerne, handler med alle, bygger	Sten 1: slår tärningarna, handlar med alla, bygger	Stein 1: kaster terningene, handler med alle, bygger	Steen 1: dobbelt, ruilt met iedereen, bouwt	Pierre 1 : lance les dés, échange avec tout le monde, construit	Piedra 1: tira los dados, comercia con todos, construye	Pietra 1: tira i dadi, scambia con tutti, costruisce	Pedra 1: lança os dados, troca com todos, constrói	Kamień 1: rzuca kośćmi, handluje ze wszystkimi, buduje	Taş 1: zar atar, herkesle takas yapar, inşa eder	Камінь 1: кидає кубики, торгує з усіма, будує	돌 1: 주사위를 굴리고, 모두와 거래하고, 건설합니다	石1：サイコロを振り、全員と取引し、建設します	石头1：掷骰子，可与所有人交易，可建造
Stone 2: no dice, trades with the bank only, builds	Stein 2: kein Würfeln, handelt nur mit dem Vorrat, baut	Sten 2: ingen terninger, handler kun med banken, bygger	Sten 2: inga tärningar, handlar bara med banken, bygger	Stein 2: ingen terninger, handler bare med banken, bygger	Steen 2: niet dobbelen, ruilt alleen met de bank, bouwt	Pierre 2 : pas de dés, échange seulement avec la banque, construit	Piedra 2: sin dados, comercia solo con el banco, construye	Pietra 2: niente dadi, scambia solo con la banca, costruisce	Pedra 2: sem dados, troca só com o banco, constrói	Kamień 2: bez rzutu kośćmi, handluje tylko z bankiem, buduje	Taş 2: zar yok, yalnızca bankayla takas yapar, inşa eder	Камінь 2: без кубиків, торгує лише з банком, будує	돌 2: 주사위 없이, 은행과만 거래하고, 건설합니다	石2：サイコロなし、銀行とだけ取引し、建設します	石头2：不掷骰子，只能与银行交易，可建造
You can play a development card before rolling.	Du kannst vor dem Würfeln eine Entwicklungskarte ausspielen.	Du kan spille et udviklingskort, før du slår.	Du kan spela ett utvecklingskort innan du slår.	Du kan spille et utviklingskort før du kaster.	Je kunt een ontwikkelingskaart spelen voordat je dobbelt.	Vous pouvez jouer une carte développement avant de lancer les dés.	Puedes jugar una carta de desarrollo antes de tirar.	Puoi giocare una carta sviluppo prima di tirare i dadi.	Pode jogar uma carta de desenvolvimento antes de lançar os dados.	Przed rzutem możesz zagrać kartę rozwoju.	Zar atmadan önce bir gelişim kartı oynayabilirsin.	Перед кидком можна зіграти карту розвитку.	주사위를 굴리기 전에 발전 카드를 사용할 수 있습니다.	サイコロを振る前に発展カードを使えます。	掷骰子之前可以打出一张发展卡。
House rule: knights without a limit	Hausregel: Ritter ohne Begrenzung	Husregel: riddere uden grænse	Husregel: riddare utan begränsning	Husregel: riddere uten grense	Huisregel: ridders zonder limiet	Règle maison : chevaliers sans limite	Regla de la casa: caballeros sin límite	Regola della casa: cavalieri senza limite	Regra da casa: cavaleiros sem limite	Zasada domowa: rycerze bez limitu	Ev kuralı: sınırsız şövalye	Домашнє правило: лицарі без обмежень	하우스 룰: 기사 카드 무제한	ハウスルール：騎士カード無制限	自定义规则：骑士卡不限次数
Knight cards can be played as often per turn as you like. The rulebook allows only one development card per turn.	Ritterkarten dürfen beliebig oft pro Zug ausgespielt werden. Laut Spielregel ist nur 1 Entwicklungskarte pro Zug erlaubt.	Ridderkort kan spilles så mange gange pr. tur, du vil. Reglerne tillader kun ét udviklingskort pr. tur.	Riddarkort får spelas hur många gånger som helst per tur. Reglerna tillåter bara ett utvecklingskort per tur.	Ridderkort kan spilles så mange ganger per runde du vil. Reglene tillater bare ett utviklingskort per runde.	Ridderkaarten mogen zo vaak per beurt gespeeld worden als je wilt. Volgens de spelregels mag je maar 1 ontwikkelingskaart per beurt spelen.	Les cartes Chevalier peuvent être jouées autant de fois qu'on veut par tour. La règle officielle n'autorise qu'une seule carte développement par tour.	Las cartas de caballero se pueden jugar tantas veces por turno como quieras. El reglamento solo permite una carta de desarrollo por turno.	Le carte cavaliere si possono giocare quante volte si vuole per turno. Il regolamento permette una sola carta sviluppo per turno.	As cartas de cavaleiro podem ser jogadas quantas vezes quiser por vez. As regras só permitem uma carta de desenvolvimento por vez.	Karty rycerzy można zagrywać w turze dowolną liczbę razy. Instrukcja pozwala na tylko jedną kartę rozwoju na turę.	Şövalye kartları tur başına istediğin kadar oynanabilir. Kurallar tur başına yalnızca bir gelişim kartına izin verir.	Карти лицарів можна грати за хід скільки завгодно разів. За правилами дозволено лише одну карту розвитку за хід.	기사 카드는 한 턴에 몇 번이든 사용할 수 있습니다. 공식 규칙에서는 턴당 발전 카드를 1장만 사용할 수 있습니다.	騎士カードは1ターンに何枚でも使えます。公式ルールでは1ターンに使える発展カードは1枚だけです。	骑士卡每回合可以打出任意多张。官方规则每回合只允许打出1张发展卡。
Larger board with 30 tiles. From 5 players on it is always used, and two players share every turn (stone 1 and stone 2).	Größeres Spielfeld mit 30 Landschaftsfeldern. Ab 5 Personen wird es immer verwendet, und je zwei Personen teilen sich einen Spielzug (Stein 1 und Stein 2).	Større bræt med 30 felter. Fra 5 spillere bruges det altid, og to spillere deler hver tur (sten 1 og sten 2).	Större bräde med 30 rutor. Från 5 spelare används det alltid, och två spelare delar varje tur (sten 1 och sten 2).	Større brett med 30 felt. Fra 5 spillere brukes det alltid, og to spillere deler hver runde (stein 1 og stein 2).	Groter bord met 30 vlakken. Vanaf 5 spelers wordt het altijd gebruikt, en twee spelers delen elke beurt (steen 1 en steen 2).	Plateau plus grand de 30 tuiles. À partir de 5 joueurs, il est toujours utilisé et deux joueurs partagent chaque tour (pierre 1 et pierre 2).	Tablero más grande con 30 casillas. Con 5 jugadores o más se usa siempre, y dos jugadores comparten cada turno (piedra 1 y piedra 2).	Tabellone più grande con 30 tessere. Da 5 giocatori in su si usa sempre, e due giocatori condividono ogni turno (pietra 1 e pietra 2).	Tabuleiro maior com 30 hexágonos. A partir de 5 jogadores é sempre usado, e dois jogadores partilham cada vez (pedra 1 e pedra 2).	Większa plansza z 30 polami. Od 5 graczy jest zawsze używana, a dwóch graczy dzieli każdą turę (kamień 1 i kamień 2).	30 karolu daha büyük tahta. 5 oyuncudan itibaren her zaman kullanılır ve her turu iki oyuncu paylaşır (taş 1 ve taş 2).	Більше поле з 30 плитками. Від 5 гравців використовується завжди, і двоє гравців ділять кожен хід (камінь 1 і камінь 2).	30개 타일의 더 큰 판입니다. 5명부터는 항상 사용되며, 두 명이 한 턴을 함께 진행합니다(돌 1과 돌 2).	30枚のタイルの大きなボードです。5人以上では必ず使われ、2人で1ターンを分け合います（石1と石2）。	30块地块的大地图。5人及以上时一定使用，每个回合由两位玩家共同进行（石头1和石头2）。
The rulebook pays starting resources only for the second building of the setup phase. With this rule both pay. In Cities & Knights the city counts like a settlement.	Laut Spielregel gibt es Startrohstoffe nur für die zweite Siedlung der Gründungsphase. Mit dieser Regel zahlen beide. Bei Städte & Ritter zählt die Stadt wie eine Siedlung.	Efter reglerne giver kun den anden bygning i opsætningsfasen startråvarer. Med denne regel giver begge. I Byer & Riddere tæller byen som en bosættelse.	Enligt reglerna ger bara den andra byggnaden i uppställningsfasen startresurser. Med denna regel ger båda. I Städer & Riddare räknas staden som en bosättning.	Etter reglene gir bare den andre bygningen i startfasen startressurser. Med denne regelen gir begge. I Byer & Riddere teller byen som en bosetning.	Volgens de spelregels levert alleen het tweede gebouw uit de opbouwfase startgrondstoffen op. Met deze regel leveren beide ze op. Bij Steden & Ridders telt de stad als een dorp.	Selon la règle, seul le deuxième bâtiment de la mise en place rapporte des ressources de départ. Avec cette règle, les deux en rapportent. Dans Cités et Chevaliers, la ville compte comme une colonie.	Según el reglamento, solo el segundo edificio de la fase de preparación da recursos iniciales. Con esta regla dan los dos. En Ciudades y Caballeros la ciudad cuenta como un poblado.	Secondo il regolamento, solo il secondo edificio della fase di preparazione dà risorse iniziali. Con questa regola le danno entrambi. In Città e Cavalieri la città conta come un insediamento.	Segundo as regras, só o segundo edifício da fase de preparação dá recursos iniciais. Com esta regra dão os dois. Em Cidades e Cavaleiros, a cidade conta como uma aldeia.	Zgodnie z instrukcją surowce startowe daje tylko drugi budynek z fazy przygotowania. Z tą zasadą dają je oba. W Miastach i Rycerzach miasto liczy się jak osada.	Kurallara göre kurulum aşamasında yalnızca ikinci bina başlangıç kaynağı verir. Bu kuralla ikisi de verir. Şehirler ve Şövalyeler'de şehir, köy gibi sayılır.	За правилами початкові ресурси дає лише друга будівля з фази підготовки. З цим правилом дають обидві. У «Містах і лицарях» місто рахується як поселення.	공식 규칙에서는 준비 단계의 두 번째 건물에서만 시작 자원을 받습니다. 이 규칙을 켜면 두 건물 모두에서 받습니다. 도시와 기사 확장판에서는 도시를 정착지처럼 취급합니다.	公式ルールでは、準備フェイズの2つ目の建物だけが初期資源をもらえます。このルールでは両方もらえます。「都市と騎士」では都市も開拓地と同じ扱いです。	官方规则中只有准备阶段的第二座建筑提供初始资源。启用此规则后两座都会提供。在《城市与骑士》中，城市按村庄计算。
Knight, Road Building, Year of Plenty, Monopoly or a point	Ritter, Straßenbau, Erfindung, Monopol oder Siegpunkt	Ridder, Vejbygning, Overflodens år, Monopol eller et point	Riddare, Vägbygge, Överflödets år, Monopol eller en poäng	Ridder, Veibygging, Overflodens år, Monopol eller et poeng	Ridder, Stratenbouw, Uitvinding, Monopolie of een punt	Chevalier, Construction de routes, Invention, Monopole ou un point	Caballero, Construcción de carreteras, Año de abundancia, Monopolio o un punto	Cavaliere, Costruzione strade, Anno dell'abbondanza, Monopolio o un punto	Cavaleiro, Construção de estradas, Ano de fartura, Monopólio ou um ponto	Rycerz, Budowa dróg, Rok obfitości, Monopol lub punkt	Şövalye, Yol yapımı, Bolluk yılı, Tekel veya bir puan	Лицар, Будівництво доріг, Рік достатку, Монополія або очко	기사, 도로 건설, 풍요의 해, 독점 또는 1점	騎士、街道建設、収穫、独占、または1点	骑士、修路、丰收之年、垄断或1分
Longest Road: 5 or more connected roads, 2 points. Largest Army: 3 or more played knights, 2 points. You may play 1 development card per turn, but not one you bought this turn.	Längste Handelsroute: 5 oder mehr zusammenhängende Straßen, 2 Siegpunkte. Größte Rittermacht: 3 oder mehr ausgespielte Ritter, 2 Siegpunkte. Pro Zug darfst du 1 Entwicklungskarte ausspielen, aber keine, die du in diesem Zug gekauft hast.	Længste vej: 5 eller flere sammenhængende veje, 2 point. Største hær: 3 eller flere spillede riddere, 2 point. Du må spille 1 udviklingskort pr. tur, men ikke et, du har købt i denne tur.	Längsta vägen: 5 eller fler sammanhängande vägar, 2 poäng. Största armén: 3 eller fler spelade riddare, 2 poäng. Du får spela 1 utvecklingskort per tur, men inte ett som du köpt i den här turen.	Lengste vei: 5 eller flere sammenhengende veier, 2 poeng. Største hær: 3 eller flere spilte riddere, 2 poeng. Du kan spille 1 utviklingskort per runde, men ikke ett du kjøpte i denne runden.	Langste handelsroute: 5 of meer aaneengesloten wegen, 2 punten. Grootste riddermacht: 3 of meer gespeelde ridders, 2 punten. Je mag per beurt 1 ontwikkelingskaart spelen, maar geen kaart die je in deze beurt hebt gekocht.	Route la plus longue : 5 routes connectées ou plus, 2 points. Armée la plus puissante : 3 chevaliers joués ou plus, 2 points. Vous pouvez jouer 1 carte développement par tour, mais pas une carte achetée pendant ce tour.	Gran ruta comercial: 5 o más carreteras conectadas, 2 puntos. Gran ejército: 3 o más caballeros jugados, 2 puntos. Puedes jugar 1 carta de desarrollo por turno, pero no una que hayas comprado en este turno.	Strada più lunga: 5 o più strade collegate, 2 punti. Armata più grande: 3 o più cavalieri giocati, 2 punti. Puoi giocare 1 carta sviluppo per turno, ma non una acquistata in questo turno.	Estrada mais longa: 5 ou mais estradas ligadas, 2 pontos. Maior exército: 3 ou mais cavaleiros jogados, 2 pontos. Pode jogar 1 carta de desenvolvimento por vez, mas não uma que tenha comprado nessa mesma vez.	Najdłuższa droga: 5 lub więcej połączonych dróg, 2 punkty. Największa armia: 3 lub więcej zagranych rycerzy, 2 punkty. W turze możesz zagrać 1 kartę rozwoju, ale nie taką, którą kupiono w tej samej turze.	En uzun yol: 5 veya daha fazla bağlı yol, 2 puan. En büyük ordu: 3 veya daha fazla oynanmış şövalye, 2 puan. Tur başına 1 gelişim kartı oynayabilirsin ama o turda satın aldığını oynayamazsın.	Найдовша дорога: 5 або більше з'єднаних доріг, 2 очки. Найбільше військо: 3 або більше зіграних лицарів, 2 очки. За хід можна зіграти 1 карту розвитку, але не ту, яку куплено в цей самий хід.	최장 도로: 이어진 도로 5개 이상, 2점. 최대 기사단: 사용한 기사 3장 이상, 2점. 턴마다 발전 카드를 1장 사용할 수 있지만, 이번 턴에 산 카드는 쓸 수 없습니다.	最長交易路：つながった道路5本以上で2点。最大騎士力：使用した騎士3枚以上で2点。発展カードは1ターンに1枚使えますが、そのターンに買ったカードは使えません。	最长道路：5条及以上相连道路，2分。最大军队：打出3张及以上骑士卡，2分。每回合可以打出1张发展卡，但不能是本回合购买的。
House rules in this game	Hausregeln in diesem Spiel	Husregler i dette spil	Husregler i det här spelet	Husregler i dette spillet	Huisregels in dit spel	Règles maison dans cette partie	Reglas de la casa en esta partida	Regole della casa in questa partita	Regras da casa neste jogo	Zasady domowe w tej grze	Bu oyundaki ev kuralları	Домашні правила в цій грі	이 게임의 하우스 룰	このゲームのハウスルール	本局的自定义规则
Never next to another settlement: keep one corner free.	Nie direkt neben einer anderen Siedlung: lass eine Kreuzung frei.	Aldrig ved siden af en anden bosættelse: hold ét hjørne frit.	Aldrig precis bredvid en annan bosättning: lämna ett hörn fritt.	Aldri rett ved siden av en annen bosetning: la ett hjørne stå fritt.	Nooit direct naast een ander dorp: laat één hoek vrij.	Jamais juste à côté d'une autre colonie : laissez un carrefour libre.	Nunca justo al lado de otro poblado: deja una esquina libre.	Mai accanto a un altro insediamento: lascia un incrocio libero.	Nunca mesmo ao lado de outra aldeia: deixe um canto livre.	Nigdy tuż obok innej osady: zostaw jedno wolne skrzyżowanie.	Asla başka bir köyün hemen yanına değil: bir köşeyi boş bırak.	Ніколи впритул до іншого поселення: залиште один перетин вільним.	다른 정착지 바로 옆에는 지을 수 없습니다. 모서리 하나는 비워 두세요.	他の開拓地のすぐ隣には置けません。交差点を1つ空けます。	不能紧挨着其他村庄：中间要空出一个路口。
First, everyone with more than 7 cards gives back half (rounded down).	Zuerst legen alle mit mehr als 7 Handkarten die Hälfte zurück (abgerundet).	Først afleverer alle med mere end 7 kort halvdelen (rundet ned).	Först lämnar alla med fler än 7 kort tillbaka hälften (avrundat nedåt).	Først leverer alle med mer enn 7 kort tilbake halvparten (rundet ned).	Eerst leggen alle spelers met meer dan 7 kaarten de helft terug (naar beneden afgerond).	D'abord, chacun avec plus de 7 cartes en rend la moitié (arrondi à l'inférieur).	Primero, quien tenga más de 7 cartas devuelve la mitad (redondeando hacia abajo).	Prima, chi ha più di 7 carte ne restituisce la metà (arrotondando per difetto).	Primeiro, quem tiver mais de 7 cartas devolve metade (arredondado para baixo).	Najpierw każdy, kto ma więcej niż 7 kart, oddaje połowę (zaokrąglając w dół).	Önce 7'den fazla kartı olanlar yarısını geri verir (aşağı yuvarlanır).	Спершу всі, хто має понад 7 карт, повертають половину (округлення вниз).	먼저 카드가 7장을 넘는 사람은 절반을 돌려줍니다(내림).	まず、手札が7枚を超える人は半分を戻します（切り捨て）。	首先，手牌超过7张的人要弃掉一半（向下取整）。
You draw a random card from their hand.	Du ziehst eine zufällige Karte aus ihrer Hand.	Du trækker et tilfældigt kort fra deres hånd.	Du drar ett slumpmässigt kort från deras hand.	Du trekker et tilfeldig kort fra hånden deres.	Je trekt een willekeurige kaart uit hun hand.	Vous piochez une carte au hasard dans sa main.	Robas una carta al azar de su mano.	Peschi una carta a caso dalla loro mano.	Tire uma carta aleatória da mão dele.	Losujesz jedną kartę z ich ręki.	Elinden rastgele bir kart çekersin.	Ви тягнете випадкову карту з їхньої руки.	상대의 손에서 무작위로 카드 1장을 가져옵니다.	相手の手札からランダムに1枚引きます。	从对方手牌中随机抽取一张牌。
Players only trade with whoever’s turn it is. The bank swaps 4 of a kind for 1, harbors make it 3:1 or 2:1.	Andere handeln nur mit der Person, die an der Reihe ist. Der Vorrat tauscht 4 gleiche gegen 1, Häfen machen es 3:1 oder 2:1.	Andre handler kun med den, der har tur. Banken bytter 4 ens for 1, havne gør det til 3:1 eller 2:1.	De andra handlar bara med den vars tur det är. Banken byter 4 lika mot 1, hamnar gör det till 3:1 eller 2:1.	De andre handler bare med den som har runden. Banken bytter 4 like mot 1, havner gjør det til 3:1 eller 2:1.	De anderen ruilen alleen met wie aan de beurt is. De bank wisselt 4 gelijke voor 1, havens maken er 3:1 of 2:1 van.	Les autres n'échangent qu'avec le joueur dont c'est le tour. La banque échange 4 identiques contre 1, les ports en font du 3:1 ou du 2:1.	Los demás solo comercian con quien tiene el turno. El banco cambia 4 iguales por 1; los puertos lo dejan en 3:1 o 2:1.	Gli altri scambiano solo con chi è di turno. La banca cambia 4 uguali con 1, i porti lo rendono 3:1 o 2:1.	Os outros só trocam com quem está na sua vez. O banco troca 4 iguais por 1; os portos tornam a troca 3:1 ou 2:1.	Pozostali handlują tylko z graczem, którego jest tura. Bank wymienia 4 takie same na 1, porty obniżają to do 3:1 lub 2:1.	Diğerleri yalnızca sırası olanla takas yapar. Banka 4 aynı kartı 1 ile değiştirir, limanlar bunu 3:1 veya 2:1 yapar.	Інші торгують лише з тим, чий хід. Банк обмінює 4 однакові на 1, гавані дають 3:1 або 2:1.	다른 사람들은 차례인 사람과만 거래합니다. 은행은 같은 카드 4장을 1장으로 바꿔 주고, 항구가 있으면 3:1 또는 2:1입니다.	ほかの人は手番の人とだけ取引できます。銀行は同じ4枚を1枚と交換し、港があると3:1か2:1になります。	其他人只能与当前回合的玩家交易。银行用4张相同的牌换1张，有港口时是3:1或2:1。
Knight, Road Building, Year of Plenty, Monopoly or a hidden point. One per turn, not on the turn you buy it.	Ritter, Straßenbau, Erfindung, Monopol oder ein verdeckter Siegpunkt. Eine pro Zug, nicht in dem Zug, in dem du sie kaufst.	Ridder, Vejbygning, Overflodens år, Monopol eller et skjult point. Ét pr. tur, ikke i den tur, hvor du køber det.	Riddare, Vägbygge, Överflödets år, Monopol eller en dold poäng. Ett per tur, inte i den tur du köper det.	Ridder, Veibygging, Overflodens år, Monopol eller et skjult poeng. Ett per runde, ikke i runden du kjøper det.	Ridder, Stratenbouw, Uitvinding, Monopolie of een verborgen punt. Eén per beurt, niet in de beurt waarin je het koopt.	Chevalier, Construction de routes, Invention, Monopole ou un point caché. Une par tour, pas pendant le tour d'achat.	Caballero, Construcción de carreteras, Año de abundancia, Monopolio o un punto oculto. Una por turno, no en el turno en que se compra.	Cavaliere, Costruzione strade, Anno dell'abbondanza, Monopolio o un punto nascosto. Una per turno, non nel turno in cui la compri.	Cavaleiro, Construção de estradas, Ano de fartura, Monopólio ou um ponto escondido. Uma por vez, não na vez em que a compra.	Rycerz, Budowa dróg, Rok obfitości, Monopol lub ukryty punkt. Jedna na turę, nie w turze, w której ją kupisz.	Şövalye, Yol yapımı, Bolluk yılı, Tekel veya gizli bir puan. Tur başına bir tane, satın aldığın turda değil.	Лицар, Будівництво доріг, Рік достатку, Монополія або приховане очко. Одна за хід, не в той хід, коли її куплено.	기사, 도로 건설, 풍요의 해, 독점 또는 숨겨진 1점. 턴마다 1장, 산 턴에는 쓸 수 없습니다.	騎士、街道建設、収穫、独占、または隠れた1点。1ターンに1枚、買ったターンには使えません。	骑士、修路、丰收之年、垄断或隐藏的1分。每回合1张，购买的当回合不能使用。
Branches do not count, and a foreign settlement breaks the road.	Abzweigungen zählen nicht, und eine fremde Siedlung unterbricht die Route.	Forgreninger tæller ikke, og en fremmed bosættelse afbryder vejen.	Förgreningar räknas inte, och en främmande bosättning bryter vägen.	Forgreninger teller ikke, og en fremmed bosetning avbryter veien.	Aftakkingen tellen niet mee, en een vreemd dorp onderbreekt de route.	Les embranchements ne comptent pas, et une colonie adverse coupe la route.	Las bifurcaciones no cuentan, y un poblado ajeno corta la ruta.	Le diramazioni non contano e un insediamento avversario interrompe la strada.	As ramificações não contam e uma aldeia alheia interrompe a estrada.	Odnogi się nie liczą, a obca osada przerywa drogę.	Dallar sayılmaz ve başkasının köyü yolu keser.	Відгалуження не враховуються, а чуже поселення розриває дорогу.	갈라진 길은 세지 않으며, 다른 사람의 정착지가 길을 끊습니다.	枝分かれは数えず、他人の開拓地が道を断ち切ります。	分支不计入长度，他人的村庄会截断道路。
Two players share every turn	Je zwei Personen teilen sich einen Spielzug	To spillere deler hver tur	Två spelare delar varje tur	To spillere deler hver runde	Twee spelers delen elke beurt	Deux joueurs partagent chaque tour	Dos jugadores comparten cada turno	Due giocatori condividono ogni turno	Dois jogadores partilham cada vez	Dwóch graczy dzieli każdą turę	Her turu iki oyuncu paylaşır	Двоє гравців ділять кожен хід	두 명이 한 턴을 함께 진행합니다	2人で1ターンを分け合います	每个回合由两位玩家共同进行
Stone 1 rolls the dice, trades with everybody and builds.	Stein 1 würfelt, handelt mit allen und baut.	Sten 1 slår terningerne, handler med alle og bygger.	Sten 1 slår tärningarna, handlar med alla och bygger.	Stein 1 kaster terningene, handler med alle og bygger.	Steen 1 dobbelt, ruilt met iedereen en bouwt.	La pierre 1 lance les dés, échange avec tout le monde et construit.	La piedra 1 tira los dados, comercia con todos y construye.	La pietra 1 tira i dadi, scambia con tutti e costruisce.	A pedra 1 lança os dados, troca com todos e constrói.	Kamień 1 rzuca kośćmi, handluje ze wszystkimi i buduje.	Taş 1 zar atar, herkesle takas yapar ve inşa eder.	Камінь 1 кидає кубики, торгує з усіма й будує.	돌 1은 주사위를 굴리고, 모두와 거래하고, 건설합니다.	石1はサイコロを振り、全員と取引し、建設します。	石头1掷骰子，可与所有人交易并建造。
Then stone 2 plays, three seats to the left	Dann ist Stein 2 dran, drei Plätze links	Derefter spiller sten 2, tre pladser til venstre	Sedan spelar sten 2, tre platser åt vänster	Deretter spiller stein 2, tre plasser til venstre	Daarna speelt steen 2, drie plaatsen links	Puis joue la pierre 2, trois places à gauche	Después juega la piedra 2, tres puestos a la izquierda	Poi gioca la pietra 2, tre posti a sinistra	Depois joga a pedra 2, três lugares à esquerda	Potem gra kamień 2, trzy miejsca w lewo	Sonra soldan üçüncü kişideki taş 2 oynar	Потім грає камінь 2, на три місця ліворуч	그다음 왼쪽으로 세 번째 자리의 돌 2가 진행합니다	次に、左へ3つ隣の石2が進めます	然后轮到左边第三位的石头2
No dice, no trades with players: only the bank, building and 1 development card.	Kein Würfeln, kein Handel mit Personen: nur Vorrat, Bauen und 1 Entwicklungskarte.	Ingen terninger, ingen handel med spillere: kun banken, byggeri og 1 udviklingskort.	Inga tärningar, ingen handel med spelare: bara banken, byggande och 1 utvecklingskort.	Ingen terninger, ingen handel med spillere: bare banken, bygging og 1 utviklingskort.	Niet dobbelen, niet ruilen met spelers: alleen de bank, bouwen en 1 ontwikkelingskaart.	Pas de dés ni d'échanges avec les joueurs : seulement la banque, la construction et 1 carte développement.	Sin dados ni comercio con jugadores: solo el banco, construir y 1 carta de desarrollo.	Niente dadi né scambi con i giocatori: solo banca, costruzione e 1 carta sviluppo.	Sem dados nem trocas com jogadores: só o banco, construir e 1 carta de desenvolvimento.	Bez rzutu kośćmi i handlu z graczami: tylko bank, budowa i 1 karta rozwoju.	Zar yok, oyuncularla takas yok: yalnızca banka, inşa ve 1 gelişim kartı.	Без кубиків і торгівлі з гравцями: лише банк, будівництво й 1 карта розвитку.	주사위도, 플레이어와의 거래도 없습니다. 은행 거래, 건설, 발전 카드 1장만 가능합니다.	サイコロも他の人との取引もなし。銀行との取引、建設、発展カード1枚だけです。	不掷骰子，也不能与玩家交易：只能与银行交易、建造和打出1张发展卡。
Then both stones move one seat to the left.	Danach wandern beide Steine einen Platz nach links.	Derefter flytter begge sten én plads til venstre.	Sedan flyttar båda stenarna en plats åt vänster.	Deretter flytter begge steinene én plass til venstre.	Daarna schuiven beide stenen een plaats naar links.	Ensuite, les deux pierres avancent d'une place vers la gauche.	Después las dos piedras avanzan un puesto a la izquierda.	Poi le due pietre passano di un posto a sinistra.	Depois as duas pedras avançam um lugar para a esquerda.	Potem oba kamienie przesuwają się o jedno miejsce w lewo.	Sonra iki taş da bir kişi sola geçer.	Потім обидва камені переходять на одне місце ліворуч.	그다음 두 돌이 왼쪽으로 한 자리씩 넘어갑니다.	そのあと、2つの石は左へ1人分移ります。	然后两块石头都向左移动一个座位。
The next turn belongs to the next pair.	Der nächste Spielzug gehört dem nächsten Paar.	Næste tur tilhører det næste par.	Nästa tur tillhör nästa par.	Neste runde tilhører neste par.	De volgende beurt is voor het volgende paar.	Le tour suivant revient à la paire suivante.	El siguiente turno es de la pareja siguiente.	Il turno successivo spetta alla coppia successiva.	A vez seguinte é do par seguinte.	Następna tura należy do kolejnej pary.	Sıradaki tur bir sonraki çifte aittir.	Наступний хід належить наступній парі.	다음 턴은 다음 두 사람의 차례입니다.	次のターンは次の2人のものです。	下一个回合属于下一对玩家。
Longest Road	Längste Handelsroute	Længste vej	Längsta vägen	Lengste vei	Langste handelsroute	Route la plus longue	Gran ruta comercial	Strada più lunga	Estrada mais longa	Najdłuższa droga	En uzun yol	Найдовша дорога	최장 도로	最長交易路	最长道路
Setup phase	Gründungsphase	Opsætningsfase	Uppställningsfas	Startfase	Opbouwfase	Mise en place	Fase de preparación	Fase di preparazione	Fase de preparação	Faza przygotowania	Kurulum aşaması	Фаза підготовки	준비 단계	準備フェイズ	准备阶段
