No harbour to place.	Es gibt keinen Hafen zu setzen.	Der er ingen havn at placere.	Det finns ingen hamn att placera.	Det er ingen havn å plassere.	Er is geen haven om te plaatsen.	Aucun port à placer.	No hay ningún puerto que colocar.	Non c'è nessun porto da collocare.	Não há nenhum porto para colocar.	Nie ma portu do umieszczenia.	Yerleştirilecek liman yok.	Немає гавані для розміщення.	놓을 항구가 없습니다.	置く港がありません。	没有可放置的港口。
Pick a wonder.	Wähle ein Wunder.	Vælg et vidunder.	Välj ett underverk.	Velg et underverk.	Kies een wonder.	Choisissez une merveille.	Elige una maravilla.	Scegli una meraviglia.	Escolha uma maravilha.	Wybierz cud.	Bir harika seç.	Оберіть диво.	불가사의를 고르세요.	驚異を選んでください。	选择一个奇观。
Pick one of your coastal settlements without a harbour.	Wähle eine deiner Küstensiedlungen ohne Hafen.	Vælg en af dine kystbosættelser uden havn.	Välj en av dina kustbosättningar utan hamn.	Velg en av dine kystbosetninger uten havn.	Kies een van je kustdorpen zonder haven.	Choisissez une de vos colonies côtières sans port.	Elige uno de tus poblados costeros sin puerto.	Scegli uno dei tuoi insediamenti costieri senza porto.	Escolha uma das suas aldeias costeiras sem porto.	Wybierz jedną ze swoich osad nadmorskich bez portu.	Limanı olmayan kıyı köylerinden birini seç.	Оберіть одне зі своїх прибережних поселень без гавані.	항구가 없는 해안 정착지 하나를 고르세요.	港のない海岸の開拓地を選んでください。	选择你一个没有港口的沿海村庄。
Somebody is already building that wonder.	Dieses Wunder baut schon jemand.	Der er allerede nogen, der bygger det vidunder.	Någon bygger redan det underverket.	Noen bygger allerede det underverket.	Iemand bouwt dat wonder al.	Quelqu'un construit déjà cette merveille.	Alguien ya está construyendo esa maravilla.	Qualcuno sta già costruendo quella meraviglia.	Alguém já está a construir essa maravilha.	Ktoś już buduje ten cud.	Bu harikayı zaten biri inşa ediyor.	Це диво вже хтось будує.	이미 누군가 그 불가사의를 짓고 있습니다.	その驚異はすでに誰かが建設中です。	已经有人在建造这个奇观了。
Start a wonder first.	Beginne zuerst ein Wunder.	Begynd først på et vidunder.	Påbörja först ett underverk.	Begynn først på et underverk.	Begin eerst aan een wonder.	Commencez d'abord une merveille.	Empieza primero una maravilla.	Inizia prima una meraviglia.	Comece primeiro uma maravilha.	Najpierw rozpocznij cud.	Önce bir harika başlat.	Спершу почніть будувати диво.	먼저 불가사의를 시작하세요.	まず驚異を始めてください。	请先开始一个奇观。
The ship must touch your new settlement.	Das Schiff muss an deine neue Siedlung grenzen.	Skibet skal røre din nye bosættelse.	Skeppet måste ligga vid din nya bosättning.	Skipet må berøre den nye bosetningen din.	Het schip moet je nieuwe dorp raken.	Le navire doit toucher votre nouvelle colonie.	El barco debe tocar tu nuevo poblado.	La nave deve toccare il tuo nuovo insediamento.	O navio tem de tocar na sua nova aldeia.	Statek musi dotykać twojej nowej osady.	Gemi yeni köyüne bitişik olmalı.	Корабель має торкатися вашого нового поселення.	배는 새 정착지에 닿아 있어야 합니다.	船は新しい開拓地に接していなければなりません。	船必须紧挨着你的新村庄。
There are no wonders in this game.	In diesem Spiel gibt es keine Wunder.	Der er ingen vidundere i dette spil.	Det finns inga underverk i det här spelet.	Det er ingen underverk i dette spillet.	In dit spel zijn geen wonderen.	Il n'y a pas de merveilles dans cette partie.	En esta partida no hay maravillas.	In questa partita non ci sono meraviglie.	Neste jogo não há maravilhas.	W tej grze nie ma cudów.	Bu oyunda harika yok.	У цій грі немає див.	이 게임에는 불가사의가 없습니다.	このゲームに驚異はありません。	本局没有奇观。
You are already building a wonder.	Du baust bereits ein Wunder.	Du bygger allerede et vidunder.	Du bygger redan ett underverk.	Du bygger allerede et underverk.	Je bouwt al een wonder.	Vous construisez déjà une merveille.	Ya estás construyendo una maravilla.	Stai già costruendo una meraviglia.	Já está a construir uma maravilha.	Już budujesz cud.	Zaten bir harika inşa ediyorsun.	Ви вже будуєте диво.	이미 불가사의를 짓고 있습니다.	すでに驚異を建設中です。	你已经在建造一个奇观了。
You do not meet the condition of that wonder yet.	Du erfüllst die Bedingung dieses Wunders noch nicht.	Du opfylder endnu ikke betingelsen for det vidunder.	Du uppfyller inte villkoret för det underverket än.	Du oppfyller ikke vilkåret for det underverket ennå.	Je voldoet nog niet aan de voorwaarde van dat wonder.	Vous ne remplissez pas encore la condition de cette merveille.	Todavía no cumples la condición de esa maravilla.	Non soddisfi ancora la condizione di quella meraviglia.	Ainda não cumpre a condição dessa maravilha.	Nie spełniasz jeszcze warunku tego cudu.	Bu harikanın koşulunu henüz karşılamıyorsun.	Ви ще не виконали умову цього дива.	아직 그 불가사의의 조건을 충족하지 못했습니다.	まだその驚異の条件を満たしていません。	你还不满足该奇观的条件。
Your wonder is finished.	Dein Wunder ist vollendet.	Dit vidunder er færdigt.	Ditt underverk är färdigt.	Underverket ditt er ferdig.	Je wonder is voltooid.	Votre merveille est terminée.	Tu maravilla está terminada.	La tua meraviglia è completa.	A sua maravilha está concluída.	Twój cud jest ukończony.	Harikan tamamlandı.	Ваше диво завершено.	불가사의가 완성되었습니다.	あなたの驚異は完成しています。	你的奇观已经完工。
{@p} builds level {n} of a wonder ({#w}).	{@p} baut Stufe {n} eines Wunders ({#w}).	{@p} bygger trin {n} af et vidunder ({#w}).	{@p} bygger steg {n} av ett underverk ({#w}).	{@p} bygger trinn {n} av et underverk ({#w}).	{@p} bouwt niveau {n} van een wonder ({#w}).	{@p} construit le niveau {n} d'une merveille ({#w}).	{@p} construye el nivel {n} de una maravilla ({#w}).	{@p} costruisce il livello {n} di una meraviglia ({#w}).	{@p} constrói o nível {n} de uma maravilha ({#w}).	{@p} buduje poziom {n} cudu ({#w}).	{@p} bir harikanın {n}. aşamasını inşa ediyor ({#w}).	{@p} будує рівень {n} дива ({#w}).	{@p}이(가) 불가사의({#w})의 {n}단계를 짓습니다.	{@p}が驚異（{#w}）のレベル{n}を建設します。	{@p} 建造了奇观（{#w}）的第 {n} 层。
{@p} opens trade with a village.	{@p} nimmt Handel mit einem Dorf auf.	{@p} åbner handel med en landsby.	{@p} öppnar handel med en by.	{@p} åpner handel med en landsby.	{@p} opent de handel met een stamdorp.	{@p} ouvre le commerce avec un village.	{@p} abre comercio con una aldea.	{@p} apre il commercio con un villaggio.	{@p} abre comércio com um povoado.	{@p} nawiązuje handel z wioską.	{@p} bir kabile köyüyle ticaret kurdu.	{@p} налагоджує торгівлю із селом.	{@p}이(가) 마을과 교역을 시작했습니다.	{@p}が村との交易を始めました。	{@p} 与一个部落村落建立了贸易。
{@p} placed a ship.	{@p} hat ein Schiff gesetzt.	{@p} placerede et skib.	{@p} placerade ett skepp.	{@p} plasserte et skip.	{@p} plaatste een schip.	{@p} a placé un navire.	{@p} colocó un barco.	{@p} ha piazzato una nave.	{@p} colocou um navio.	{@p} stawia statek.	{@p} bir gemi yerleştirdi.	{@p} розмістив корабель.	{@p}이(가) 배를 놓았습니다.	{@p}が船を置きました。	{@p} 放置了一艘船。
{@p} sets a harbour on a settlement ({#r}).	{@p} legt einen Hafen an eine Siedlung an ({#r}).	{@p} sætter en havn ved en bosættelse ({#r}).	{@p} lägger en hamn vid en bosättning ({#r}).	{@p} setter en havn ved en bosetning ({#r}).	{@p} legt een haven aan bij een dorp ({#r}).	{@p} place un port sur une colonie ({#r}).	{@p} coloca un puerto en un poblado ({#r}).	{@p} colloca un porto presso un insediamento ({#r}).	{@p} coloca um porto numa aldeia ({#r}).	{@p} dokłada port do osady ({#r}).	{@p} bir köye liman yerleştirdi ({#r}).	{@p} кладе гавань біля поселення ({#r}).	{@p}이(가) 정착지에 항구를 설치했습니다 ({#r}).	{@p}が開拓地に港を付けました（{#r}）。	{@p} 在村庄旁设置了港口（{#r}）。
{@p} settles a new island and earns {n} bonus points.	{@p} besiedelt eine neue Insel und erhält {n} Bonuspunkte.	{@p} bosætter en ny ø og får {n} bonuspoint.	{@p} bosätter sig på en ny ö och får {n} bonuspoäng.	{@p} bosetter en ny øy og får {n} bonuspoeng.	{@p} vestigt zich op een nieuw eiland en krijgt {n} bonuspunten.	{@p} colonise une nouvelle île et gagne {n} points bonus.	{@p} puebla una isla nueva y gana {n} puntos extra.	{@p} colonizza una nuova isola e guadagna {n} punti bonus.	{@p} coloniza uma nova ilha e ganha {n} pontos de bónus.	{@p} zakłada osadę na nowej wyspie i zyskuje punkty bonusowe: {n}.	{@p} yeni bir adaya yerleşti ve {n} bonus puan kazandı.	{@p} заселяє новий острів і отримує бонусних очок: {n}.	{@p}이(가) 새 섬에 정착하여 보너스 점수 {n}점을 얻었습니다.	{@p}が新しい島に入植し、ボーナス{n}点を得ました。	{@p} 在新岛上建村并获得 {n} 分奖励。
{@p} settles a small island and takes a victory point chip (+1 VP).	{@p} besiedelt eine kleine Insel und nimmt einen Siegpunkt-Chip (+1 SP).	{@p} bosætter en lille ø og tager en sejrspoint-chip (+1 VP).	{@p} bosätter sig på en liten ö och tar en segerpoängsbricka (+1 SP).	{@p} bosetter en liten øy og tar en seierspoeng-brikke (+1 poeng).	{@p} vestigt zich op een klein eiland en pakt een overwinningspuntenfiche (+1 OP).	{@p} colonise une petite île et prend un jeton de point de victoire (+1 PV).	{@p} puebla una isla pequeña y toma una ficha de punto de victoria (+1 PV).	{@p} colonizza una piccola isola e prende un gettone punto vittoria (+1 PV).	{@p} coloniza uma ilha pequena e fica com uma ficha de ponto de vitória (+1 PV).	{@p} zakłada osadę na małej wyspie i bierze żeton punktu zwycięstwa (+1 PZ).	{@p} küçük bir adaya yerleşti ve bir zafer puanı jetonu aldı (+1 ZP).	{@p} заселяє малий острів і бере жетон переможного очка (+1 ПО).	{@p}이(가) 작은 섬에 정착하여 승점 칩을 얻었습니다 (+1점).	{@p}が小さな島に入植し、勝利点チップを得ました（+1点）。	{@p} 在小岛上建村并获得一枚胜利点筹码（+1 胜利分）。
{@p} starts to build a wonder ({#w}).	{@p} beginnt mit dem Bau eines Wunders ({#w}).	{@p} går i gang med at bygge et vidunder ({#w}).	{@p} börjar bygga ett underverk ({#w}).	{@p} begynner å bygge et underverk ({#w}).	{@p} begint aan een wonder ({#w}).	{@p} commence à construire une merveille ({#w}).	{@p} empieza a construir una maravilla ({#w}).	{@p} inizia a costruire una meraviglia ({#w}).	{@p} começa a construir uma maravilha ({#w}).	{@p} rozpoczyna budowę cudu ({#w}).	{@p} bir harika inşa etmeye başladı ({#w}).	{@p} починає будувати диво ({#w}).	{@p}이(가) 불가사의({#w}) 건설을 시작했습니다.	{@p}が驚異（{#w}）の建設を始めました。	{@p} 开始建造奇观（{#w}）。
{@p} takes a bale of cloth.	{@p} nimmt einen Stoffballen.	{@p} tager en balle stof.	{@p} tar en tygbal.	{@p} tar en balle stoff.	{@p} pakt een baal stof.	{@p} prend un ballot de tissu.	{@p} toma un fardo de tela.	{@p} prende una balla di stoffa.	{@p} fica com um fardo de tecido.	{@p} bierze belę tkaniny.	{@p} bir kumaş balyası aldı.	{@p} бере тюк тканини.	{@p}이(가) 옷감 한 필을 가져갑니다.	{@p}が布を1反受け取ります。	{@p} 拿取一匹布。
{@p} takes a development card.	{@p} nimmt eine Entwicklungskarte.	{@p} tager et udviklingskort.	{@p} tar ett utvecklingskort.	{@p} tar et utviklingskort.	{@p} pakt een ontwikkelingskaart.	{@p} prend une carte développement.	{@p} toma una carta de desarrollo.	{@p} prende una carta sviluppo.	{@p} fica com uma carta de desenvolvimento.	{@p} bierze kartę rozwoju.	{@p} bir gelişim kartı aldı.	{@p} бере карту розвитку.	{@p}이(가) 발전 카드를 가져갑니다.	{@p}が発展カードを受け取ります。	{@p} 拿取一张发展卡。
{@p} takes a harbour ({#r}).	{@p} nimmt einen Hafen ({#r}).	{@p} tager en havn ({#r}).	{@p} tar en hamn ({#r}).	{@p} tar en havn ({#r}).	{@p} pakt een haven ({#r}).	{@p} prend un port ({#r}).	{@p} toma un puerto ({#r}).	{@p} prende un porto ({#r}).	{@p} fica com um porto ({#r}).	{@p} bierze port ({#r}).	{@p} bir liman aldı ({#r}).	{@p} бере гавань ({#r}).	{@p}이(가) 항구({#r})를 가져갑니다.	{@p}が港（{#r}）を受け取ります。	{@p} 拿取一个港口（{#r}）。
{@p} takes a victory point chip (+1 VP).	{@p} nimmt einen Siegpunkt-Chip (+1 SP).	{@p} tager en sejrspoint-chip (+1 VP).	{@p} tar en segerpoängsbricka (+1 SP).	{@p} tar en seierspoeng-brikke (+1 poeng).	{@p} pakt een overwinningspuntenfiche (+1 OP).	{@p} prend un jeton de point de victoire (+1 PV).	{@p} toma una ficha de punto de victoria (+1 PV).	{@p} prende un gettone punto vittoria (+1 PV).	{@p} fica com uma ficha de ponto de vitória (+1 PV).	{@p} bierze żeton punktu zwycięstwa (+1 PZ).	{@p} bir zafer puanı jetonu aldı (+1 ZP).	{@p} бере жетон переможного очка (+1 ПО).	{@p}이(가) 승점 칩을 가져갑니다 (+1점).	{@p}が勝利点チップを受け取ります（+1点）。	{@p} 拿取一枚胜利点筹码（+1 胜利分）。
{@p} put the pirate on the frame.	{@p} stellt den Seeräuber auf den Rahmen.	{@p} sætter piraten på rammen.	{@p} ställer piraten på ramen.	{@p} setter piraten på rammen.	{@p} zet de piraat op het kader.	{@p} place le pirate sur le cadre.	{@p} coloca al pirata en el marco.	{@p} mette il pirata sulla cornice.	{@p} coloca o pirata na moldura.	{@p} stawia pirata na ramce.	{@p} korsanı çerçeveye koydu.	{@p} ставить пірата на рамку.	{@p}이(가) 해적을 테두리에 올려놓았습니다.	{@p}が海賊を枠の上に置きました。	{@p} 把海盗放到了边框上。
{@p} steals a bale of cloth from {@q}.	{@p} raubt {@q} einen Stoffballen.	{@p} stjæler en balle stof fra {@q}.	{@p} stjäl en tygbal från {@q}.	{@p} stjeler en balle stoff fra {@q}.	{@p} steelt een baal stof van {@q}.	{@p} vole un ballot de tissu à {@q}.	{@p} roba un fardo de tela a {@q}.	{@p} ruba una balla di stoffa a {@q}.	{@p} rouba um fardo de tecido a {@q}.	{@p} kradnie belę tkaniny graczowi {@q}.	{@p}, {@q} oyuncusundan bir kumaş balyası çaldı.	{@p} краде тюк тканини в {@q}.	{@p}이(가) {@q}의 옷감 한 필을 빼앗았습니다.	{@p}が{@q}から布を1反奪いました。	{@p} 从 {@q} 处抢走一匹布。
The pirate is not in this game.	In diesem Spiel gibt es keinen Seeräuber.	Piraten er ikke med i dette spil.	Piraten är inte med i det här spelet.	Piraten er ikke med i dette spillet.	De piraat doet in dit spel niet mee.	Le pirate n'est pas dans cette partie.	El pirata no participa en esta partida.	Il pirata non è in questa partita.	O pirata não está neste jogo.	W tej grze nie ma pirata.	Bu oyunda korsan yok.	У цій грі немає пірата.	이 게임에는 해적이 없습니다.	このゲームに海賊はいません。	本局没有海盗。
The robber cannot go to the small islands.	Der Räuber darf nicht auf die kleinen Inseln.	Røveren må ikke gå til de små øer.	Rövaren får inte gå till de små öarna.	Røveren kan ikke gå til de små øyene.	De rover mag niet naar de kleine eilanden.	Le voleur ne peut pas aller sur les petites îles.	El ladrón no puede ir a las islas pequeñas.	Il brigante non può andare sulle isole piccole.	O ladrão não pode ir para as ilhas pequenas.	Złodziej nie może wejść na małe wyspy.	Haydut küçük adalara gidemez.	Розбійник не може потрапити на малі острови.	도적은 작은 섬으로 갈 수 없습니다.	盗賊は小さな島へ移動できません。	强盗不能去小岛。
The robber cannot return to his first desert.	Der Räuber darf nicht auf seine Startwüste zurück.	Røveren må ikke vende tilbage til sin første ørken.	Rövaren får inte återvända till sin första öken.	Røveren kan ikke vende tilbake til sin første ørken.	De rover mag niet terug naar zijn eerste woestijn.	Le voleur ne peut pas retourner sur son désert de départ.	El ladrón no puede volver a su primer desierto.	Il brigante non può tornare al suo deserto iniziale.	O ladrão não pode voltar ao seu primeiro deserto.	Złodziej nie może wrócić na swoją pierwszą pustynię.	Haydut ilk çölüne geri dönemez.	Розбійник не може повернутися на свою першу пустелю.	도적은 처음 있던 사막으로 돌아갈 수 없습니다.	盗賊は最初の砂漠へ戻れません。	强盗不能回到他最初所在的沙漠。
They have no cloth.	Sie haben keine Stoffballen.	De har ingen stof.	De har inget tyg.	De har ikke noe stoff.	Ze hebben geen stof.	Ils n'ont pas de tissu.	No tienen tela.	Non hanno stoffa.	Não têm tecido.	Nie mają tkaniny.	Kumaşları yok.	У них немає тканини.	옷감이 없습니다.	布を持っていません。	他们没有布。
You can only move the pirate once a shipping line of yours has reached a village.	Du darfst den Seeräuber erst versetzen, wenn deine Schiffslinie ein Dorf erreicht hat.	Du må først flytte piraten, når en af dine skibslinjer har nået en landsby.	Du får först flytta piraten när en av dina skeppslinjer har nått en by.	Du kan først flytte piraten når en av skipslinjene dine har nådd en landsby.	Je mag de piraat pas verplaatsen als een van je scheepslijnen een stamdorp heeft bereikt.	Vous ne pouvez déplacer le pirate qu'une fois qu'une de vos lignes de navires a atteint un village.	Solo puedes mover al pirata cuando una línea de barcos tuya haya llegado a una aldea.	Puoi spostare il pirata solo quando una tua linea di navi ha raggiunto un villaggio.	Só pode mover o pirata depois de uma linha de navios sua ter chegado a um povoado.	Pirata możesz przesunąć dopiero, gdy twoja linia statków dotrze do wioski.	Korsanı ancak gemi hattın bir kabile köyüne ulaştıktan sonra oynatabilirsin.	Пірата можна переміщувати, лише коли ваша лінія кораблів дісталася села.	내 선박 노선이 마을에 닿은 뒤에만 해적을 옮길 수 있습니다.	船の列が村に到達してからでないと、海賊は動かせません。	只有当你的船队航线抵达部落村落后，才能移动海盗。
A bale of cloth	Ein Stoffballen	En balle stof	En tygbal	En balle stoff	Een baal stof	Un ballot de tissu	Un fardo de tela	Una balla di stoffa	Um fardo de tecido	Bela tkaniny	Bir kumaş balyası	Тюк тканини	옷감 한 필	布1反	一匹布
A random resource card	Eine zufällige Rohstoffkarte	Et tilfældigt råvarekort	Ett slumpmässigt resurskort	Et tilfeldig ressurskort	Een willekeurige grondstofkaart	Une carte ressource au hasard	Una carta de recurso al azar	Una carta risorsa a caso	Uma carta de recurso aleatória	Losowa karta surowca	Rastgele bir kaynak kartı	Випадкова карта ресурсу	무작위 자원 카드 한 장	ランダムな資源カード1枚	一张随机的资源卡
Bales of cloth (2 bales = 1 point)	Stoffballen (2 Stoffballen = 1 Punkt)	Baller stof (2 baller = 1 point)	Tygbalar (2 balar = 1 poäng)	Baller stoff (2 baller = 1 poeng)	Balen stof (2 balen = 1 punt)	Ballots de tissu (2 ballots = 1 point)	Fardos de tela (2 fardos = 1 punto)	Balle di stoffa (2 balle = 1 punto)	Fardos de tecido (2 fardos = 1 ponto)	Bele tkaniny (2 bele = 1 punkt)	Kumaş balyaları (2 balya = 1 puan)	Тюки тканини (2 тюки = 1 очко)	옷감 (2필 = 1점)	布（2反＝1点）	布匹（2 匹 = 1 分）
Build a wonder	Wunder bauen	Byg et vidunder	Bygg ett underverk	Bygg et underverk	Bouw een wonder	Construire une merveille	Construir una maravilla	Costruisci una meraviglia	Construir uma maravilha	Zbuduj cud	Harika inşa et	Збудувати диво	불가사의 건설	驚異を建設	建造奇观
Build level {n}	Stufe {n} bauen	Byg trin {n}	Bygg steg {n}	Bygg trinn {n}	Bouw niveau {n}	Construire le niveau {n}	Construir nivel {n}	Costruisci livello {n}	Construir nível {n}	Buduj poziom {n}	{n}. aşamayı inşa et	Збудувати рівень {n}	{n}단계 건설	レベル{n}を建設	建造第 {n} 层
Claim	Beanspruchen	Gør krav på	Gör anspråk på	Gjør krav på	Claimen	Revendiquer	Reclamar	Rivendica	Reivindicar	Zajmij	Sahiplen	Забрати	선택	取得	认领
Cloth: {n}	Stoffballen: {n}	Stof: {n}	Tyg: {n}	Stoff: {n}	Stof: {n}	Tissu : {n}	Tela: {n}	Stoffa: {n}	Tecido: {n}	Tkanina: {n}	Kumaş: {n}	Тканина: {n}	옷감: {n}	布：{n}	布：{n}
Each level:	Pro Stufe:	Pr. trin:	Per steg:	Per trinn:	Per niveau:	Par niveau :	Por nivel:	Per livello:	Por nível:	Za poziom:	Her aşama:	За рівень:	단계당:	1レベルあたり：	每层：
Meet the condition, claim a wonder and build its four levels. Finishing it wins; so does having 10 points on your turn with a higher level than everybody else.	Erfülle die Bedingung, beanspruche ein Wunder und baue seine vier Stufen. Wer sein Wunder vollendet, gewinnt; ebenso, wer am Zug ist, 10 Punkte hat und eine höhere Stufe erreicht hat als alle anderen.	Opfyld betingelsen, gør krav på et vidunder og byg dets fire trin. Når du gør det færdigt, vinder du; det gør du også, hvis du på din tur har 10 point og et højere trin end alle andre.	Uppfyll villkoret, gör anspråk på ett underverk och bygg dess fyra steg. Att göra det färdigt ger seger; det gör även 10 poäng på din tur med ett högre steg än alla andra.	Oppfyll vilkåret, gjør krav på et underverk og bygg de fire trinnene. Å fullføre det gir seier, det samme gjør 10 poeng på din tur med et høyere trinn enn alle andre.	Voldoe aan de voorwaarde, claim een wonder en bouw de vier niveaus. Het voltooien ervan wint, net als 10 punten op je beurt met een hoger niveau dan alle anderen.	Remplissez la condition, revendiquez une merveille et construisez ses quatre niveaux. L'achever fait gagner, tout comme avoir 10 points à votre tour avec un niveau plus élevé que tous les autres.	Cumple la condición, reclama una maravilla y construye sus cuatro niveles. Terminarla gana la partida, igual que tener 10 puntos en tu turno con un nivel más alto que todos los demás.	Soddisfa la condizione, rivendica una meraviglia e costruisci i suoi quattro livelli. Completarla fa vincere, così come avere 10 punti nel tuo turno con un livello più alto di tutti gli altri.	Cumpra a condição, reivindique uma maravilha e construa os seus quatro níveis. Concluí-la dá a vitória, tal como ter 10 pontos na sua vez com um nível mais alto do que todos os outros.	Spełnij warunek, zajmij cud i zbuduj jego cztery poziomy. Ukończenie cudu daje zwycięstwo, podobnie jak 10 punktów w twojej turze przy wyższym poziomie niż wszyscy inni.	Koşulu karşıla, bir harika sahiplen ve dört aşamasını inşa et. Tamamlamak kazandırır; sıranda 10 puana ve herkesten yüksek bir aşamaya sahip olmak da öyle.	Виконайте умову, заберіть диво й побудуйте його чотири рівні. Завершення дива дає перемогу, як і 10 очок у ваш хід за вищого рівня, ніж у всіх інших.	조건을 충족하고 불가사의를 선택해 4단계를 모두 지으세요. 완성하면 승리하며, 자기 차례에 10점을 갖고 다른 모든 사람보다 높은 단계에 있어도 승리합니다.	条件を満たして驚異を取得し、4つのレベルを建設します。完成させると勝利、または自分の手番に10点以上で、他の全員より高いレベルにいても勝利です。	满足条件、认领奇观并建造它的四层。建成即获胜；在自己的回合拥有 10 分且层数高于所有其他人时同样获胜。
Pirate to the frame	Seeräuber auf den Rahmen	Pirat på rammen	Pirat på ramen	Pirat på rammen	Piraat op het kader	Pirate sur le cadre	Pirata al marco	Pirata sulla cornice	Pirata para a moldura	Pirat na ramkę	Korsan çerçeveye	Пірата на рамку	해적을 테두리로	海賊を枠へ	海盗放到边框
Place a road or a ship next to it.	Setze eine Straße oder ein Schiff daneben.	Placer en vej eller et skib ved siden af.	Placera en väg eller ett skepp intill.	Plasser en vei eller et skip ved siden av.	Plaats er een straat of een schip naast.	Placez une route ou un navire à côté.	Coloca una carretera o un barco al lado.	Piazza una strada o una nave accanto.	Coloque uma estrada ou um navio ao lado.	Postaw obok drogę lub statek.	Yanına bir yol ya da gemi yerleştir.	Розмістіть поруч дорогу або корабель.	옆에 도로나 배를 놓으세요.	隣に街道か船を置いてください。	在旁边放一条道路或一艘船。
Place free roads or ships: {n}.	Setze kostenlose Straßen oder Schiffe: {n}.	Placer gratis veje eller skibe: {n}.	Placera gratis vägar eller skepp: {n}.	Plasser gratis veier eller skip: {n}.	Plaats gratis straten of schepen: {n}.	Placez des routes ou navires gratuits : {n}.	Coloca carreteras o barcos gratis: {n}.	Piazza strade o navi gratis: {n}.	Coloque estradas ou navios grátis: {n}.	Postaw darmowe drogi lub statki: {n}.	Bedava yol veya gemi yerleştir: {n}.	Розмістіть безкоштовні дороги або кораблі: {n}.	무료 도로나 배를 놓으세요: {n}.	無料の街道か船を置いてください：{n}。	免费放置道路或船：{n}。
Place your harbour.	Lege deinen Hafen an.	Placer din havn.	Placera din hamn.	Plasser havnen din.	Plaats je haven.	Placez votre port.	Coloca tu puerto.	Colloca il tuo porto.	Coloque o seu porto.	Umieść swój port.	Limanını yerleştir.	Розмістіть свою гавань.	항구를 설치하세요.	港を設置してください。	请放置你的港口。
Place your third settlement.	Setze deine dritte Siedlung.	Placer din tredje bosættelse.	Placera din tredje bosättning.	Plasser din tredje bosetning.	Plaats je derde dorp.	Placez votre troisième colonie.	Coloca tu tercer poblado.	Piazza il tuo terzo insediamento.	Coloque a sua terceira aldeia.	Postaw swoją trzecią osadę.	Üçüncü köyünü yerleştir.	Розмістіть своє третє поселення.	세 번째 정착지를 놓으세요.	3つ目の開拓地を置いてください。	请放置你的第三个村庄。
Road or ship?	Straße oder Schiff?	Vej eller skib?	Väg eller skepp?	Vei eller skip?	Straat of schip?	Route ou navire ?	¿Carretera o barco?	Strada o nave?	Estrada ou navio?	Droga czy statek?	Yol mu, gemi mi?	Дорога чи корабель?	도로 또는 배?	街道か船か？	道路还是船？
Take one random card or one bale of cloth.	Nimm eine zufällige Karte oder einen Stoffballen.	Tag et tilfældigt kort eller en balle stof.	Ta ett slumpmässigt kort eller en tygbal.	Ta et tilfeldig kort eller en balle stoff.	Pak een willekeurige kaart of een baal stof.	Prenez une carte au hasard ou un ballot de tissu.	Toma una carta al azar o un fardo de tela.	Prendi una carta a caso o una balla di stoffa.	Fique com uma carta aleatória ou um fardo de tecido.	Weź losową kartę albo belę tkaniny.	Rastgele bir kart ya da bir kumaş balyası al.	Візьміть одну випадкову карту або один тюк тканини.	무작위 카드 한 장 또는 옷감 한 필을 가져옵니다.	ランダムなカード1枚か布1反を奪います。	随机拿一张牌，或拿一匹布。
Tap one of your highlighted coastal settlements.	Tippe auf eine deiner markierten Küstensiedlungen.	Tryk på en af dine markerede kystbosættelser.	Tryck på en av dina markerade kustbosättningar.	Trykk på en av de markerte kystbosetningene dine.	Tik op een van je gemarkeerde kustdorpen.	Touchez l'une de vos colonies côtières en surbrillance.	Toca uno de tus poblados costeros resaltados.	Tocca uno dei tuoi insediamenti costieri evidenziati.	Toque numa das suas aldeias costeiras destacadas.	Dotknij jednej ze swoich podświetlonych osad nadmorskich.	Vurgulanan kıyı köylerinden birine dokun.	Торкніться одного зі своїх підсвічених прибережних поселень.	강조된 해안 정착지 중 하나를 누르세요.	ハイライトされた海岸の開拓地をタップしてください。	点击你高亮显示的沿海村庄之一。
This edge is on the coast.	Diese Kante liegt an der Küste.	Denne kant ligger ved kysten.	Den här kanten ligger vid kusten.	Denne kanten ligger ved kysten.	Deze zijde ligt aan de kust.	Cette arête est sur la côte.	Este borde está en la costa.	Questo lato è sulla costa.	Esta aresta fica na costa.	Ta krawędź leży na wybrzeżu.	Bu kenar kıyıda.	Цей край лежить на узбережжі.	이 변은 해안에 있습니다.	この辺は海岸にあります。	这条边位于海岸。
Victory point chips · harbours waiting for a settlement	Siegpunkt-Chips · Häfen, die auf eine Siedlung warten	Sejrspoint-chips · havne, der venter på en bosættelse	Segerpoängsbrickor · hamnar som väntar på en bosättning	Seierspoeng-brikker · havner som venter på en bosetning	Overwinningspuntenfiches · havens die op een dorp wachten	Jetons de point de victoire · ports en attente d'une colonie	Fichas de punto de victoria · puertos a la espera de un poblado	Gettoni punto vittoria · porti in attesa di un insediamento	Fichas de ponto de vitória · portos à espera de uma aldeia	Żetony punktów zwycięstwa · porty czekające na osadę	Zafer puanı jetonları · bir köy bekleyen limanlar	Жетони переможних очок · гавані, що чекають на поселення	승점 칩 · 정착지를 기다리는 항구	勝利点チップ・開拓地を待つ港	胜利点筹码 · 等待村庄的港口
What do you take?	Was nimmst du?	Hvad tager du?	Vad tar du?	Hva tar du?	Wat pak je?	Que prenez-vous ?	¿Qué te llevas?	Cosa prendi?	O que leva?	Co bierzesz?	Ne alıyorsun?	Що ви берете?	무엇을 가져가시겠습니까?	何を奪いますか？	你要拿什么？
Win with {n} points.	Gewinne mit {n} Punkten.	Vind med {n} point.	Vinn med {n} poäng.	Vinn med {n} poeng.	Win met {n} punten.	Gagnez avec {n} points.	Gana con {n} puntos.	Vinci con {n} punti.	Ganhe com {n} pontos.	Wygraj, zdobywając {n} punktów.	{n} puanla kazan.	Перемагайте з {n} очками.	{n}점으로 승리합니다.	{n}点で勝利。	达到 {n} 分获胜。
Wonders	Wunder	Vidundere	Underverk	Underverk	Wonderen	Merveilles	Maravillas	Meraviglie	Maravilhas	Cuda	Harikalar	Дива	불가사의	驚異	奇观
You can only build one wonder.	Du kannst nur ein Wunder bauen.	Du kan kun bygge ét vidunder.	Du kan bara bygga ett underverk.	Du kan bare bygge ett underverk.	Je kunt maar één wonder bouwen.	Vous ne pouvez construire qu'une seule merveille.	Solo puedes construir una maravilla.	Puoi costruire una sola meraviglia.	Só pode construir uma maravilha.	Możesz zbudować tylko jeden cud.	Yalnızca bir harika inşa edebilirsin.	Ви можете збудувати лише одне диво.	불가사의는 하나만 지을 수 있습니다.	驚異は1つしか建設できません。	你只能建造一个奇观。
Development card: the first ship that reaches it takes it	Entwicklungskarte: Das erste Schiff, das sie erreicht, nimmt sie.	Udviklingskort: Det første skib, der når det, tager det.	Utvecklingskort: Det första skeppet som når det tar det.	Utviklingskort: Det første skipet som når det, tar det.	Ontwikkelingskaart: het eerste schip dat hem bereikt, pakt hem.	Carte développement : le premier navire qui l'atteint la prend.	Carta de desarrollo: el primer barco que llegue la toma.	Carta sviluppo: la prima nave che la raggiunge la prende.	Carta de desenvolvimento: o primeiro navio a chegar fica com ela.	Karta rozwoju: bierze ją pierwszy statek, który do niej dotrze.	Gelişim kartı: ona ilk ulaşan gemi alır.	Карта розвитку: її бере перший корабель, що дістанеться.	발전 카드: 가장 먼저 닿는 배가 가져갑니다.	発展カード：最初に着いた船が手に入れます。	发展卡：第一艘到达的船获得。
Harbour	Hafen	Havn	Hamn	Havn	Haven	Port	Puerto	Porto	Porto	Port	Liman	Гавань	항구	港	港口
New island bonus: +{n} victory points for your first settlement on this island	Inselbonus: +{n} Siegpunkte für deine erste Siedlung auf dieser Insel	Ø-bonus: +{n} sejrspoint for din første bosættelse på denne ø	Önbonus: +{n} segerpoäng för din första bosättning på den här ön	Øybonus: +{n} seierspoeng for din første bosetning på denne øya	Eilandbonus: +{n} overwinningspunten voor je eerste dorp op dit eiland	Bonus d'île : +{n} points de victoire pour votre première colonie sur cette île	Bonus de isla: +{n} puntos de victoria por tu primer poblado en esta isla	Bonus isola: +{n} punti vittoria per il tuo primo insediamento su quest'isola	Bónus de ilha: +{n} pontos de vitória pela sua primeira aldeia nesta ilha	Premia za wyspę: +{n} punkty zwycięstwa za twoją pierwszą osadę na tej wyspie	Ada bonusu: bu adadaki ilk köyün için +{n} zafer puanı	Бонус за острів: +{n} переможних очок за ваше перше поселення на цьому острові	새 섬 보너스: 이 섬의 첫 정착지에 승점 +{n}점	新しい島のボーナス：この島で最初の開拓地に勝利点+{n}点	新岛奖励：在此岛的首个村庄可得 +{n} 胜利分
Victory point chip: the first ship that reaches it takes it (+1 VP)	Siegpunkt-Chip: Das erste Schiff, das ihn erreicht, nimmt ihn (+1 SP).	Sejrspoint-chip: Det første skib, der når den, tager den (+1 VP).	Segerpoängsbricka: Det första skeppet som når den tar den (+1 SP).	Seierspoeng-brikke: Det første skipet som når den, tar den (+1 poeng).	Overwinningspuntenfiche: het eerste schip dat hem bereikt, pakt hem (+1 OP).	Jeton de point de victoire : le premier navire qui l'atteint le prend (+1 PV).	Ficha de punto de victoria: el primer barco que llegue la toma (+1 PV).	Gettone punto vittoria: la prima nave che lo raggiunge lo prende (+1 PV).	Ficha de ponto de vitória: o primeiro navio a chegar fica com ela (+1 PV).	Żeton punktu zwycięstwa: bierze go pierwszy statek, który do niego dotrze (+1 PZ).	Zafer puanı jetonu: ona ilk ulaşan gemi alır (+1 ZP).	Жетон переможного очка: його бере перший корабель, що дістанеться (+1 ПО).	승점 칩: 가장 먼저 닿는 배가 가져갑니다 (+1점).	勝利点チップ：最初に着いた船が手に入れます（+1点）。	胜利点筹码：第一艘到达的船获得（+1 胜利分）。
Village of the forgotten tribe: {n} bales of cloth left	Dorf des Vergessenen Stammes: noch {n} Stoffballen	Landsby for den glemte stamme: {n} baller stof tilbage	Byn hos den glömda stammen: {n} tygbalar kvar	Landsby for den glemte stammen: {n} baller stoff igjen	Dorp van de vergeten stam: nog {n} balen stof	Village de la tribu oubliée : il reste {n} ballots de tissu	Aldea de la tribu olvidada: quedan {n} fardos de tela	Villaggio della tribù dimenticata: restano {n} balle di stoffa	Povoado da tribo esquecida: restam {n} fardos de tecido	Wioska zapomnianego plemienia: zostało {n} bel tkaniny	Unutulmuş kabilenin köyü: {n} kumaş balyası kaldı	Село забутого племені: лишилося тюків тканини: {n}	잊힌 부족의 마을: 옷감 {n}필 남음	忘れられた部族の村：布が残り{n}反	被遗忘部落的村落：还剩 {n} 匹布
Great Wall chip	Große-Mauer-Chip	Chip til Den store mur	Bricka för Stora muren	Brikke for Den store muren	Fiche Grote Muur	Jeton Grande Muraille	Ficha de la Gran Muralla	Gettone Grande Muraglia	Ficha da Grande Muralha	Żeton Wielkiego Muru	Büyük Sur jetonu	Жетон Великого муру	거대한 성벽 칩	大城壁のチップ	大城墙筹码
Great Bridge chip	Große-Brücke-Chip	Chip til Den store bro	Bricka för Stora bron	Brikke for Den store broen	Fiche Grote Brug	Jeton Grand Pont	Ficha del Gran Puente	Gettone Grande Ponte	Ficha da Grande Ponte	Żeton Wielkiego Mostu	Büyük Köprü jetonu	Жетон Великого мосту	대교 칩	大橋のチップ	大桥筹码
Lighthouse chip	Leuchtturm-Chip	Chip til Fyrtårnet	Bricka för Fyren	Brikke for Fyrtårnet	Fiche Vuurtoren	Jeton Phare	Ficha del Faro	Gettone Faro	Ficha do Farol	Żeton Latarni morskiej	Deniz feneri jetonu	Жетон Маяка	등대 칩	灯台のチップ	灯塔筹码
Castle	Burg	Borg	Borg	Borg	Burcht	Château	Castillo	Castello	Castelo	Zamek	Kale	Замок	성	城	城堡
Great Bridge	Große Brücke	Den store bro	Stora bron	Den store broen	Grote Brug	Grand Pont	Gran Puente	Grande Ponte	Grande Ponte	Wielki Most	Büyük Köprü	Великий міст	대교	大橋	大桥
Great Wall	Große Mauer	Den store mur	Stora muren	Den store muren	Grote Muur	Grande Muraille	Gran Muralla	Grande Muraglia	Grande Muralha	Wielki Mur	Büyük Sur	Великий мур	거대한 성벽	大城壁	大城墙
Great Theater	Großes Theater	Det store teater	Stora teatern	Det store teateret	Groot Theater	Grand Théâtre	Gran Teatro	Grande Teatro	Grande Teatro	Wielki Teatr	Büyük Tiyatro	Великий театр	대극장	大劇場	大剧院
Monument	Monument	Monument	Monument	Monument	Monument	Monument	Monumento	Monumento	Monumento	Pomnik	Anıt	Монумент	기념비	記念碑	纪念碑
Lighthouse	Leuchtturm	Fyrtårn	Fyr	Fyrtårn	Vuurtoren	Phare	Faro	Faro	Farol	Latarnia morska	Deniz feneri	Маяк	등대	灯台	灯塔
Great Library	Große Bibliothek	Det store bibliotek	Stora biblioteket	Det store biblioteket	Grote Bibliotheek	Grande Bibliothèque	Gran Biblioteca	Grande Biblioteca	Grande Biblioteca	Wielka Biblioteka	Büyük Kütüphane	Велика бібліотека	대도서관	大図書館	大图书馆
1 city and at least 6 points	1 Stadt und mindestens 6 Siegpunkte	1 by og mindst 6 point	1 stad och minst 6 poäng	1 by og minst 6 poeng	1 stad en minstens 6 punten	1 ville et au moins 6 points	1 ciudad y al menos 6 puntos	1 città e almeno 6 punti	1 cidade e pelo menos 6 pontos	1 miasto i co najmniej 6 punktów	1 şehir ve en az 6 puan	1 місто та щонайменше 6 очок	도시 1개와 최소 6점	都市1つと6点以上	1 座城市且至少 6 分
A settlement at the strait (Great Bridge chip)	Siedlung an der Meerenge (Große-Brücke-Chip)	En bosættelse ved sundet (chip til Den store bro)	En bosättning vid sundet (bricka för Stora bron)	En bosetning ved sundet (brikke for Den store broen)	Een dorp aan de zeestraat (fiche Grote Brug)	Une colonie au détroit (jeton Grand Pont)	Un poblado en el estrecho (ficha del Gran Puente)	Un insediamento allo stretto (gettone Grande Ponte)	Uma aldeia no estreito (ficha da Grande Ponte)	Osada przy cieśninie (żeton Wielkiego Mostu)	Boğazda bir köy (Büyük Köprü jetonu)	Поселення біля протоки (жетон Великого мосту)	해협의 정착지 (대교 칩)	海峡にある開拓地（大橋のチップ）	海峡处的村庄（大桥筹码）
A settlement at the desert (Great Wall chip)	Siedlung an der Wüste (Große-Mauer-Chip)	En bosættelse ved ørkenen (chip til Den store mur)	En bosättning vid öknen (bricka för Stora muren)	En bosetning ved ørkenen (brikke for Den store muren)	Een dorp aan de woestijn (fiche Grote Muur)	Une colonie au désert (jeton Grande Muraille)	Un poblado junto al desierto (ficha de la Gran Muralla)	Un insediamento al deserto (gettone Grande Muraglia)	Uma aldeia no deserto (ficha da Grande Muralha)	Osada przy pustyni (żeton Wielkiego Muru)	Çölde bir köy (Büyük Sur jetonu)	Поселення біля пустелі (жетон Великого муру)	사막의 정착지 (거대한 성벽 칩)	砂漠にある開拓地（大城壁のチップ）	沙漠边的村庄（大城墙筹码）
2 cities	2 Städte	2 byer	2 städer	2 byer	2 steden	2 villes	2 ciudades	2 città	2 cidades	2 miasta	2 şehir	2 міста	도시 2개	都市2つ	2 座城市
A harbour city and a trade route of 5 roads or ships	Hafenstadt und Handelsroute mit 5 Straßen/Schiffen	En havneby og en handelsvej på 5 veje eller skibe	En hamnstad och en handelsväg med 5 vägar eller skepp	En havneby og en handelsvei med 5 veier eller skip	Een havenstad en een handelsroute van 5 straten of schepen	Une ville portuaire et une route commerciale de 5 routes ou navires	Una ciudad portuaria y una ruta comercial de 5 carreteras o barcos	Una città portuale e una rotta commerciale di 5 strade o navi	Uma cidade portuária e uma rota comercial de 5 estradas ou navios	Miasto portowe i szlak handlowy z 5 dróg lub statków	Bir liman şehri ve 5 yol ya da gemiden oluşan bir ticaret yolu	Портове місто та торговий шлях із 5 доріг або кораблів	항구 도시와 도로·배 5개짜리 교역로	港のある都市と、街道・船5つの交易路	一座港口城市和由 5 条道路或船组成的贸易路线
A settlement at the strait (Lighthouse chip)	Siedlung an der Meerenge (Leuchtturm-Chip)	En bosættelse ved sundet (chip til Fyrtårnet)	En bosättning vid sundet (bricka för Fyren)	En bosetning ved sundet (brikke for Fyrtårnet)	Een dorp aan de zeestraat (fiche Vuurtoren)	Une colonie au détroit (jeton Phare)	Un poblado en el estrecho (ficha del Faro)	Un insediamento allo stretto (gettone Faro)	Uma aldeia no estreito (ficha do Farol)	Osada przy cieśninie (żeton Latarni morskiej)	Boğazda bir köy (Deniz feneri jetonu)	Поселення біля протоки (жетон Маяка)	해협의 정착지 (등대 칩)	海峡にある開拓地（灯台のチップ）	海峡处的村庄（灯塔筹码）
Variable setup	Variabler Aufbau	Variabel opstilling	Variabel uppställning	Variabelt oppsett	Variabele opstelling	Installation variable	Preparación variable	Allestimento variabile	Preparação variável	Zmienne ustawienie	Değişken kurulum	Змінне розташування	가변 배치	可変セットアップ	可变布局
Deal the tiles, numbers and harbours again inside the printed outlines, as the rulebook allows.	Felder, Zahlen und Häfen innerhalb der vorgegebenen Umrisse neu auslegen, wie es die Spielanleitung erlaubt.	Læg felter, tal og havne om inden for de trykte omrids, som reglerne tillader.	Lägg ut fälten, talen och hamnarna på nytt inom de tryckta konturerna, som reglerna tillåter.	Legg ut feltene, tallene og havnene på nytt innenfor de trykte omrissene, slik reglene tillater.	Leg de velden, getallen en havens opnieuw uit binnen de afgedrukte contouren, zoals de spelregels toestaan.	Redistribuez tuiles, numéros et ports à l'intérieur des contours imprimés, comme le permet la règle.	Vuelve a repartir losetas, números y puertos dentro de los contornos impresos, como permite el reglamento.	Distribuisci di nuovo tessere, numeri e porti entro i contorni stampati, come consente il regolamento.	Volte a distribuir peças, números e portos dentro dos contornos impressos, como as regras permitem.	Rozłóż pola, liczby i porty od nowa w obrębie narysowanych konturów, jak pozwala instrukcja.	Kural kitabının izin verdiği gibi, basılı sınırlar içinde karoları, sayıları ve limanları yeniden dağıt.	Розкласти поля, числа й гавані наново в межах надрукованих контурів, як дозволяють правила.	규칙서가 허용하는 대로, 인쇄된 윤곽 안에서 타일·숫자·항구를 다시 배치합니다.	ルールブックの通り、印刷された輪郭の中でタイル・数字・港を並べ直します。	按规则书允许的方式，在印刷轮廓内重新分配地块、数字和港口。
Through the Desert	Durch die Wüste	Gennem ørkenen	Genom öknen	Gjennom ørkenen	Door de woestijn	À travers le désert	A través del desierto	Attraverso il deserto	Através do deserto	Przez pustynię	Çölün ötesinde	Крізь пустелю	사막을 건너	砂漠を越えて	穿越沙漠
The Forgotten Tribe	Der vergessene Stamm	Den glemte stamme	Den glömda stammen	Den glemte stammen	De vergeten stam	La tribu oubliée	La tribu olvidada	La tribù dimenticata	A tribo esquecida	Zapomniane plemię	Unutulmuş kabile	Забуте плем'я	잊힌 부족	忘れられた部族	被遗忘的部落
Cloth for Broch	Stoffe für Broch	Stof til Broch	Tyg till Broch	Stoff for Broch	Stof voor Broch	Des tissus pour Broch	Telas para Broch	Stoffe per Broch	Tecidos para Broch	Tkaniny dla Broch	Broch için kumaş	Тканини для Broch	Broch를 위한 옷감	Brochの布	Broch 的布料
The Wonders of Broch	Die Wunder von Broch	Brochs vidundere	Brochs underverk	Brochs underverk	De wonderen van Broch	Les merveilles de Broch	Las maravillas de Broch	Le meraviglie di Broch	As maravilhas de Broch	Cuda Broch	Broch'un harikaları	Дива Broch	Broch의 불가사의	Brochの驚異	Broch 的奇观
New World	Neue Welt	Den nye verden	Nya världen	Den nye verden	Nieuwe wereld	Nouveau Monde	Nuevo Mundo	Nuovo Mondo	Novo Mundo	Nowy Świat	Yeni Dünya	Новий світ	신세계	新世界	新世界
The Fog Islands	Ozeanien	Tågeøerne	Dimöarna	Tåkeøyene	De mistige eilanden	Les Îles de la brume	Las islas de la niebla	Le Isole della Nebbia	As Ilhas do Nevoeiro	Wyspy we mgle	Sis Adaları	Острови в тумані	안개 섬	霧の島々	迷雾群岛
Settle the large island, then sail out to the small islands.	Besiedle die große Insel und segle dann zu den kleinen Inseln.	Bosæt den store ø, og sejl derefter ud til de små øer.	Bosätt dig på den stora ön och segla sedan ut till de små öarna.	Bosett deg på den store øya, og seil deretter ut til de små øyene.	Vestig je op het grote eiland en vaar dan naar de kleine eilanden.	Colonisez la grande île, puis naviguez vers les petites îles.	Puebla la isla grande y navega después hacia las islas pequeñas.	Insediati sull'isola grande, poi naviga verso le isole piccole.	Povoe a ilha grande e depois navegue até às ilhas pequenas.	Zasiedl dużą wyspę, a potem popłyń na małe wyspy.	Büyük adaya yerleş, sonra küçük adalara yelken aç.	Заселіть великий острів, а потім вирушайте на малі острови.	큰 섬에 정착한 뒤 작은 섬들로 항해하세요.	大きな島に入植し、その後小さな島々へ船で向かいましょう。	先在大岛上建村庄，再驶向小岛。
Be present on all four islands.	Sei auf allen vier Inseln vertreten.	Vær til stede på alle fire øer.	Var närvarande på alla fyra öarna.	Vær til stede på alle de fire øyene.	Wees aanwezig op alle vier de eilanden.	Soyez présent sur les quatre îles.	Está presente en las cuatro islas.	Sii presente su tutte e quattro le isole.	Esteja presente nas quatro ilhas.	Bądź obecny na wszystkich czterech wyspach.	Dört adanın hepsinde var ol.	Закріпіться на всіх чотирьох островах.	네 섬 모두에 진출하세요.	4つの島すべてに進出しましょう。	在全部四座岛上都建立据点。
Explore the fog sea between the two large islands.	Erkunde das Nebelmeer zwischen den beiden großen Inseln.	Udforsk tågehavet mellem de to store øer.	Utforska dimhavet mellan de två stora öarna.	Utforsk tåkehavet mellom de to store øyene.	Verken de mist tussen de twee grote eilanden.	Explorez la mer de brume entre les deux grandes îles.	Explora el mar de niebla entre las dos islas grandes.	Esplora il mare di nebbia tra le due isole grandi.	Explore o mar de nevoeiro entre as duas ilhas grandes.	Zbadaj morze we mgle między dwiema dużymi wyspami.	İki büyük ada arasındaki sisli denizi keşfet.	Дослідіть море туману між двома великими островами.	두 큰 섬 사이의 안개 바다를 탐험하세요.	2つの大きな島のあいだの霧の海を探検しましょう。	探索两座大岛之间的迷雾海域。
Cross the desert belt or sail to the small islands.	Überquere den Wüstengürtel oder segle zu den kleinen Inseln.	Kryds ørkenbæltet, eller sejl til de små øer.	Korsa ökenbältet eller segla till de små öarna.	Kryss ørkenbeltet, eller seil til de små øyene.	Steek de woestijngordel over of vaar naar de kleine eilanden.	Traversez la ceinture désertique ou naviguez vers les petites îles.	Cruza la franja de desierto o navega hacia las islas pequeñas.	Attraversa la fascia di deserto o naviga verso le isole piccole.	Atravesse a faixa de deserto ou navegue até às ilhas pequenas.	Przekrocz pas pustyni albo popłyń na małe wyspy.	Çöl kuşağını geç ya da küçük adalara yelken aç.	Перетніть смугу пустелі або попливіть до малих островів.	사막 지대를 가로지르거나 작은 섬들로 항해하세요.	砂漠地帯を横断するか、小さな島々へ船で向かいましょう。	穿越沙漠带，或驶向小岛。
The tribe on the small islands has gifts for those who arrive first.	Der Stamm auf den kleinen Inseln hat Geschenke für alle, die als Erste ankommen.	Stammen på de små øer har gaver til dem, der kommer først.	Stammen på de små öarna har gåvor till dem som kommer först.	Stammen på de små øyene har gaver til dem som kommer først.	De stam op de kleine eilanden heeft geschenken voor wie het eerst aankomt.	La tribu des petites îles a des cadeaux pour ceux qui arrivent les premiers.	La tribu de las islas pequeñas tiene regalos para quienes lleguen primero.	La tribù delle isole piccole ha dei doni per chi arriva per primo.	A tribo das ilhas pequenas tem presentes para quem chegar primeiro.	Plemię z małych wysp ma dary dla tych, którzy przybędą pierwsi.	Küçük adalardaki kabile, ilk varanlara hediyeler verir.	Плем'я на малих островах має дари для тих, хто прибуде першим.	작은 섬의 부족이 가장 먼저 도착한 사람에게 선물을 줍니다.	小さな島の部族は、最初に着いた人に贈り物をくれます。	小岛上的部落会向最先抵达的人赠送礼物。
Trade with the villages of the forgotten tribe for bales of cloth.	Handle mit den Dörfern des vergessenen Stammes und erhalte Stoffballen.	Handl med den glemte stammes landsbyer for at få baller af stof.	Handla med den glömda stammens byar och få tygbalar.	Handle med landsbyene til den glemte stammen for å få baller med stoff.	Handel met de stamdorpen van de vergeten stam voor balen stof.	Commercez avec les villages de la tribu oubliée pour obtenir des ballots de tissu.	Comercia con las aldeas de la tribu olvidada para conseguir fardos de tela.	Commercia con i villaggi della tribù dimenticata per ottenere balle di stoffa.	Comercie com os povoados da tribo esquecida para obter fardos de tecido.	Handluj z wioskami zapomnianego plemienia, by zdobywać bele tkaniny.	Unutulmuş kabilenin köyleriyle ticaret yaparak kumaş balyaları kazan.	Торгуйте із селами забутого племені, щоб отримувати тюки тканини.	잊힌 부족의 마을과 교역하여 옷감을 얻으세요.	忘れられた部族の村と交易して、布を手に入れましょう。	与被遗忘部落的村落交易，换取布匹。
Be the first to raise a wonder.	Errichte als Erster ein Wunder.	Vær den første til at rejse et vidunder.	Bli först med att resa ett underverk.	Bli først til å reise et underverk.	Wees de eerste die een wonder voltooit.	Soyez le premier à élever une merveille.	Sé el primero en levantar una maravilla.	Sii il primo a erigere una meraviglia.	Seja o primeiro a erguer uma maravilha.	Jako pierwszy wznieś cud.	Bir harikayı ilk inşa eden ol.	Першим зведіть диво.	가장 먼저 불가사의를 세우세요.	最初に驚異を建てましょう。	抢先建成一座奇观。
Free game: every tile and number is dealt at random.	Freies Spiel: Alle Felder und Zahlen werden zufällig verteilt.	Frit spil: Alle felter og tal fordeles tilfældigt.	Fritt spel: Alla brickor och tal fördelas slumpmässigt.	Fritt spill: Alle felter og tall fordeles tilfeldig.	Vrij spel: alle velden en getallen worden willekeurig verdeeld.	Partie libre : tous les terrains et les nombres sont distribués au hasard.	Partida libre: todos los terrenos y números se reparten al azar.	Partita libera: tutti i terreni e i numeri vengono distribuiti a caso.	Jogo livre: todos os terrenos e números são distribuídos ao acaso.	Gra swobodna: wszystkie pola i liczby są losowane.	Serbest oyun: tüm araziler ve sayılar rastgele dağıtılır.	Вільна гра: усі гекси й числа роздаються випадково.	자유 게임: 모든 타일과 숫자가 무작위로 배치됩니다.	フリーゲーム：すべてのタイルと数字がランダムに配置されます。	自由模式：所有地块和数字都随机分配。
Your first two settlements go on the large island.	Deine ersten beiden Siedlungen kommen auf die große Insel.	Dine to første bosættelser skal ligge på den store ø.	Dina två första bosättningar placeras på den stora ön.	De to første bosetningene dine plasseres på den store øya.	Je eerste twee dorpen komen op het grote eiland.	Vos deux premières colonies sont placées sur la grande île.	Tus dos primeros poblados van en la isla grande.	I tuoi primi due insediamenti vanno sull'isola grande.	As suas duas primeiras aldeias ficam na ilha grande.	Twoje pierwsze dwie osady stawiasz na dużej wyspie.	İlk iki köyün büyük adaya yerleştirilir.	Ваші перші два поселення стоять на великому острові.	처음 두 정착지는 큰 섬에 놓습니다.	最初の2つの開拓地は大きな島に置きます。	你的前两个村庄要建在大岛上。
Your first settlement on each small island earns 2 bonus points.	Deine erste Siedlung auf jeder kleinen Insel bringt dir 2 Bonuspunkte.	Din første bosættelse på hver lille ø giver 2 bonuspoint.	Din första bosättning på varje liten ö ger 2 bonuspoäng.	Den første bosetningen din på hver liten øy gir 2 bonuspoeng.	Je eerste dorp op elk klein eiland levert 2 bonuspunten op.	Votre première colonie sur chaque petite île rapporte 2 points bonus.	Tu primer poblado en cada isla pequeña te da 2 puntos de bonificación.	Il tuo primo insediamento su ogni isola piccola ti dà 2 punti bonus.	A sua primeira aldeia em cada ilha pequena dá-lhe 2 pontos de bónus.	Twoja pierwsza osada na każdej małej wyspie daje 2 punkty bonusowe.	Her küçük adadaki ilk köyün sana 2 bonus puan kazandırır.	Ваше перше поселення на кожному малому острові дає 2 бонусні очки.	각 작은 섬에 지은 첫 정착지는 보너스 2점을 줍니다.	小さな島ごとの最初の開拓地は、ボーナス2点になります。	你在每座小岛上的第一个村庄可获得 2 点奖励分。
The robber and the pirate are both in play.	Räuber und Seeräuber sind beide im Spiel.	Både røveren og piraten er i spil.	Både rövaren och piraten är med i spelet.	Både røveren og piraten er med i spillet.	Zowel de rover als de piraat doen mee.	Le voleur et le pirate sont tous deux en jeu.	El ladrón y el pirata están ambos en juego.	Sia il brigante sia il pirata sono in gioco.	O ladrão e o pirata estão ambos em jogo.	W grze są zarówno złodziej, jak i pirat.	Hem haydut hem de korsan oyundadır.	У грі є і розбійник, і пірат.	도적과 해적이 모두 게임에 등장합니다.	盗賊と海賊の両方が登場します。	强盗和海盗都在游戏中。
Your first two settlements may stand on any islands; those are your home islands.	Deine ersten beiden Siedlungen dürfen auf beliebigen Inseln stehen; das sind deine Heimatinseln.	Dine to første bosættelser må ligge på vilkårlige øer; det er dine hjemmeøer.	Dina två första bosättningar får stå på vilka öar som helst; det är dina hemöar.	De to første bosetningene dine kan stå på hvilke øyer som helst; det er hjemmeøyene dine.	Je eerste twee dorpen mogen op elk eiland staan; dat zijn je thuiseilanden.	Vos deux premières colonies peuvent se trouver sur n'importe quelles îles ; ce sont vos îles d'origine.	Tus dos primeros poblados pueden estar en cualquier isla; esas son tus islas de origen.	I tuoi primi due insediamenti possono stare su qualsiasi isola; sono le tue isole di partenza.	As suas duas primeiras aldeias podem ficar em quaisquer ilhas; essas são as suas ilhas de origem.	Twoje pierwsze dwie osady mogą stać na dowolnych wyspach; to Twoje wyspy domowe.	İlk iki köyün istediğin adalarda olabilir; bunlar senin ana adalarındır.	Ваші перші два поселення можуть стояти на будь-яких островах; це ваші рідні острови.	처음 두 정착지는 어느 섬에든 놓을 수 있으며, 그 섬이 내 본거지 섬입니다.	最初の2つの開拓地は好きな島に置けます。そこが自分の本拠地の島です。	你的前两个村庄可以建在任意岛上，这些就是你的本土岛。
Your first settlement on every foreign island earns 2 bonus points.	Deine erste Siedlung auf jeder fremden Insel bringt dir 2 Bonuspunkte.	Din første bosættelse på hver fremmed ø giver 2 bonuspoint.	Din första bosättning på varje främmande ö ger 2 bonuspoäng.	Den første bosetningen din på hver fremmede øy gir 2 bonuspoeng.	Je eerste dorp op elk vreemd eiland levert 2 bonuspunten op.	Votre première colonie sur chaque île étrangère rapporte 2 points bonus.	Tu primer poblado en cada isla extranjera te da 2 puntos de bonificación.	Il tuo primo insediamento su ogni isola straniera ti dà 2 punti bonus.	A sua primeira aldeia em cada ilha estrangeira dá-lhe 2 pontos de bónus.	Twoja pierwsza osada na każdej obcej wyspie daje 2 punkty bonusowe.	Her yabancı adadaki ilk köyün sana 2 bonus puan kazandırır.	Ваше перше поселення на кожному чужому острові дає 2 бонусні очки.	각 외지 섬에 지은 첫 정착지는 보너스 2점을 줍니다.	他の島ごとの最初の開拓地は、ボーナス2点になります。	你在每座外来岛上的第一个村庄可获得 2 点奖励分。
Your first two settlements go on the two large islands.	Deine ersten beiden Siedlungen kommen auf die beiden großen Inseln.	Dine to første bosættelser skal ligge på de to store øer.	Dina två första bosättningar placeras på de två stora öarna.	De to første bosetningene dine plasseres på de to store øyene.	Je eerste twee dorpen komen op de twee grote eilanden.	Vos deux premières colonies sont placées sur les deux grandes îles.	Tus dos primeros poblados van en las dos islas grandes.	I tuoi primi due insediamenti vanno sulle due isole grandi.	As suas duas primeiras aldeias ficam nas duas ilhas grandes.	Twoje pierwsze dwie osady stawiasz na dwóch dużych wyspach.	İlk iki köyün iki büyük adaya yerleştirilir.	Ваші перші два поселення стоять на двох великих островах.	처음 두 정착지는 두 큰 섬에 놓습니다.	最初の2つの開拓地は2つの大きな島に置きます。	你的前两个村庄要建在两座大岛上。
Build a ship or road next to a face-down tile to turn it over. Land gives you one resource of its kind (gold: any resource) and gets a number chip.	Baue ein Schiff oder eine Straße neben ein verdecktes Feld, um es aufzudecken. Land bringt dir einen Rohstoff dieser Art (Gold: einen beliebigen Rohstoff) und bekommt einen Zahlenchip.	Byg et skib eller en vej ved siden af et skjult felt for at vende det. Land giver dig en råvare af den slags (guld: en vilkårlig råvare) og får en talbrik.	Bygg ett skepp eller en väg intill en nedvänd bricka för att vända den. Land ger dig en råvara av sitt slag (guld: valfri råvara) och får en sifferbricka.	Bygg et skip eller en vei ved siden av et skjult felt for å snu det. Land gir deg én råvare av sitt slag (gull: en valgfri råvare) og får en tallbrikke.	Bouw een schip of straat naast een verborgen veld om het open te draaien. Land levert je één grondstof van die soort op (goud: een grondstof naar keuze) en krijgt een getalfiche.	Construisez un navire ou une route à côté d'un terrain face cachée pour le retourner. Une terre vous donne une ressource de son type (or : une ressource au choix) et reçoit un jeton numéro.	Construye un barco o una carretera junto a un terreno boca abajo para darle la vuelta. Si es tierra, recibes una materia prima de su tipo (oro: la que quieras) y recibe una ficha de número.	Costruisci una nave o una strada accanto a un terreno coperto per scoprirlo. Se è terra, ricevi una risorsa del suo tipo (oro: una risorsa a scelta) e riceve un gettone numerato.	Construa um navio ou uma estrada junto a um terreno virado para baixo para o virar. Se for terra, você recebe uma matéria-prima desse tipo (ouro: qualquer uma) e ela ganha uma ficha de número.	Zbuduj statek lub drogę obok zakrytego pola, aby je odkryć. Ląd daje Ci jeden surowiec tego rodzaju (złoto: dowolny surowiec) i dostaje żeton z liczbą.	Kapalı bir arazinin yanına gemi ya da yol inşa ederek onu çevir. Kara, sana türüne uygun bir kaynak verir (altın: istediğin bir kaynak) ve bir sayı jetonu alır.	Побудуйте корабель або дорогу поряд із закритим гексом, щоб його перевернути. Суходіл дає вам один ресурс свого виду (золото: будь-який ресурс) і отримує жетон із числом.	뒤집히지 않은 타일 옆에 배나 도로를 지으면 타일을 뒤집습니다. 땅이면 그 종류의 자원 1장을 받고(금: 원하는 자원) 숫자 칩이 놓입니다.	裏向きのタイルの隣に船か街道を作ると、そのタイルをめくります。陸地なら同じ種類の資源を1枚もらえ（金：好きな資源）、数字チップが置かれます。	在背面朝上的地块旁建造船或道路，即可将其翻开。若是陆地，你获得一份该类资源（金矿：任选一种资源），并放上数字筹码。
There are no bonus points for islands.	Für Inseln gibt es keine Bonuspunkte.	Der er ingen bonuspoint for øer.	Det finns inga bonuspoäng för öar.	Det er ingen bonuspoeng for øyer.	Voor eilanden zijn er geen bonuspunten.	Il n'y a pas de points bonus pour les îles.	No hay puntos de bonificación por islas.	Non ci sono punti bonus per le isole.	Não há pontos de bónus por ilhas.	Za wyspy nie ma punktów bonusowych.	Adalar için bonus puan yoktur.	За острови бонусних очок немає.	섬에 대한 보너스 점수는 없습니다.	島に対するボーナス点はありません。	岛屿没有奖励分。
Your first two settlements go on the large part of the main island, on this side of the desert belt.	Deine ersten beiden Siedlungen kommen auf den großen Teil der Hauptinsel, diesseits des Wüstengürtels.	Dine to første bosættelser skal ligge på den store del af hovedøen, på denne side af ørkenbæltet.	Dina två första bosättningar placeras på den stora delen av huvudön, på den här sidan av ökenbältet.	De to første bosetningene dine plasseres på den store delen av hovedøya, på denne siden av ørkenbeltet.	Je eerste twee dorpen komen op het grote deel van het hoofdeiland, aan deze kant van de woestijngordel.	Vos deux premières colonies sont placées sur la grande partie de l'île principale, de ce côté de la ceinture désertique.	Tus dos primeros poblados van en la parte grande de la isla principal, a este lado de la franja de desierto.	I tuoi primi due insediamenti vanno sulla parte grande dell'isola principale, da questo lato della fascia di deserto.	As suas duas primeiras aldeias ficam na parte grande da ilha principal, deste lado da faixa de deserto.	Twoje pierwsze dwie osady stawiasz na dużej części wyspy głównej, po tej stronie pasa pustyni.	İlk iki köyün ana adanın büyük bölümüne, çöl kuşağının bu yanına yerleştirilir.	Ваші перші два поселення стоять на великій частині головного острова, по цей бік смуги пустелі.	처음 두 정착지는 본섬의 큰 부분, 사막 지대의 이쪽 편에 놓습니다.	最初の2つの開拓地は、本島の大きい側、砂漠地帯の手前に置きます。	你的前两个村庄要建在主岛较大的一部分，即沙漠带的这一侧。
The strip behind the desert and the small islands are foreign islands: your first settlement on each earns 2 bonus points.	Der Streifen hinter der Wüste und die kleinen Inseln sind fremde Inseln: Deine erste Siedlung auf jeder bringt dir 2 Bonuspunkte.	Striben bag ørkenen og de små øer er fremmede øer: Din første bosættelse på hver giver 2 bonuspoint.	Remsan bakom öknen och de små öarna är främmande öar: Din första bosättning på varje ger 2 bonuspoäng.	Stripen bak ørkenen og de små øyene er fremmede øyer: Den første bosetningen din på hver gir 2 bonuspoeng.	De strook achter de woestijn en de kleine eilanden zijn vreemde eilanden: je eerste dorp op elk ervan levert 2 bonuspunten op.	La bande derrière le désert et les petites îles sont des îles étrangères : votre première colonie sur chacune rapporte 2 points bonus.	La franja tras el desierto y las islas pequeñas son islas extranjeras: tu primer poblado en cada una te da 2 puntos de bonificación.	La striscia dietro il deserto e le isole piccole sono isole straniere: il tuo primo insediamento su ciascuna ti dà 2 punti bonus.	A faixa atrás do deserto e as ilhas pequenas são ilhas estrangeiras: a sua primeira aldeia em cada uma dá-lhe 2 pontos de bónus.	Pas za pustynią i małe wyspy to obce wyspy: Twoja pierwsza osada na każdej z nich daje 2 punkty bonusowe.	Çölün arkasındaki şerit ve küçük adalar yabancı adalardır: her birindeki ilk köyün 2 bonus puan kazandırır.	Смуга за пустелею та малі острови — чужі острови: ваше перше поселення на кожному дає 2 бонусні очки.	사막 너머의 땅과 작은 섬들은 외지 섬입니다. 각각의 첫 정착지는 보너스 2점을 줍니다.	砂漠の向こうの細長い土地と小さな島々は他の島です。それぞれの最初の開拓地がボーナス2点になります。	沙漠另一侧的狭长地带和各小岛都是外来岛：你在每处的第一个村庄可获得 2 点奖励分。
The robber starts on one of the deserts.	Der Räuber startet auf einer der Wüsten.	Røveren starter på en af ørkenerne.	Rövaren startar på en av öknarna.	Røveren starter på en av ørkenene.	De rover begint op een van de woestijnen.	Le voleur commence sur l'un des déserts.	El ladrón empieza en uno de los desiertos.	Il brigante parte da uno dei deserti.	O ladrão começa num dos desertos.	Złodziej zaczyna na jednej z pustyń.	Haydut çöllerden birinde başlar.	Розбійник починає в одній із пустель.	도적은 사막 중 한 곳에서 시작합니다.	盗賊は砂漠のどれかから始まります。	强盗从其中一块沙漠开始。
Nobody may settle the small islands; they yield nothing.	Die kleinen Inseln dürfen nicht besiedelt werden; sie bringen nichts ein.	De små øer må ikke bebos; de giver intet.	De små öarna får inte bebyggas; de ger ingenting.	De små øyene kan ikke bebos; de gir ingenting.	De kleine eilanden mogen niet bebouwd worden; ze leveren niets op.	Les petites îles ne peuvent pas être colonisées ; elles ne rapportent rien.	Las islas pequeñas no se pueden poblar; no producen nada.	Le isole piccole non possono essere colonizzate; non producono nulla.	As ilhas pequenas não podem ser povoadas; não produzem nada.	Małych wysp nie wolno zasiedlać; nic nie dają.	Küçük adalara yerleşilemez; hiçbir şey üretmezler.	Малі острови заселяти не можна; вони нічого не дають.	작은 섬에는 정착할 수 없으며, 아무것도 생산하지 않습니다.	小さな島には入植できません。何も産出しません。	小岛不能建村庄，也不产出任何资源。
A ship built or moved onto a coast edge takes what lies there: a victory point chip (1 point), a development card (as if bought this turn) or a harbour.	Ein Schiff, das an eine Küstenkante gebaut oder dorthin gezogen wird, nimmt, was dort liegt: einen Siegpunkt-Chip (1 Punkt), eine Entwicklungskarte (wie in diesem Zug gekauft) oder einen Hafen.	Et skib, der bygges eller flyttes til en kystkant, tager det, der ligger der: en sejrspoint-chip (1 point), et udviklingskort (som købt i denne tur) eller en havn.	Ett skepp som byggs eller flyttas till en kustkant tar det som ligger där: en segerpoängsbricka (1 poäng), ett utvecklingskort (som om det köpts denna tur) eller en hamn.	Et skip som bygges eller flyttes til en kystkant, tar det som ligger der: en seierspoeng-brikke (1 poeng), et utviklingskort (som kjøpt denne runden) eller en havn.	Een schip dat op een kustrand wordt gebouwd of erheen wordt verplaatst, neemt wat daar ligt: een overwinningspuntenfiche (1 punt), een ontwikkelingskaart (alsof je die deze beurt kocht) of een haven.	Un navire construit ou déplacé sur une arête côtière prend ce qui s'y trouve : un jeton de point de victoire (1 point), une carte développement (comme si elle était achetée à ce tour) ou un port.	Un barco construido o movido a una arista de costa se lleva lo que hay allí: una ficha de punto de victoria (1 punto), una carta de desarrollo (como si se hubiera comprado este turno) o un puerto.	Una nave costruita o spostata su un lato di costa prende ciò che vi si trova: un gettone punto vittoria (1 punto), una carta sviluppo (come se fosse stata acquistata in questo turno) o un porto.	Um navio construído ou movido para uma aresta de costa fica com o que lá estiver: uma ficha de ponto de vitória (1 ponto), uma carta de desenvolvimento (como se tivesse sido comprada neste turno) ou um porto.	Statek zbudowany lub przesunięty na krawędź wybrzeża zabiera to, co tam leży: żeton punktu zwycięstwa (1 punkt), kartę rozwoju (jak kupioną w tej turze) albo port.	Kıyı kenarına inşa edilen veya taşınan gemi orada duranı alır: bir zafer puanı jetonu (1 puan), bir gelişim kartı (bu tur satın alınmış gibi) veya bir liman.	Корабель, побудований або переміщений на берегове ребро, забирає те, що там лежить: жетон переможного очка (1 очко), карту розвитку (ніби куплену цього ходу) або гавань.	해안 변에 지었거나 옮긴 배는 그곳에 놓인 것을 가져갑니다. 승점 칩(1점), 발전 카드(이번 턴에 산 것으로 취급) 또는 항구입니다.	海岸の辺に作った（または動かした）船は、そこにあるものを受け取ります。勝利点チップ（1点）、発展カード（このターンに買ったものとして扱う）、または港です。	建在或移动到海岸边上的船，会拿走那里的东西：一枚胜利点筹码（1 分）、一张发展卡（视为本回合购买）或一个港口。
A harbour goes onto one of your coastal settlements without a harbour at once (you choose which). If you have none, you keep it until you build one.	Ein Hafen kommt sofort an eine deiner Küstensiedlungen ohne Hafen (du wählst, an welche). Hast du keine, behältst du ihn, bis du eine baust.	En havn lægges straks ved en af dine kystbosættelser uden havn (du vælger hvilken). Har du ingen, beholder du den, til du bygger en.	En hamn läggs genast vid en av dina kustbosättningar utan hamn (du väljer vilken). Har du ingen behåller du den tills du bygger en.	En havn legges straks ved en av kystbosetningene dine uten havn (du velger hvilken). Har du ingen, beholder du den til du bygger en.	Een haven komt meteen bij een van je kustdorpen zonder haven (jij kiest welke). Heb je er geen, dan bewaar je hem tot je er een bouwt.	Un port est placé aussitôt sur l'une de vos colonies côtières sans port (vous choisissez laquelle). Si vous n'en avez aucune, vous le gardez jusqu'à en construire une.	Un puerto se coloca de inmediato en uno de tus poblados costeros sin puerto (tú eliges cuál). Si no tienes ninguno, lo conservas hasta construir uno.	Un porto va subito su uno dei tuoi insediamenti costieri senza porto (scegli tu quale). Se non ne hai, lo tieni finché non ne costruisci uno.	Um porto é colocado logo numa das suas aldeias costeiras sem porto (você escolhe qual). Se não tiver nenhuma, guarde-o até construir uma.	Port trafia od razu do jednej z Twoich nadbrzeżnych osad bez portu (Ty wybierasz, do której). Jeśli nie masz żadnej, zachowujesz go, aż jakąś zbudujesz.	Liman, limanı olmayan kıyı köylerinden birine hemen yerleştirilir (hangisi olacağını sen seçersin). Hiç yoksa, bir tane kurana kadar limanı saklarsın.	Гавань одразу ставиться до одного з ваших прибережних поселень без гавані (ви обираєте, до якого). Якщо такого немає, ви зберігаєте її, доки не побудуєте.	항구는 항구가 없는 내 해안 정착지 중 하나에 즉시 놓습니다(어디에 놓을지는 내가 고릅니다). 없다면 하나 지을 때까지 보관합니다.	港は、港のない自分の海岸の開拓地のうち1つにすぐ置きます（どこにするかは自分で選びます）。なければ、建てるまで持っておきます。	港口立即放到你一个尚无港口的沿海村庄上（由你选择哪个）。若没有，则保留到你建好一个为止。
The robber may not enter the small islands and may not return to his first desert.	Der Räuber darf nicht auf die kleinen Inseln und nicht auf seine erste Wüste zurückkehren.	Røveren må ikke gå ind på de små øer og ikke vende tilbage til sin første ørken.	Rövaren får inte gå till de små öarna och inte återvända till sin första öken.	Røveren kan ikke gå til de små øyene og ikke vende tilbake til sin første ørken.	De rover mag niet naar de kleine eilanden en niet terug naar zijn eerste woestijn.	Le voleur ne peut pas aller sur les petites îles ni retourner sur son désert de départ.	El ladrón no puede ir a las islas pequeñas ni volver a su primer desierto.	Il brigante non può andare sulle isole piccole né tornare al suo primo deserto.	O ladrão não pode ir para as ilhas pequenas nem voltar ao seu primeiro deserto.	Złodziej nie może wejść na małe wyspy ani wrócić na swoją pierwszą pustynię.	Haydut küçük adalara giremez ve ilk çölüne geri dönemez.	Розбійник не може потрапити на малі острови й повернутися до своєї першої пустелі.	도적은 작은 섬에 들어갈 수 없고, 처음 있던 사막으로 돌아올 수도 없습니다.	盗賊は小さな島に入れず、最初の砂漠にも戻れません。	强盗不能进入小岛，也不能回到最初的那块沙漠。
You found three settlements on the two large islands; only the third one pays starting resources.	Du gründest drei Siedlungen auf den beiden großen Inseln; nur die dritte bringt Startrohstoffe.	Du grundlægger tre bosættelser på de to store øer; kun den tredje giver startråvarer.	Du grundar tre bosättningar på de två stora öarna; bara den tredje ger startråvaror.	Du grunnlegger tre bosetninger på de to store øyene; bare den tredje gir startråvarer.	Je sticht drie dorpen op de twee grote eilanden; alleen het derde levert startgrondstoffen op.	Vous fondez trois colonies sur les deux grandes îles ; seule la troisième donne des ressources de départ.	Fundas tres poblados en las dos islas grandes; solo el tercero da materias primas iniciales.	Fondi tre insediamenti sulle due isole grandi; solo il terzo dà le risorse iniziali.	Você funda três aldeias nas duas ilhas grandes; só a terceira dá matérias-primas iniciais.	Zakładasz trzy osady na dwóch dużych wyspach; tylko trzecia daje surowce startowe.	İki büyük adada üç köy kurarsın; yalnızca üçüncüsü başlangıç kaynaklarını verir.	Ви засновуєте три поселення на двох великих островах; лише третє дає стартові ресурси.	두 큰 섬에 정착지를 3개 세우며, 시작 자원은 세 번째 정착지에서만 받습니다.	2つの大きな島に開拓地を3つ作ります。初期資源がもらえるのは3つ目だけです。	你在两座大岛上建三个村庄；只有第三个会提供初始资源。
A shipping line from your settlement to a village opens trade: you take 1 bale of cloth at once and another whenever the number of the village is rolled. That line is closed and cannot be moved.	Eine Schiffsroute von deiner Siedlung zu einem Dorf eröffnet den Handel: Du nimmst sofort 1 Stoffballen und danach einen weiteren, sooft die Zahl des Dorfes gewürfelt wird. Diese Route ist abgeschlossen und kann nicht verschoben werden.	En skibsrute fra din bosættelse til en landsby åbner handel: Du tager straks 1 balle stof og endnu en, hver gang landsbyens tal slås. Den rute er lukket og kan ikke flyttes.	En skeppsled från din bosättning till en by öppnar handel: Du tar genast 1 tygbal och en till varje gång byns tal slås. Den leden är sluten och kan inte flyttas.	En skipsrute fra bosetningen din til en landsby åpner handel: Du tar straks 1 balle stoff og en til hver gang landsbyens tall kastes. Den ruten er lukket og kan ikke flyttes.	Een scheepsroute van je dorp naar een stamdorp opent de handel: je pakt meteen 1 baal stof en nog een telkens als het getal van het stamdorp gegooid wordt. Die route is gesloten en kan niet worden verplaatst.	Une route maritime de votre colonie à un village ouvre le commerce : vous prenez aussitôt 1 ballot de tissu, puis un autre chaque fois que le numéro du village est tiré. Cette route est fermée et ne peut pas être déplacée.	Una ruta de barcos desde tu poblado hasta una aldea abre el comercio: tomas 1 fardo de tela al instante y otro cada vez que sale el número de la aldea. Esa ruta está cerrada y no puede moverse.	Una rotta di navi dal tuo insediamento a un villaggio apre il commercio: prendi subito 1 balla di stoffa e un'altra ogni volta che esce il numero del villaggio. Quella rotta è chiusa e non può essere spostata.	Uma rota de navios da sua aldeia até um povoado abre o comércio: você fica logo com 1 fardo de tecido e com outro sempre que sair o número do povoado. Essa rota está fechada e não pode ser movida.	Szlak okrętów od Twojej osady do wioski otwiera handel: od razu bierzesz 1 belę tkaniny i kolejną za każdym razem, gdy wypadnie liczba wioski. Ten szlak jest zamknięty i nie można go przesuwać.	Köyünden bir kabile köyüne uzanan gemi hattı ticareti başlatır: hemen 1 kumaş balyası alırsın, köyün sayısı her atıldığında bir tane daha alırsın. Bu hat kapalıdır ve taşınamaz.	Морський шлях від вашого поселення до села відкриває торгівлю: ви одразу берете 1 тюк тканини і ще один щоразу, коли випадає число села. Цей шлях замкнений і не може переміщуватися.	내 정착지에서 마을까지 이어진 배 항로는 교역을 엽니다. 즉시 옷감 1필을 받고, 마을의 숫자가 나올 때마다 1필을 더 받습니다. 그 항로는 닫혀 있어 옮길 수 없습니다.	自分の開拓地から村まで船がつながると交易が始まります。すぐに布を1反受け取り、村の数字が出るたびにもう1反受け取ります。その航路は閉じていて、動かせません。	从你的村庄到某个部落村落连成一条航线即开启贸易：你立即拿 1 匹布，之后每当该村落的点数被掷出，再拿 1 匹。这条航线已封闭，不能移动。
2 bales of cloth are worth 1 point. The game also ends when only 3 villages still hold cloth: the most points win, then the most cloth.	2 Stoffballen sind 1 Punkt wert. Das Spiel endet auch, wenn nur noch 3 Dörfer Stoff haben: Es gewinnt, wer die meisten Punkte hat, danach die meisten Stoffballen.	2 baller stof er 1 point værd. Spillet slutter også, når kun 3 landsbyer stadig har stof: Flest point vinder, derefter mest stof.	2 tygbalar är värda 1 poäng. Spelet tar också slut när bara 3 byar har tyg kvar: Flest poäng vinner, därefter mest tyg.	2 baller stoff er verdt 1 poeng. Spillet slutter også når bare 3 landsbyer fortsatt har stoff: Flest poeng vinner, deretter mest stoff.	2 balen stof zijn 1 punt waard. Het spel eindigt ook als nog maar 3 stamdorpen stof hebben: de meeste punten winnen, daarna de meeste stof.	2 ballots de tissu valent 1 point. La partie se termine aussi quand seuls 3 villages ont encore du tissu : le plus de points l'emporte, puis le plus de tissu.	2 fardos de tela valen 1 punto. La partida también termina cuando solo 3 aldeas conservan tela: gana quien tenga más puntos y, en su defecto, más tela.	2 balle di stoffa valgono 1 punto. La partita termina anche quando solo 3 villaggi hanno ancora stoffa: vince chi ha più punti, poi chi ha più stoffa.	2 fardos de tecido valem 1 ponto. O jogo também acaba quando só 3 povoados ainda têm tecido: ganha quem tiver mais pontos e, depois, mais tecido.	2 bele tkaniny są warte 1 punkt. Gra kończy się też, gdy tkaninę ma już tylko 3 wioski: wygrywa kto ma najwięcej punktów, potem najwięcej tkaniny.	2 kumaş balyası 1 puan eder. Oyun, yalnızca 3 köyde kumaş kaldığında da biter: en çok puanı olan kazanır, eşitlikte en çok kumaşı olan.	2 тюки тканини варті 1 очка. Гра також закінчується, коли тканина лишилася лише в 3 селах: перемагає той, хто має найбільше очок, потім — найбільше тканини.	옷감 2필은 1점입니다. 옷감이 남은 마을이 3곳뿐이면 게임도 끝납니다. 점수가 가장 높은 사람이 이기고, 같으면 옷감이 가장 많은 사람이 이깁니다.	布2反は1点になります。布が残っている村が3つだけになるとゲームも終了します。最も点数が高い人の勝ち、同点なら布が最も多い人の勝ちです。	2 匹布值 1 分。当只剩 3 个村落还有布时，游戏也会结束：分数最高者获胜，其次比布最多者。
There is no Longest Trade Route. Only players whose ships reached a village may move the pirate; he steals a card or a bale of cloth.	Es gibt keine Längste Handelsroute. Nur Spieler, deren Schiffe ein Dorf erreicht haben, dürfen den Seeräuber versetzen; er raubt eine Karte oder einen Stoffballen.	Der er ingen længste handelsrute. Kun spillere, hvis skibe har nået en landsby, må flytte piraten; han stjæler et kort eller en balle stof.	Det finns ingen längsta handelsväg. Bara spelare vars skepp har nått en by får flytta piraten; han stjäl ett kort eller en tygbal.	Det finnes ingen lengste handelsrute. Bare spillere hvis skip har nådd en landsby, kan flytte piraten; han stjeler et kort eller en balle stoff.	Er is geen langste handelsroute. Alleen spelers wier schepen een stamdorp bereikten, mogen de piraat verplaatsen; hij steelt een kaart of een baal stof.	Il n'y a pas de route commerciale la plus longue. Seuls les joueurs dont les navires ont atteint un village peuvent déplacer le pirate ; il vole une carte ou un ballot de tissu.	No hay Gran ruta comercial. Solo los jugadores cuyos barcos han llegado a una aldea pueden mover al pirata; roba una carta o un fardo de tela.	Non c'è la Rotta commerciale più lunga. Solo i giocatori le cui navi hanno raggiunto un villaggio possono spostare il pirata; ruba una carta o una balla di stoffa.	Não há Rota comercial mais longa. Só os jogadores cujos navios chegaram a um povoado podem mover o pirata; ele rouba uma carta ou um fardo de tecido.	Nie ma Najdłuższego szlaku handlowego. Tylko gracze, których statki dotarły do wioski, mogą przesunąć pirata; kradnie on kartę lub belę tkaniny.	En uzun ticaret yolu yoktur. Korsanı yalnızca gemileri bir köye ulaşmış oyuncular oynatabilir; bir kart ya da bir kumaş balyası çalar.	Найдовшого торгового шляху немає. Пірата можуть переміщувати лише гравці, чиї кораблі дісталися села; він краде карту або тюк тканини.	최장 교역로는 없습니다. 배가 마을에 닿은 플레이어만 해적을 옮길 수 있으며, 해적은 카드 한 장 또는 옷감 한 필을 훔칩니다.	最長交易路はありません。船が村に到達したプレイヤーだけが海賊を動かせ、海賊はカード1枚か布1反を奪います。	没有最长贸易路线。只有船只已抵达村落的玩家才能移动海盗；海盗会偷一张牌或一匹布。
Meet the condition of a wonder, claim it and build its four levels (each level costs the five resources shown).	Erfülle die Bedingung eines Wunders, beanspruche es und baue seine vier Stufen (jede Stufe kostet die fünf abgebildeten Rohstoffe).	Opfyld betingelsen for et vidunder, gør krav på det og byg dets fire trin (hvert trin koster de fem viste råvarer).	Uppfyll villkoret för ett underverk, gör anspråk på det och bygg dess fyra steg (varje steg kostar de fem visade råvarorna).	Oppfyll vilkåret for et underverk, krev det og bygg de fire trinnene (hvert trinn koster de fem viste råvarene).	Voldoe aan de voorwaarde van een wonder, claim het en bouw de vier niveaus (elk niveau kost de vijf getoonde grondstoffen).	Remplissez la condition d'une merveille, revendiquez-la et construisez ses quatre niveaux (chaque niveau coûte les cinq ressources indiquées).	Cumple la condición de una maravilla, reclámala y construye sus cuatro niveles (cada nivel cuesta las cinco materias primas indicadas).	Soddisfa la condizione di una meraviglia, rivendicala e costruisci i suoi quattro livelli (ogni livello costa le cinque risorse indicate).	Cumpra a condição de uma maravilha, reivindique-a e construa os seus quatro níveis (cada nível custa as cinco matérias-primas indicadas).	Spełnij warunek cudu, zajmij go i zbuduj jego cztery poziomy (każdy poziom kosztuje pięć pokazanych surowców).	Bir harikanın koşulunu sağla, onu sahiplen ve dört aşamasını inşa et (her aşama gösterilen beş kaynağa mal olur).	Виконайте умову дива, заявіть на нього права та збудуйте чотири рівні (кожен рівень коштує п'ять показаних ресурсів).	불가사의의 조건을 충족하고 선택한 뒤 4단계를 모두 지으세요(각 단계는 표시된 자원 5장이 듭니다).	驚異の条件を満たして選び、4つのレベルを建設します（各レベルは表示された資源5枚が必要です）。	满足某个奇观的条件后认领它，并建造其四个层级（每层需要图示的五种资源）。
You win by finishing your wonder, or on your turn with 10 points and a higher wonder level than everybody else.	Du gewinnst, indem du dein Wunder vollendest, oder in deinem Zug mit 10 Punkten und einer höheren Wunderstufe als alle anderen.	Du vinder ved at færdiggøre dit vidunder, eller i din tur med 10 point og et højere vidundertrin end alle andre.	Du vinner genom att färdigställa ditt underverk, eller på din tur med 10 poäng och ett högre underverkssteg än alla andra.	Du vinner ved å fullføre underverket ditt, eller i din tur med 10 poeng og et høyere underverkstrinn enn alle andre.	Je wint door je wonder te voltooien, of in je beurt met 10 punten en een hoger wonderniveau dan alle anderen.	Vous gagnez en terminant votre merveille, ou à votre tour avec 10 points et un niveau de merveille supérieur à celui de tous les autres.	Ganas al terminar tu maravilla, o en tu turno con 10 puntos y un nivel de maravilla superior al de todos los demás.	Vinci completando la tua meraviglia, oppure nel tuo turno con 10 punti e un livello di meraviglia superiore a quello di tutti gli altri.	Você vence ao concluir a sua maravilha, ou na sua vez com 10 pontos e um nível de maravilha superior ao de todos os outros.	Wygrywasz, kończąc swój cud, albo w swojej turze z 10 punktami i wyższym poziomem cudu niż wszyscy pozostali.	Harikanı tamamlayarak ya da kendi turunda 10 puanla ve herkesten yüksek bir harika aşamasıyla kazanırsın.	Ви перемагаєте, завершивши своє диво, або у свій хід з 10 очками та вищим рівнем дива, ніж у всіх інших.	불가사의를 완성하거나, 내 턴에 10점이면서 불가사의 단계가 다른 모두보다 높으면 승리합니다.	驚異を完成させるか、自分の手番に10点かつ驚異のレベルが他の全員より高ければ勝利します。	建成你的奇观即获胜；或在你的回合拥有 10 分且奇观层级高于其他所有人时获胜。
Every settlement you found on a small island earns 1 point. There is no pirate.	Jede Siedlung, die du auf einer kleinen Insel gründest, bringt 1 Punkt. Es gibt keinen Seeräuber.	Hver bosættelse, du grundlægger på en lille ø, giver 1 point. Der er ingen pirat.	Varje bosättning du grundar på en liten ö ger 1 poäng. Det finns ingen pirat.	Hver bosetning du grunnlegger på en liten øy, gir 1 poeng. Det finnes ingen pirat.	Elk dorp dat je op een klein eiland sticht, levert 1 punt op. Er is geen piraat.	Chaque colonie que vous fondez sur une petite île rapporte 1 point. Il n'y a pas de pirate.	Cada poblado que fundes en una isla pequeña da 1 punto. No hay pirata.	Ogni insediamento che fondi su un'isola piccola vale 1 punto. Non c'è il pirata.	Cada aldeia que fundar numa ilha pequena vale 1 ponto. Não há pirata.	Każda osada założona na małej wyspie daje 1 punkt. Nie ma pirata.	Küçük bir adada kurduğun her köy 1 puan kazandırır. Korsan yoktur.	Кожне поселення, засноване на малому острові, дає 1 очко. Пірата немає.	작은 섬에 세운 정착지 하나마다 1점을 얻습니다. 해적은 없습니다.	小さな島に作った開拓地は1つにつき1点になります。海賊はいません。	你在小岛上建的每个村庄得 1 分。没有海盗。
Corners next to the wonder chips stay empty in the founding phase.	Die Ecken neben den Wunder-Chips bleiben in der Gründungsphase frei.	Hjørnerne ved siden af vidunderbrikkerne forbliver tomme i grundlæggelsesfasen.	Hörnen intill underverksbrickorna förblir tomma under grundandet.	Hjørnene ved siden av underverksbrikkene forblir tomme i grunnleggelsesfasen.	De hoeken naast de wonderfiches blijven tijdens de beginfase leeg.	Les coins à côté des jetons de merveille restent vides pendant la phase de fondation.	Las esquinas junto a las fichas de maravilla quedan vacías durante la fase de fundación.	Gli angoli accanto ai gettoni meraviglia restano vuoti nella fase di fondazione.	Os cantos junto às fichas de maravilha ficam vazios na fase de fundação.	Rogi obok żetonów cudów pozostają puste w fazie zakładania.	Harika jetonlarının yanındaki köşeler kuruluş aşamasında boş kalır.	Кути біля жетонів див залишаються порожніми під час фази заснування.	불가사의 칩 옆의 모서리는 시작 단계에서 비워 둡니다.	驚異チップの隣の角は、開始フェーズでは空けておきます。	奇观筹码旁边的角点在开局阶段保持为空。
Your first two settlements may stand anywhere; those are your home islands.	Deine ersten beiden Siedlungen dürfen überall stehen; das sind deine Heimatinseln.	Dine to første bosættelser må ligge hvor som helst; det er dine hjemmeøer.	Dina två första bosättningar får stå var som helst; det är dina hemöar.	De to første bosetningene dine kan stå hvor som helst; det er hjemmeøyene dine.	Je eerste twee dorpen mogen overal staan; dat zijn je thuiseilanden.	Vos deux premières colonies peuvent se trouver n'importe où ; ce sont vos îles d'origine.	Tus dos primeros poblados pueden estar en cualquier sitio; esas son tus islas de origen.	I tuoi primi due insediamenti possono stare ovunque; sono le tue isole di partenza.	As suas duas primeiras aldeias podem ficar em qualquer lado; essas são as suas ilhas de origem.	Twoje pierwsze dwie osady mogą stać gdziekolwiek; to Twoje wyspy domowe.	İlk iki köyün her yerde olabilir; bunlar senin ana adalarındır.	Ваші перші два поселення можуть стояти будь-де; це ваші рідні острови.	처음 두 정착지는 어디에나 놓을 수 있으며, 그 섬이 내 본거지 섬입니다.	最初の2つの開拓地はどこにでも置けます。そこが自分の本拠地の島です。	你的前两个村庄可以建在任何地方，这些就是你的本土岛。
Your first settlement on each foreign island earns 1 bonus point.	Deine erste Siedlung auf jeder fremden Insel bringt dir 1 Bonuspunkt.	Din første bosættelse på hver fremmed ø giver 1 bonuspoint.	Din första bosättning på varje främmande ö ger 1 bonuspoäng.	Den første bosetningen din på hver fremmede øy gir 1 bonuspoeng.	Je eerste dorp op elk vreemd eiland levert 1 bonuspunt op.	Votre première colonie sur chaque île étrangère rapporte 1 point bonus.	Tu primer poblado en cada isla extranjera te da 1 punto de bonificación.	Il tuo primo insediamento su ogni isola straniera ti dà 1 punto bonus.	A sua primeira aldeia em cada ilha estrangeira dá-lhe 1 ponto de bónus.	Twoja pierwsza osada na każdej obcej wyspie daje 1 punkt bonusowy.	Her yabancı adadaki ilk köyün sana 1 bonus puan kazandırır.	Ваше перше поселення на кожному чужому острові дає 1 бонусне очко.	각 외지 섬에 지은 첫 정착지는 보너스 1점을 줍니다.	他の島ごとの最初の開拓地は、ボーナス1点になります。	你在每座外来岛上的第一个村庄可获得 1 点奖励分。
The robber starts on a 12; the pirate starts on the frame.	Der Räuber startet auf einer 12; der Seeräuber startet auf dem Rahmen.	Røveren starter på et 12-tal; piraten starter på rammen.	Rövaren startar på en 12:a; piraten startar på ramen.	Røveren starter på en 12-er; piraten starter på rammen.	De rover begint op een 12; de piraat begint op het kader.	Le voleur commence sur un 12 ; le pirate commence sur le cadre.	El ladrón empieza en un 12; el pirata empieza en el marco.	Il brigante parte da un 12; il pirata parte dalla cornice.	O ladrão começa num 12; o pirata começa na moldura.	Złodziej zaczyna na polu z liczbą 12; pirat zaczyna na ramce.	Haydut 12 üzerinde başlar; korsan çerçevede başlar.	Розбійник починає на 12; пірат починає на рамці.	도적은 12 위에서, 해적은 테두리에서 시작합니다.	盗賊は12の上から、海賊は枠の上から始まります。	强盗从数字 12 上开始；海盗从边框上开始。
Pick one of the scenarios from the rulebook, or the free game, when you create the game.	Wähle beim Erstellen des Spiels eines der Szenarien aus der Spielanleitung oder das freie Spiel.	Vælg et af scenarierne fra regelbogen, eller det frie spil, når du opretter spillet.	Välj ett av scenarierna från regelboken, eller det fria spelet, när du skapar spelet.	Velg et av scenarioene fra regelboken, eller det frie spillet, når du oppretter spillet.	Kies bij het aanmaken van het spel een van de scenario's uit het spelregelboekje of het vrije spel.	Choisissez à la création de la partie l'un des scénarios du livret de règles, ou la partie libre.	Al crear la partida, elige uno de los escenarios del reglamento o la partida libre.	Quando crei la partita, scegli uno degli scenari del regolamento oppure la partita libera.	Ao criar o jogo, escolha um dos cenários do livro de regras ou o jogo livre.	Przy tworzeniu gry wybierz jeden ze scenariuszy z instrukcji albo grę swobodną.	Oyunu kurarken kural kitabındaki senaryolardan birini ya da serbest oyunu seç.	Створюючи гру, оберіть один зі сценаріїв із правил або вільну гру.	게임을 만들 때 규칙서의 시나리오 중 하나나 자유 게임을 고르세요.	ゲームを作るとき、ルールブックのシナリオのどれか、またはフリーゲームを選びましょう。	创建游戏时，可选择规则书中的某个剧本，或自由模式。
Settle a new island: +2 points!	Besiedle eine neue Insel: +2 Punkte!	Bosæt en ny ø: +2 point!	Bosätt en ny ö: +2 poäng!	Bosett en ny øy: +2 poeng!	Vestig je op een nieuw eiland: +2 punten!	Colonisez une nouvelle île : +2 points !	¡Puebla una isla nueva: +2 puntos!	Insediati su una nuova isola: +2 punti!	Povoe uma ilha nova: +2 pontos!	Zasiedl nową wyspę: +2 punkty!	Yeni bir adaya yerleş: +2 puan!	Заселіть новий острів: +2 очки!	새 섬에 정착하세요: +2점!	新しい島に入植しよう：+2点！	在新岛上建村庄：+2 分！
Ships next to his tile are blocked, and he steals. On a 7 or with a knight you move either the robber or the pirate.	Schiffe neben seinem Feld sind blockiert, und er raubt. Bei einer 7 oder mit einem Ritter versetzt du entweder den Räuber oder den Seeräuber.	Skibe ved siden af hans felt er blokeret, og han stjæler. Ved et 7-tal eller med en ridder flytter du enten røveren eller piraten.	Skepp intill hans bricka är blockerade, och han stjäl. Vid en 7:a eller med en riddare flyttar du antingen rövaren eller piraten.	Skip ved siden av feltet hans er blokkert, og han stjeler. Ved en 7-er eller med en ridder flytter du enten røveren eller piraten.	Schepen naast zijn veld zijn geblokkeerd en hij steelt. Bij een 7 of met een ridder verplaats je de rover of de piraat.	Les navires à côté de son terrain sont bloqués, et il vole. Sur un 7 ou avec un chevalier, vous déplacez soit le voleur, soit le pirate.	Los barcos junto a su terreno quedan bloqueados, y roba. Con un 7 o con un caballero mueves o bien al ladrón o bien al pirata.	Le navi accanto al suo terreno sono bloccate, ed egli ruba. Con un 7 o con un cavaliere sposti o il brigante o il pirata.	Os navios junto ao terreno dele ficam bloqueados, e ele rouba. Com um 7 ou com um cavaleiro, você move o ladrão ou o pirata.	Statki obok jego pola są zablokowane, a on kradnie. Przy siódemce lub z rycerzem przesuwasz albo złodzieja, albo pirata.	Karesinin yanındaki gemiler engellenir ve o hırsızlık yapar. 7 atınca ya da bir şövalyeyle ya haydudu ya da korsanı oynatırsın.	Кораблі поруч із його гексом заблоковані, а він краде. На 7 або з лицарем ви переміщуєте або розбійника, або пірата.	해적 타일 옆의 배는 움직일 수 없고, 해적은 카드를 훔칩니다. 7이 나오거나 기사를 쓰면 도적과 해적 중 하나를 옮깁니다.	海賊のタイルの隣の船は動かせなくなり、海賊は資源を奪います。7が出たとき、または騎士を使うときは、盗賊か海賊のどちらかを動かします。	海盗所在地块旁的船被封锁，海盗还会偷牌。掷出 7 或使用骑士时，你可以移动强盗或海盗其中之一。
Tap the glowing corner. Your first settlement on each foreign island earns the bonus.	Tippe auf die leuchtende Ecke. Deine erste Siedlung auf jeder fremden Insel bringt den Bonus.	Tryk på det lysende hjørne. Din første bosættelse på hver fremmed ø giver bonussen.	Tryck på det lysande hörnet. Din första bosättning på varje främmande ö ger bonusen.	Trykk på det lysende hjørnet. Den første bosetningen din på hver fremmede øy gir bonusen.	Tik op de oplichtende hoek. Je eerste dorp op elk vreemd eiland levert de bonus op.	Touchez le coin lumineux. Votre première colonie sur chaque île étrangère rapporte le bonus.	Toca la esquina iluminada. Tu primer poblado en cada isla extranjera te da la bonificación.	Tocca l'incrocio illuminato. Il tuo primo insediamento su ogni isola straniera dà il bonus.	Toque no vértice iluminado. A sua primeira aldeia em cada ilha estrangeira dá o bónus.	Dotknij świecącego narożnika. Twoja pierwsza osada na każdej obcej wyspie daje bonus.	Parlayan köşeye dokun. Her yabancı adadaki ilk köyün bonusu kazandırır.	Торкніться сяйливого кута. Ваше перше поселення на кожному чужому острові дає бонус.	빛나는 꼭짓점을 누르세요. 각 외지 섬의 첫 정착지는 보너스를 줍니다.	光っている角をタップしてください。他の島ごとの最初の開拓地でボーナスがもらえます。	点击发光的角。你在每座外来岛上的第一个村庄都会获得奖励。
The last ship of an open chain may sail to a new spot once per turn. A chain that joins two of your settlements is closed.	Das letzte Schiff einer offenen Kette darf einmal pro Zug an eine neue Stelle segeln. Eine Kette, die zwei deiner Siedlungen verbindet, ist geschlossen.	Det sidste skib i en åben kæde må sejle til et nyt sted én gang pr. tur. En kæde, der forbinder to af dine bosættelser, er lukket.	Det sista skeppet i en öppen kedja får segla till en ny plats en gång per tur. En kedja som förbinder två av dina bosättningar är sluten.	Det siste skipet i en åpen kjede kan seile til et nytt sted én gang per runde. En kjede som forbinder to av bosetningene dine, er lukket.	Het laatste schip van een open ketting mag één keer per beurt naar een nieuwe plek varen. Een ketting die twee van je dorpen verbindt, is gesloten.	Le dernier navire d'une chaîne ouverte peut naviguer vers un nouvel emplacement une fois par tour. Une chaîne qui relie deux de vos colonies est fermée.	El último barco de una cadena abierta puede navegar a un nuevo lugar una vez por turno. Una cadena que une dos de tus poblados está cerrada.	L'ultima nave di una catena aperta può navigare verso un nuovo punto una volta per turno. Una catena che collega due dei tuoi insediamenti è chiusa.	O último navio de uma cadeia aberta pode navegar para um novo local uma vez por turno. Uma cadeia que liga duas das suas aldeias está fechada.	Ostatni statek otwartego łańcucha może raz na turę popłynąć w nowe miejsce. Łańcuch łączący dwie Twoje osady jest zamknięty.	Açık bir zincirin son gemisi tur başına bir kez yeni bir yere yelken açabilir. İki köyünü birbirine bağlayan zincir kapalıdır.	Останній корабель відкритого ланцюга може раз за хід переплисти на нове місце. Ланцюг, що з'єднує два ваші поселення, замкнений.	열린 사슬의 마지막 배는 턴마다 한 번 새 자리로 항해할 수 있습니다. 내 정착지 두 곳을 잇는 사슬은 닫혀 있습니다.	つながった船列の端の船は、1ターンに1回、新しい場所へ動かせます。自分の開拓地2つをつなぐ船列は閉じていて動かせません。	未封闭船链的末端船只每回合可航行到新位置一次。连接你两个村庄的船链是封闭的。
Win with 10 to 14 points.	Gewinne mit 10 bis 14 Punkten.	Vind med 10 til 14 point.	Vinn med 10 till 14 poäng.	Vinn med 10 til 14 poeng.	Win met 10 tot 14 punten.	Gagnez avec 10 à 14 points.	Gana con 10 a 14 puntos.	Vinci con da 10 a 14 punti.	Vença com 10 a 14 pontos.	Wygraj, mając od 10 do 14 punktów.	10 ila 14 puanla kazan.	Перемагайте з 10–14 очками.	10~14점이면 승리합니다.	10〜14点で勝利です。	拿到 10 至 14 分即可获胜。
