Pick a plant type.	Wähle eine Kraftwerksart.	Vælg en kraftværkstype.	Välj en kraftverkstyp.	Velg en kraftverkstype.	Kies een soort centrale.	Choisissez un type de centrale.	Elige un tipo de central.	Scegli un tipo di centrale.	Escolha um tipo de central.	Wybierz typ elektrowni.	Bir santral türü seç.	Оберіть тип електростанції.	발전소 종류를 고르세요.	発電所の種類を選んでください。	请选择发电厂类型。
Pick one of your towns or cities.	Wähle eine deiner Siedlungen oder Städte.	Vælg en af dine bebyggelser eller byer.	Välj en av dina byar eller städer.	Velg en av dine bosetninger eller byer.	Kies een van je dorpen of steden.	Choisissez une de vos colonies ou villes.	Elige uno de tus poblados o ciudades.	Scegli uno dei tuoi insediamenti o città.	Escolha um dos seus povoados ou cidades.	Wybierz jedną ze swoich osad lub miast.	Yerleşimlerinden ya da şehirlerinden birini seç.	Оберіть одне зі своїх поселень або міст.	당신의 마을이나 도시 중 하나를 고르세요.	自分の町か都市を選んでください。	请选择你的一个村庄或城市。
That building has no free slot.	Dieses Gebäude hat keinen freien Platz.	Den bygning har ingen ledig plads.	Den byggnaden har ingen ledig plats.	Den bygningen har ingen ledig plass.	Dat gebouw heeft geen vrije plek.	Ce bâtiment n’a plus de place libre.	Ese edificio no tiene hueco libre.	Quell’edificio non ha posti liberi.	Esse edifício não tem vaga livre.	Ten budynek nie ma wolnego miejsca.	Bu binanın boş yeri yok.	У цій будівлі немає вільного місця.	그 건물에는 빈 자리가 없습니다.	その建物に空きがありません。	该建筑没有空位。
The plant goes on a tile next to the building.	Das Kraftwerk kommt auf ein Feld neben dem Gebäude.	Kraftværket skal stå på en brik ved siden af bygningen.	Kraftverket står på en bricka bredvid byggnaden.	Kraftverket står på en brikke ved siden av bygningen.	De centrale komt op een tegel naast het gebouw.	La centrale se place sur une tuile voisine du bâtiment.	La central va en una casilla junto al edificio.	La centrale va su una tessera accanto all’edificio.	A central vai numa peça junto ao edifício.	Elektrownię stawia się na polu obok budynku.	Santral, binanın yanındaki bir karoya konur.	Електростанція стоїть на плитці поруч із будівлею.	발전소는 건물 옆 타일에 짓습니다.	発電所は建物の隣のタイルに置きます。	发电厂建在建筑旁边的地块上。
Only one power plant per turn.	Nur ein Kraftwerk pro Zug.	Kun ét kraftværk pr. tur.	Bara ett kraftverk per tur.	Bare ett kraftverk per tur.	Maar één centrale per beurt.	Une seule centrale par tour.	Solo una central por turno.	Una sola centrale per turno.	Só uma central por turno.	Tylko jedna elektrownia na turę.	Turda yalnızca bir santral.	Лише одна електростанція за хід.	한 턴에 발전소는 하나만 지을 수 있습니다.	発電所は1ターンに1つだけです。	每回合只能建一座发电厂。
No plants left.	Keine Kraftwerke mehr übrig.	Ingen kraftværker tilbage.	Inga kraftverk kvar.	Ingen kraftverk igjen.	Geen centrales meer over.	Plus de centrales disponibles.	No quedan centrales.	Nessuna centrale rimasta.	Não restam centrais.	Brak elektrowni w zapasie.	Santral kalmadı.	Електростанцій не залишилось.	남은 발전소가 없습니다.	発電所が残っていません。	没有发电厂了。
You need more science.	Dir fehlt Wissenschaft.	Du mangler videnskab.	Du behöver mer vetenskap.	Du trenger mer vitenskap.	Je hebt meer wetenschap nodig.	Il vous faut plus de science.	Necesitas más ciencia.	Ti serve più scienza.	Precisa de mais ciência.	Potrzebujesz więcej nauki.	Daha fazla bilime ihtiyacın var.	Потрібно більше науки.	과학이 더 필요합니다.	科学が足りません。	你需要更多科学。
There is no hazard there.	Dort ist keine Gefahr.	Der er ingen fare dér.	Det finns ingen fara där.	Det er ingen fare der.	Daar is geen gevaar.	Il n’y a aucun danger à cet endroit.	Ahí no hay ningún peligro.	Lì non c’è nessun pericolo.	Ali não há perigo.	Nie ma tam zagrożenia.	Orada tehlike yok.	Там немає небезпеки.	그곳에는 위험이 없습니다.	そこに危険はありません。	那里没有危害标记。
You need 2 energy.	Du brauchst 2 Energie.	Du skal bruge 2 energi.	Du behöver 2 energi.	Du trenger 2 energi.	Je hebt 2 energie nodig.	Il vous faut 2 énergie.	Necesitas 2 de energía.	Ti servono 2 energia.	Precisa de 2 de energia.	Potrzebujesz 2 energii.	2 enerjiye ihtiyacın var.	Потрібно 2 енергії.	에너지 2가 필요합니다.	エネルギーが2必要です。	你需要2点能源。
Pick one of your fossil plants.	Wähle eines deiner fossilen Kraftwerke.	Vælg et af dine fossile kraftværker.	Välj ett av dina fossila kraftverk.	Velg et av dine fossile kraftverk.	Kies een van je fossiele centrales.	Choisissez une de vos centrales fossiles.	Elige una de tus centrales fósiles.	Scegli una delle tue centrali fossili.	Escolha uma das suas centrais fósseis.	Wybierz jedną ze swoich elektrowni kopalnianych.	Fosil santrallerinden birini seç.	Оберіть одну зі своїх викопних електростанцій.	당신의 화석 발전소 중 하나를 고르세요.	自分の化石発電所を選んでください。	请选择你的一座化石发电厂。
You need 3 energy.	Du brauchst 3 Energie.	Du skal bruge 3 energi.	Du behöver 3 energi.	Du trenger 3 energi.	Je hebt 3 energie nodig.	Il vous faut 3 énergie.	Necesitas 3 de energía.	Ti servono 3 energia.	Precisa de 3 de energia.	Potrzebujesz 3 energii.	3 enerjiye ihtiyacın var.	Потрібно 3 енергії.	에너지 3이 필요합니다.	エネルギーが3必要です。	你需要3点能源。
{@p} draws an event disc: {#e}.	{@p} zieht ein Ereignisplättchen: {#e}.	{@p} trækker en begivenhedsbrik: {#e}.	{@p} drar en händelsebricka: {#e}.	{@p} trekker en hendelsesbrikke: {#e}.	{@p} trekt een gebeurtenisschijf: {#e}.	{@p} pioche un jeton événement : {#e}.	{@p} saca una ficha de evento: {#e}.	{@p} pesca un segnalino evento: {#e}.	{@p} tira uma ficha de evento: {#e}.	{@p} losuje żeton zdarzenia: {#e}.	{@p} bir olay diski çekiyor: {#e}.	{@p} тягне жетон події: {#e}.	{@p}이(가) 사건 칩을 뽑습니다: {#e}.	{@p}がイベントディスクを引きました：{#e}。	{@p}抽出了事件圆片：{#e}。
The event bag is empty. The next disc ends the game.	Der Ereignisbeutel ist leer. Das nächste Plättchen beendet das Spiel.	Begivenhedsposen er tom. Den næste brik afslutter spillet.	Händelsepåsen är tom. Nästa bricka avslutar spelet.	Hendelsesposen er tom. Neste brikke avslutter spillet.	De gebeurteniszak is leeg. De volgende schijf beëindigt het spel.	Le sac d’événements est vide. Le prochain jeton met fin à la partie.	La bolsa de eventos está vacía. La siguiente ficha termina la partida.	Il sacchetto degli eventi è vuoto. Il prossimo segnalino termina la partita.	O saco de eventos está vazio. A próxima ficha termina o jogo.	Worek zdarzeń jest pusty. Następny żeton kończy grę.	Olay torbası boş. Bir sonraki disk oyunu bitirir.	Мішок подій порожній. Наступний жетон завершить гру.	사건 주머니가 비었습니다. 다음 칩을 뽑으면 게임이 끝납니다.	イベント袋が空になりました。次のディスクでゲーム終了です。	事件袋空了。下一个圆片将结束游戏。
No hazard tokens are left.	Es sind keine Gefahrenmarker mehr übrig.	Der er ikke flere farebrikker.	Det finns inga farobrickor kvar.	Det er ingen farebrikker igjen.	Er zijn geen gevarenfiches meer.	Il ne reste plus de jeton danger.	No quedan fichas de peligro.	Non ci sono più segnalini pericolo.	Não restam fichas de perigo.	Brak znaczników zagrożenia.	Tehlike jetonu kalmadı.	Жетонів небезпеки не залишилось.	남은 위험 토큰이 없습니다.	危険トークンが残っていません。	没有危害标记了。
The air stays clear.	Die Luft bleibt rein.	Luften forbliver ren.	Luften förblir ren.	Luften forblir ren.	De lucht blijft schoon.	L’air reste pur.	El aire sigue limpio.	L’aria resta pulita.	O ar continua limpo.	Powietrze pozostaje czyste.	Hava temiz kalıyor.	Повітря залишається чистим.	공기는 맑게 유지됩니다.	空気はきれいなままです。	空气依然清新。
Nothing is hit by the blackout.	Der Stromausfall trifft nichts.	Strømafbrydelsen rammer intet.	Strömavbrottet drabbar ingenting.	Strømbruddet rammer ingenting.	De black-out raakt niets.	La panne ne touche rien.	El apagón no afecta a nada.	Il blackout non colpisce nulla.	O apagão não atinge nada.	Awaria prądu nic nie dotyka.	Elektrik kesintisi hiçbir şeyi vurmuyor.	Блекаут нічого не зачіпає.	정전은 아무것도 건드리지 않습니다.	停電は何にも影響しませんでした。	停电没有影响任何东西。
The drought passes without damage.	Die Dürre geht ohne Schaden vorüber.	Tørken går uden skade.	Torkan går över utan skada.	Tørken går over uten skade.	De droogte gaat voorbij zonder schade.	La sécheresse passe sans dégâts.	La sequía pasa sin causar daños.	La siccità passa senza danni.	A seca passa sem danos.	Susza mija bez szkód.	Kuraklık hasarsız geçiyor.	Посуха минає без шкоди.	가뭄이 피해 없이 지나갑니다.	干ばつは被害なく過ぎ去りました。	旱灾没有造成损失。
Cheap coal: the next fossil plant is free.	Billige Kohle: Das nächste fossile Kraftwerk ist gratis.	Billig kul: Det næste fossile kraftværk er gratis.	Billigt kol: Nästa fossila kraftverk är gratis.	Billig kull: Det neste fossile kraftverket er gratis.	Goedkope kolen: de volgende fossiele centrale is gratis.	Charbon bon marché : la prochaine centrale fossile est gratuite.	Carbón barato: la próxima central fósil es gratis.	Carbone a buon mercato: la prossima centrale fossile è gratis.	Carvão barato: a próxima central fóssil é grátis.	Tani węgiel: następna elektrownia kopalna jest za darmo.	Ucuz kömür: bir sonraki fosil santral bedava.	Дешеве вугілля: наступна викопна електростанція безкоштовна.	값싼 석탄: 다음 화석 발전소는 무료입니다.	安い石炭：次の化石発電所は無料です。	廉价煤炭：下一座化石发电厂免费。
{@p} loses a card to the heat wave.	{@p} verliert durch die Hitzewelle eine Karte.	{@p} mister et kort til hedebølgen.	{@p} förlorar ett kort i värmeböljan.	{@p} mister et kort i hetebølgen.	{@p} verliest een kaart door de hittegolf.	{@p} perd une carte à cause de la canicule.	{@p} pierde una carta por la ola de calor.	{@p} perde una carta per l’ondata di caldo.	{@p} perde uma carta com a onda de calor.	{@p} traci kartę przez falę upałów.	{@p} sıcak hava dalgasında bir kart kaybediyor.	{@p} втрачає карту через спеку.	{@p}이(가) 폭염으로 카드 한 장을 잃습니다.	{@p}は熱波でカードを1枚失いました。	{@p}因热浪失去了一张牌。
{@p} spends 1 energy in the energy crisis.	{@p} gibt in der Energiekrise 1 Energie ab.	{@p} bruger 1 energi i energikrisen.	{@p} betalar 1 energi i energikrisen.	{@p} bruker 1 energi i energikrisen.	{@p} betaalt 1 energie in de energiecrisis.	{@p} dépense 1 énergie pendant la crise énergétique.	{@p} gasta 1 de energía en la crisis energética.	{@p} spende 1 energia nella crisi energetica.	{@p} gasta 1 de energia na crise energética.	{@p} wydaje 1 energię w kryzysie energetycznym.	{@p} enerji krizinde 1 enerji harcıyor.	{@p} витрачає 1 енергію в енергетичній кризі.	{@p}이(가) 에너지 위기로 에너지 1을 씁니다.	{@p}はエネルギー危機でエネルギーを1使いました。	{@p}在能源危机中花费了1点能源。
{@p} loses a card in the energy crisis.	{@p} verliert in der Energiekrise eine Karte.	{@p} mister et kort i energikrisen.	{@p} förlorar ett kort i energikrisen.	{@p} mister et kort i energikrisen.	{@p} verliest een kaart in de energiecrisis.	{@p} perd une carte pendant la crise énergétique.	{@p} pierde una carta en la crisis energética.	{@p} perde una carta nella crisi energetica.	{@p} perde uma carta na crise energética.	{@p} traci kartę w kryzysie energetycznym.	{@p} enerji krizinde bir kart kaybediyor.	{@p} втрачає карту в енергетичній кризі.	{@p}이(가) 에너지 위기로 카드 한 장을 잃습니다.	{@p}はエネルギー危機でカードを1枚失いました。	{@p}在能源危机中失去了一张牌。
The wind clears the hazard over {@p}.	Der Wind vertreibt die Gefahr über {@p}.	Vinden fjerner faren over {@p}.	Vinden blåser bort faran över {@p}.	Vinden blåser bort faren over {@p}.	De wind blaast het gevaar boven {@p} weg.	Le vent dissipe le danger au-dessus de {@p}.	El viento despeja el peligro sobre {@p}.	Il vento dissolve il pericolo su {@p}.	O vento afasta o perigo sobre {@p}.	Wiatr rozpędza zagrożenie nad {@p}.	Rüzgâr {@p} üzerindeki tehlikeyi dağıtıyor.	Вітер розганяє небезпеку над {@p}.	바람이 {@p}의 위험을 걷어 냅니다.	風が{@p}の上の危険を吹き払いました。	风吹散了{@p}头上的危害。
The wind blows, but there is nothing to clear.	Der Wind weht, aber es gibt nichts zu vertreiben.	Vinden blæser, men der er intet at fjerne.	Vinden blåser, men det finns inget att blåsa bort.	Vinden blåser, men det er ingenting å blåse bort.	De wind waait, maar er valt niets weg te blazen.	Le vent souffle, mais il n’y a rien à dissiper.	Sopla el viento, pero no hay nada que despejar.	Il vento soffia, ma non c’è nulla da dissolvere.	O vento sopra, mas não há nada a afastar.	Wieje wiatr, ale nie ma czego rozpędzać.	Rüzgâr esiyor ama dağıtılacak bir şey yok.	Вітер віє, але розганяти нічого.	바람이 불지만 걷어 낼 것이 없습니다.	風が吹きましたが、払うものはありません。	风吹过，但没有可清除的东西。
Green subsidy: the next renewable plant costs 1 science less.	Grüne Förderung: Das nächste erneuerbare Kraftwerk kostet 1 Wissenschaft weniger.	Grøn støtte: Det næste vedvarende kraftværk koster 1 videnskab mindre.	Grönt bidrag: Nästa förnybara kraftverk kostar 1 vetenskap mindre.	Grønt tilskudd: Det neste fornybare kraftverket koster 1 vitenskap mindre.	Groene subsidie: de volgende duurzame centrale kost 1 wetenschap minder.	Subvention verte : la prochaine centrale renouvelable coûte 1 science de moins.	Subvención verde: la próxima central renovable cuesta 1 de ciencia menos.	Sussidio verde: la prossima centrale rinnovabile costa 1 scienza in meno.	Subsídio verde: a próxima central renovável custa 1 de ciência a menos.	Zielona dotacja: następna elektrownia odnawialna kosztuje o 1 naukę mniej.	Yeşil teşvik: bir sonraki yenilenebilir santral 1 bilim daha ucuz.	Зелена субсидія: наступна відновлювана електростанція коштує на 1 науку менше.	친환경 보조금: 다음 재생 발전소는 과학이 1 덜 듭니다.	グリーン補助金：次の再生可能発電所は科学が1少なくて済みます。	绿色补贴：下一座可再生发电厂少花1点科学。
A 7: the grid is overloaded.	Eine 7: Das Stromnetz ist überlastet.	Et 7-tal: Elnettet er overbelastet.	En 7:a: Elnätet är överbelastat.	En 7-er: Strømnettet er overbelastet.	Een 7: het net is overbelast.	Un 7 : le réseau est surchargé.	Un 7: la red está sobrecargada.	Un 7: la rete è sovraccarica.	Um 7: a rede está sobrecarregada.	Siódemka: sieć jest przeciążona.	Bir 7: şebeke aşırı yüklendi.	Сімка: мережа перевантажена.	7이 나왔습니다: 전력망이 과부하입니다.	7：電力網が過負荷になりました。	掷出7：电网过载了。
{@p} adds a green disc to the event bag.	{@p} legt ein grünes Plättchen in den Ereignisbeutel.	{@p} lægger en grøn brik i begivenhedsposen.	{@p} lägger en grön bricka i händelsepåsen.	{@p} legger en grønn brikke i hendelsesposen.	{@p} doet een groene schijf in de gebeurteniszak.	{@p} ajoute un jeton vert au sac d’événements.	{@p} añade una ficha verde a la bolsa de eventos.	{@p} aggiunge un segnalino verde al sacchetto degli eventi.	{@p} adiciona uma ficha verde ao saco de eventos.	{@p} dodaje zielony żeton do worka zdarzeń.	{@p} olay torbasına yeşil bir disk ekliyor.	{@p} додає зелений жетон до мішка подій.	{@p}이(가) 사건 주머니에 초록 칩을 넣습니다.	{@p}がイベント袋に緑のディスクを加えました。	{@p}向事件袋中加入了一枚绿色圆片。
{@p} clears a hazard with energy.	{@p} beseitigt mit Energie eine Gefahr.	{@p} fjerner en fare med energi.	{@p} tar bort en fara med energi.	{@p} fjerner en fare med energi.	{@p} ruimt met energie een gevaar op.	{@p} supprime un danger avec de l’énergie.	{@p} elimina un peligro con energía.	{@p} rimuove un pericolo con l’energia.	{@p} remove um perigo com energia.	{@p} usuwa zagrożenie za pomocą energii.	{@p} enerjiyle bir tehlikeyi kaldırıyor.	{@p} усуває небезпеку енергією.	{@p}이(가) 에너지로 위험을 제거합니다.	{@p}はエネルギーで危険を取り除きました。	{@p}用能源清除了一个危害。
{@p} demolishes a fossil power plant.	{@p} reißt ein fossiles Kraftwerk ab.	{@p} nedriver et fossilt kraftværk.	{@p} river ett fossilt kraftverk.	{@p} river et fossilt kraftverk.	{@p} sloopt een fossiele centrale.	{@p} démolit une centrale fossile.	{@p} demuele una central fósil.	{@p} demolisce una centrale fossile.	{@p} demole uma central fóssil.	{@p} burzy elektrownię kopalną.	{@p} bir fosil santrali yıkıyor.	{@p} зносить викопну електростанцію.	{@p}이(가) 화석 발전소를 철거합니다.	{@p}は化石発電所を取り壊しました。	{@p}拆除了一座化石发电厂。
Smog settles over {@q}.	Smog legt sich über {@q}.	Smog lægger sig over {@q}.	Smog lägger sig över {@q}.	Smog legger seg over {@q}.	Smog hangt boven {@q}.	Le smog s’abat sur {@q}.	El smog cubre a {@q}.	Lo smog avvolge {@q}.	O smog cobre {@q}.	Smog spowija {@q}.	{@q} üzerine duman çöküyor.	Смог накриває {@q}.	스모그가 {@q} 위에 드리웁니다.	スモッグが{@q}を覆いました。	雾霾笼罩了{@q}。
A blackout hits a fossil plant of {@q}.	Ein Stromausfall trifft ein fossiles Kraftwerk von {@q}.	En strømafbrydelse rammer et fossilt kraftværk hos {@q}.	Ett strömavbrott drabbar ett fossilt kraftverk hos {@q}.	Et strømbrudd rammer et fossilt kraftverk hos {@q}.	Een black-out treft een fossiele centrale van {@q}.	Une panne touche une centrale fossile de {@q}.	Un apagón afecta a una central fósil de {@q}.	Un blackout colpisce una centrale fossile di {@q}.	Um apagão atinge uma central fóssil de {@q}.	Awaria prądu dotyka elektrownię kopalną gracza {@q}.	Bir elektrik kesintisi {@q} oyuncusunun fosil santralini vuruyor.	Блекаут вражає викопну електростанцію гравця {@q}.	정전이 {@q}의 화석 발전소를 덮칩니다.	停電が{@q}の化石発電所を直撃しました。	停电击中了{@q}的一座化石发电厂。
A drought parches the land around {@q}.	Eine Dürre trocknet das Land um {@q} aus.	En tørke udtørrer landet omkring {@q}.	En torka torkar ut landet kring {@q}.	En tørke tørker ut landet rundt {@q}.	Een droogte verschroeit het land rond {@q}.	Une sécheresse assèche les terres autour de {@q}.	Una sequía reseca las tierras de {@q}.	Una siccità inaridisce le terre intorno a {@q}.	Uma seca resseca as terras em volta de {@q}.	Susza wysusza ziemię wokół {@q}.	Bir kuraklık {@q} çevresindeki toprağı kurutuyor.	Посуха висушує землі навколо {@q}.	가뭄이 {@q} 주변의 땅을 말려 버립니다.	干ばつが{@q}の周りの土地を乾かしました。	旱灾使{@q}周围的土地干涸。
{@p} built a fossil power plant.	{@p} hat ein fossiles Kraftwerk gebaut.	{@p} byggede et fossilt kraftværk.	{@p} byggde ett fossilt kraftverk.	{@p} bygde et fossilt kraftverk.	{@p} bouwde een fossiele centrale.	{@p} a construit une centrale fossile.	{@p} construyó una central fósil.	{@p} ha costruito una centrale fossile.	{@p} construiu uma central fóssil.	{@p} zbudował(a) elektrownię kopalną.	{@p} bir fosil santral inşa etti.	{@p} збудував(ла) викопну електростанцію.	{@p}이(가) 화석 발전소를 지었습니다.	{@p}は化石発電所を建てました。	{@p}建造了一座化石发电厂。
{@p} built a renewable power plant.	{@p} hat ein erneuerbares Kraftwerk gebaut.	{@p} byggede et vedvarende kraftværk.	{@p} byggde ett förnybart kraftverk.	{@p} bygde et fornybart kraftverk.	{@p} bouwde een duurzame centrale.	{@p} a construit une centrale renouvelable.	{@p} construyó una central renovable.	{@p} ha costruito una centrale rinnovabile.	{@p} construiu uma central renovável.	{@p} zbudował(a) elektrownię odnawialną.	{@p} bir yenilenebilir santral inşa etti.	{@p} збудував(ла) відновлювану електростанцію.	{@p}이(가) 재생 발전소를 지었습니다.	{@p}は再生可能発電所を建てました。	{@p}建造了一座可再生发电厂。
Pick what to trade.	Wähle, was du tauschen willst.	Vælg, hvad der skal byttes.	Välj vad du vill byta.	Velg hva du vil bytte.	Kies wat je wilt ruilen.	Choisissez ce que vous échangez.	Elige qué intercambiar.	Scegli cosa scambiare.	Escolha o que trocar.	Wybierz, co wymienić.	Neyi takas edeceğini seç.	Оберіть, що обміняти.	무엇을 교환할지 고르세요.	交換するものを選んでください。	请选择要交易的内容。
The bank does not take that.	Die Bank nimmt das nicht an.	Banken tager ikke imod det.	Banken tar inte emot det.	Banken tar ikke imot det.	De bank neemt dat niet aan.	La banque n’accepte pas cela.	El banco no acepta eso.	La banca non lo accetta.	O banco não aceita isso.	Bank tego nie przyjmuje.	Banka bunu kabul etmiyor.	Банк цього не приймає.	은행은 그것을 받지 않습니다.	銀行はそれを受け付けません。	银行不接受这个。
The bank does not have that.	Die Bank hat das nicht.	Banken har ikke det.	Banken har inte det.	Banken har ikke det.	De bank heeft dat niet.	La banque n’en a pas.	El banco no tiene eso.	La banca non ce l’ha.	O banco não tem isso.	Bank tego nie ma.	Bankada bu yok.	У банку цього немає.	은행에 그것이 없습니다.	銀行にはそれがありません。	银行没有这个。
The event bag is empty and nobody built more renewable than fossil plants. Everybody loses.	Der Ereignisbeutel ist leer und niemand hat mehr erneuerbare als fossile Kraftwerke gebaut. Alle verlieren.	Begivenhedsposen er tom, og ingen har bygget flere vedvarende end fossile kraftværker. Alle taber.	Händelsepåsen är tom och ingen har byggt fler förnybara än fossila kraftverk. Alla förlorar.	Hendelsesposen er tom, og ingen har bygget flere fornybare enn fossile kraftverk. Alle taper.	De gebeurteniszak is leeg en niemand bouwde meer duurzame dan fossiele centrales. Iedereen verliest.	Le sac d’événements est vide et personne n’a construit plus de centrales renouvelables que fossiles. Tout le monde perd.	La bolsa de eventos está vacía y nadie construyó más centrales renovables que fósiles. Todos pierden.	Il sacchetto degli eventi è vuoto e nessuno ha costruito più centrali rinnovabili che fossili. Perdono tutti.	O saco de eventos está vazio e ninguém construiu mais centrais renováveis do que fósseis. Todos perdem.	Worek zdarzeń jest pusty i nikt nie zbudował więcej elektrowni odnawialnych niż kopalnych. Wszyscy przegrywają.	Olay torbası boş ve kimse fosil santrallerden fazla yenilenebilir santral kurmadı. Herkes kaybetti.	Мішок подій порожній, і ніхто не збудував більше відновлюваних електростанцій, ніж викопних. Усі програли.	사건 주머니가 비었고 아무도 화석 발전소보다 재생 발전소를 더 짓지 못했습니다. 모두 패배합니다.	イベント袋が空になり、化石発電所より再生可能発電所を多く建てた人はいません。全員の負けです。	事件袋空了，没有人建造的可再生发电厂多于化石发电厂。所有人都输了。
The event bag is empty. {@p} built the greenest world and wins!	Der Ereignisbeutel ist leer. {@p} hat die grünste Welt gebaut und gewinnt!	Begivenhedsposen er tom. {@p} byggede den grønneste verden og vinder!	Händelsepåsen är tom. {@p} byggde den grönaste världen och vinner!	Hendelsesposen er tom. {@p} bygde den grønneste verdenen og vinner!	De gebeurteniszak is leeg. {@p} bouwde de groenste wereld en wint!	Le sac d’événements est vide. {@p} a bâti le monde le plus vert et gagne !	La bolsa de eventos está vacía. ¡{@p} construyó el mundo más verde y gana!	Il sacchetto degli eventi è vuoto. {@p} ha costruito il mondo più verde e vince!	O saco de eventos está vazio. {@p} construiu o mundo mais verde e vence!	Worek zdarzeń jest pusty. {@p} zbudował(a) najbardziej zielony świat i wygrywa!	Olay torbası boş. {@p} en yeşil dünyayı kurdu ve kazandı!	Мішок подій порожній. {@p} збудував(ла) найзеленіший світ і перемагає!	사건 주머니가 비었습니다. {@p}이(가) 가장 푸른 세상을 만들어 승리합니다!	イベント袋が空になりました。最も緑豊かな世界を築いた{@p}の勝ちです！	事件袋空了。{@p}建造了最绿色的世界并获胜！
