A settlement gets 1 random token, a city 2. The lake pays on 2, 3, 11 and 12. Your second settlement next to a ground or the lake earns a token at once.	Eine Siedlung erhält 1 zufälliges Plättchen, eine Stadt 2. Der See zahlt bei 2, 3, 11 und 12. Deine zweite Siedlung an einem Fischgrund oder am See bringt sofort ein Plättchen.	En bosættelse får 1 tilfældig brik, en by 2. Søen betaler ved 2, 3, 11 og 12. Din anden bosættelse ved en fiskeplads eller søen giver straks en brik.	En bosättning får 1 slumpad bricka, en stad 2. Sjön betalar på 2, 3, 11 och 12. Din andra bosättning vid ett fiskevatten eller sjön ger genast en bricka.	En bosetning får 1 tilfeldig brikke, en by 2. Innsjøen betaler på 2, 3, 11 og 12. Den andre bosetningen din ved et fiskefelt eller innsjøen gir straks en brikke.	Een dorp krijgt 1 willekeurige tegel, een stad 2. Het meer betaalt bij 2, 3, 11 en 12. Je tweede dorp bij een visgrond of het meer levert meteen een tegel op.	Une colonie reçoit 1 jeton au hasard, une ville 2. Le lac rapporte sur 2, 3, 11 et 12. Ta deuxième colonie près d'un banc de pêche ou du lac te rapporte aussitôt un jeton.	Un poblado recibe 1 ficha al azar, una ciudad 2. El lago paga con 2, 3, 11 y 12. Tu segundo poblado junto a un caladero o al lago te da una ficha al instante.	Un insediamento riceve 1 tessera a caso, una città 2. Il lago rende con 2, 3, 11 e 12. Il tuo secondo insediamento accanto a una zona di pesca o al lago ti dà subito una tessera.	Uma aldeia recebe 1 ficha ao acaso, uma cidade 2. O lago paga com 2, 3, 11 e 12. A tua segunda aldeia junto a um pesqueiro ou ao lago dá-te logo uma ficha.	Osada dostaje 1 losowy żeton, miasto 2. Jezioro płaci przy 2, 3, 11 i 12. Twoja druga osada przy łowisku lub jeziorze od razu daje żeton.	Bir köy rastgele 1 jeton, bir şehir 2 jeton alır. Göl 2, 3, 11 ve 12'de verir. Bir balık sahasının veya gölün yanındaki ikinci köyün hemen bir jeton kazandırır.	Поселення отримує 1 випадковий жетон, місто 2. Озеро платить на 2, 3, 11 і 12. Твоє друге поселення біля рибного місця чи озера одразу дає жетон.	정착지는 무작위 타일 1개, 도시는 2개를 받습니다. 호수는 2, 3, 11, 12에서 수확합니다. 어장이나 호수 옆의 두 번째 정착지는 곧바로 타일 1개를 줍니다.	開拓地はランダムなタイル1枚、都市は2枚。湖は2・3・11・12で収穫できます。漁場や湖に隣接する2つ目の開拓地は、すぐにタイル1枚をもたらします。	村庄得1个随机标记，城市得2个。湖泊在2、3、11、12时产出。你的第二个村庄若靠近渔场或湖泊，立刻获得1个标记。
2 take the robber off the board · 3 steal · 4 take a resource · 5 a road · 7 a development card. Extra fish are lost. At most 7 tokens, and they can be neither stolen nor traded.	2 Räuber vom Spielfeld nehmen · 3 Rohstoff ziehen · 4 Rohstoff nehmen · 5 Straße · 7 Entwicklungskarte. Überzählige Fische verfallen. Höchstens 7 Plättchen; sie können weder gestohlen noch getauscht werden.	2 fjern røveren fra brættet · 3 stjæl · 4 tag et råstof · 5 en vej · 7 et udviklingskort. Overskydende fisk går tabt. Højst 7 brikker; de kan hverken stjæles eller byttes.	2 ta bort rövaren från brädet · 3 stjäl · 4 ta en råvara · 5 en väg · 7 ett utvecklingskort. Överskjutande fiskar går förlorade. Högst 7 brickor; de kan varken stjälas eller bytas.	2 fjern røveren fra brettet · 3 stjel · 4 ta en råvare · 5 en vei · 7 et utviklingskort. Overskytende fisk går tapt. Maks 7 brikker; de kan verken stjeles eller byttes.	2 haal de rover van het bord · 3 steel · 4 pak een grondstof · 5 een straat · 7 een ontwikkelingskaart. Overtollige vissen vervallen. Maximaal 7 tegels; ze kunnen niet worden gestolen of geruild.	2 retirer le voleur du plateau · 3 voler · 4 prendre une ressource · 5 une route · 7 une carte développement. Les poissons en trop sont perdus. 7 jetons au plus, ni volés ni échangés.	2 quitar al ladrón del tablero · 3 robar · 4 tomar un recurso · 5 una carretera · 7 una carta de desarrollo. Los peces sobrantes se pierden. Como máximo 7 fichas, que no se pueden robar ni intercambiar.	2 togli il brigante dal tavolo · 3 ruba · 4 prendi una risorsa · 5 una strada · 7 una carta sviluppo. I pesci in eccesso vanno persi. Al massimo 7 tessere, che non si possono rubare né scambiare.	2 tirar o ladrão do tabuleiro · 3 roubar · 4 pegar um recurso · 5 uma estrada · 7 uma carta de desenvolvimento. Os peixes a mais perdem-se. No máximo 7 fichas, que não podem ser roubadas nem trocadas.	2 zdejmij rozbójnika z planszy · 3 kradnij · 4 weź surowiec · 5 droga · 7 karta rozwoju. Nadmiarowe ryby przepadają. Najwyżej 7 żetonów; nie można ich ukraść ani wymienić.	2 haydutu tahtadan kaldır · 3 çal · 4 bir hammadde al · 5 bir yol · 7 bir gelişim kartı. Fazla balıklar boşa gider. En çok 7 jeton; çalınamaz ve takas edilemez.	2 зняти розбійника з поля · 3 вкрасти · 4 взяти ресурс · 5 дорога · 7 карта розвитку. Зайва риба пропадає. Не більше 7 жетонів; їх не можна ні красти, ні обмінювати.	2 도둑을 판에서 치우기 · 3 훔치기 · 4 자원 받기 · 5 도로 · 7 발전 카드. 남는 물고기는 사라집니다. 타일은 최대 7개이며 훔치거나 거래할 수 없습니다.	2 盗賊を盤から取り除く · 3 奪う · 4 資源を取る · 5 道路 · 7 発展カード。余った魚は失われます。タイルは最大7枚で、盗まれることも取引することもできません。	2 把强盗移出棋盘 · 3 偷牌 · 4 拿资源 · 5 道路 · 7 发展卡。多余的鱼会作废。最多7个标记，不能被偷，也不能交易。
Roads cannot cross a river. A bridge costs 2 brick and 1 lumber, pays 3 gold, and you have 3 of them.	Straßen dürfen keinen Fluss überqueren. Eine Brücke kostet 2 Lehm und 1 Holz, bringt 3 Gold, und du hast 3 davon.	Veje kan ikke krydse en flod. En bro koster 2 ler og 1 træ, indbringer 3 guld, og du har 3 af dem.	Vägar kan inte korsa en flod. En bro kostar 2 lera och 1 trä, ger 3 guld, och du har 3 stycken.	Veier kan ikke krysse en elv. En bro koster 2 leire og 1 tømmer, gir 3 gull, og du har 3 av dem.	Wegen kunnen geen rivier oversteken. Een brug kost 2 baksteen en 1 hout, levert 3 goud op, en je hebt er 3.	Les routes ne peuvent pas traverser une rivière. Un pont coûte 2 argiles et 1 bois, rapporte 3 or, et tu en as 3.	Las carreteras no cruzan un río. Un puente cuesta 2 de arcilla y 1 de madera, da 3 de oro, y tienes 3.	Le strade non possono attraversare un fiume. Un ponte costa 2 argilla e 1 legname, frutta 3 oro, e ne hai 3.	As estradas não podem atravessar um rio. Uma ponte custa 2 barros e 1 madeira, rende 3 ouro, e tens 3.	Drogi nie mogą przecinać rzeki. Most kosztuje 2 gliny i 1 drewno, daje 3 złota, a masz ich 3.	Yollar nehri geçemez. Köprü 2 tuğla ve 1 kereste tutar, 3 altın kazandırır ve 3 köprün var.	Дороги не можуть перетинати річку. Міст коштує 2 глини й 1 деревину, приносить 3 золота, а у тебе їх 3.	도로는 강을 건널 수 없습니다. 다리는 벽돌 2개와 목재 1개가 들고, 금 3개를 주며, 다리는 3개를 가집니다.	道路は川を渡れません。橋はレンガ2と木材1で建てられ、金3を得ます。橋は3つ持っています。	道路不能跨河。桥需要2砖块和1木材，可获得3黄金，每人有3座桥。
Swap 2 gold for any resource, twice per turn. Gold also counts in trades with players, who may answer with a counter-offer, and you can buy it from the supply at 4:1, 3:1 or 2:1. The one player with the most gold gets +1 point, everyone with the least −2.	Tausche 2 Gold gegen einen beliebigen Rohstoff, bis zu zweimal pro Zug. Gold zählt auch beim Handel mit Mitspielern, die mit einem Gegenangebot antworten dürfen, und beim Vorrat bekommst du es zu 4:1, 3:1 oder 2:1. Wer allein das meiste Gold hat, erhält +1 Siegpunkt, wer am wenigsten hat, −2.	Byt 2 guld til et vilkårligt råstof, op til to gange pr. tur. Guld gælder også i handel med medspillere, som kan svare med et modbud, og i forrådet kan du købe det til 4:1, 3:1 eller 2:1. Den ene med mest guld får +1 point, alle med mindst −2.	Byt 2 guld mot en valfri råvara, upp till två gånger per tur. Guld gäller också vid handel med medspelare, som kan svara med ett motbud, och i förrådet kan du köpa det för 4:1, 3:1 eller 2:1. Den ende med mest guld får +1 poäng, alla med minst −2.	Bytt 2 gull mot en valgfri råvare, opptil to ganger per tur. Gull teller også i handel med medspillere, som kan svare med et motbud, og i forrådet kan du kjøpe det for 4:1, 3:1 eller 2:1. Den ene med mest gull får +1 poeng, alle med minst −2.	Ruil 2 goud voor een grondstof naar keuze, maximaal twee keer per beurt. Goud telt ook mee bij handel met medespelers, die met een tegenbod mogen antwoorden, en bij de voorraad koop je het voor 4:1, 3:1 of 2:1. Wie als enige het meeste goud heeft, krijgt +1 punt, iedereen met het minste −2.	Échangez 2 or contre une ressource au choix, deux fois par tour. L'or compte aussi dans les échanges avec les joueurs, qui peuvent répondre par une contre-proposition, et la réserve le vend à 4:1, 3:1 ou 2:1. Le seul joueur qui a le plus d'or gagne +1 point, tous ceux qui en ont le moins −2.	Cambia 2 de oro por un recurso a tu elección, hasta dos veces por turno. El oro también vale en los intercambios con jugadores, que pueden responder con una contraoferta, y en la reserva se compra a 4:1, 3:1 o 2:1. Quien tiene él solo más oro obtiene +1 punto; todos los que tienen menos, −2.	Scambia 2 oro con una risorsa a scelta, fino a due volte per turno. L'oro vale anche negli scambi con i giocatori, che possono rispondere con una controfferta, e dalla riserva lo compri a 4:1, 3:1 o 2:1. Chi ha da solo più oro ottiene +1 punto, chi ne ha meno −2.	Troca 2 de ouro por um recurso à escolha, até duas vezes por turno. O ouro também vale nas trocas com jogadores, que podem responder com uma contraproposta, e na reserva compras a 4:1, 3:1 ou 2:1. Quem tem sozinho mais ouro ganha +1 ponto; quem tem menos, −2.	Wymień 2 złota na dowolny surowiec, do dwóch razy na turę. Złoto liczy się też w handlu z graczami, którzy mogą odpowiedzieć kontrofertą, a od zapasu kupisz je po 4:1, 3:1 lub 2:1. Jedyny gracz z największą ilością złota dostaje +1 punkt, każdy z najmniejszą −2.	2 altını istediğiniz bir hammaddeyle değiştirin, turda en çok iki kez. Altın oyuncularla takasta da geçerlidir, onlar karşı teklifle yanıt verebilir; stoktan 4:1, 3:1 veya 2:1 ile satın alınır. En çok altını tek başına olan +1 puan, en az altını olanların hepsi −2 puan alır.	Обміняйте 2 золота на будь-який ресурс, до двох разів за хід. Золото діє й в обміні з гравцями, які можуть відповісти контрпропозицією, а із запасу його можна купити за 4:1, 3:1 або 2:1. Єдиний з найбільшою кількістю золота отримує +1 очко, усі з найменшою −2.	금 2개를 원하는 자원과 바꿉니다(턴당 최대 2번). 금은 다른 플레이어와의 거래에도 쓸 수 있고(상대는 역제안으로 답할 수 있습니다), 비축분에서 4:1, 3:1, 2:1로 살 수도 있습니다. 혼자 금이 가장 많은 사람은 +1점, 금이 가장 적은 사람은 모두 −2점.	金2枚を好きな資源と交換できます(1ターンに2回まで)。金は他のプレイヤーとの取引にも使え(相手は逆提案で答えられます)、ストックから4:1・3:1・2:1で買うこともできます。金が単独で最多の人は+1点、最も少ない人は全員−2点。	2金币可换任意资源，每回合最多两次。金币也可用于与玩家交易（对方可用还价回应），还能以4:1、3:1或2:1从供应堆购买。独自拥有最多金币者+1分，金币最少者各−2分。
A deck of 37 cards replaces the dice. Every number comes up as often as it should, and some cards bring an event. The New Year card shuffles a fresh deck.	37 Karten ersetzen die Würfel. Jede Zahl kommt so häufig vor, wie es die Wahrscheinlichkeit vorgibt, und einige Karten lösen ein Ereignis aus. Die Neujahrskarte mischt einen neuen Stapel.	Et spil med 37 kort erstatter terningerne. Hvert tal kommer lige så ofte, som det skal, og nogle kort udløser en begivenhed. Nytårskortet blander et nyt spil.	En kortlek med 37 kort ersätter tärningarna. Varje tal kommer lika ofta som det ska, och en del kort utlöser en händelse. Nyårskortet blandar en ny lek.	En kortstokk med 37 kort erstatter terningene. Hvert tall kommer like ofte som det skal, og noen kort utløser en hendelse. Nyttårskortet stokker en ny kortstokk.	Een stapel van 37 kaarten vervangt de dobbelstenen. Elk getal komt zo vaak voor als het hoort, en sommige kaarten brengen een gebeurtenis. De Nieuwjaarskaart schudt een nieuwe stapel.	Un paquet de 37 cartes remplace les dés. Chaque nombre sort aussi souvent qu'il le doit, et certaines cartes déclenchent un événement. La carte Nouvel An remélange un nouveau paquet.	Un mazo de 37 cartas sustituye a los dados. Cada número sale tan a menudo como debe y algunas cartas provocan un evento. La carta de Año Nuevo baraja un mazo nuevo.	Un mazzo di 37 carte sostituisce i dadi. Ogni numero esce con la frequenza giusta e alcune carte scatenano un evento. La carta Capodanno rimescola un mazzo nuovo.	Um baralho de 37 cartas substitui os dados. Cada número sai com a frequência certa e algumas cartas trazem um evento. A carta de Ano Novo baralha um baralho novo.	Talia 37 kart zastępuje kostki. Każda liczba wypada tak często, jak powinna, a niektóre karty wywołują wydarzenie. Karta Nowy Rok tasuje nową talię.	37 kartlık bir deste zarların yerini alır. Her sayı olması gereken sıklıkta gelir ve bazı kartlar bir olay getirir. Yeni Yıl kartı desteyi yeniden karıştırır.	Колода з 37 карт замінює кубики. Кожне число випадає так часто, як має, а деякі карти викликають подію. Карта «Новий рік» тасує нову колоду.	37장의 카드 더미가 주사위를 대신합니다. 모든 숫자가 알맞은 빈도로 나오고, 일부 카드는 사건을 일으킵니다. 새해 카드가 나오면 새 더미를 섞습니다.	37枚のカードの山がサイコロの代わりになります。どの数字も確率どおりに出て、一部のカードはイベントを起こします。新年カードが出ると、山を新しく混ぜ直します。	37张牌组代替骰子。每个数字出现的频率都恰到好处，部分牌还会触发事件。新年牌出现时会重新洗出新牌组。
How trains grow	So wächst ein Handelstross	Sådan vokser en karavane	Så växer ett tåg	Slik vokser en karavane	Zo groeit een karavaan	Comment un convoi grandit	Cómo crece una caravana	Come cresce una carovana	Como cresce uma caravana	Jak rośnie karawana	Kervan nasıl uzar	Як росте караван	행렬이 자라는 방식	商隊の伸び方	商队如何延伸
A wagon starts a train at one of the arrows of the watering hole or goes in front of an existing train. Trains never branch, they merge where they meet and end when they cannot go on.	Ein Wagen beginnt einen Handelstross an einem der Pfeile an der Wasserstelle oder kommt vorne an einen bestehenden Tross. Ein Tross verzweigt sich nie, zwei Trosse verschmelzen, wo sie sich treffen, und ein Tross endet, wenn er nicht weiterkann.	En vogn starter en karavane ved en af pilene ved vandhullet eller sættes foran en eksisterende karavane. Karavaner forgrener sig aldrig, de smelter sammen, hvor de mødes, og slutter, når de ikke kan komme videre.	En vagn startar ett tåg vid en av pilarna vid vattenhålet eller sätts framför ett befintligt tåg. Tåg grenar sig aldrig, de smälter samman där de möts och slutar när de inte kan gå vidare.	En vogn starter en karavane ved en av pilene ved vannhullet eller settes foran en eksisterende karavane. Karavaner forgrener seg aldri, de smelter sammen der de møtes, og slutter når de ikke kan komme videre.	Een wagen begint een karavaan bij een van de pijlen bij de waterplaats of komt vooraan een bestaande karavaan. Karavanen splitsen zich nooit, ze smelten samen waar ze elkaar ontmoeten en eindigen als ze niet verder kunnen.	Un chariot commence un convoi à l'une des flèches du point d'eau ou se place devant un convoi existant. Les convois ne se divisent jamais, ils fusionnent là où ils se rejoignent et s'arrêtent quand ils ne peuvent plus avancer.	Una carreta inicia una caravana en una de las flechas del abrevadero o se coloca delante de una caravana existente. Las caravanas nunca se ramifican, se fusionan donde se encuentran y terminan cuando no pueden seguir.	Un carro avvia una carovana a una delle frecce della pozza d'acqua oppure si mette davanti a una carovana esistente. Le carovane non si ramificano mai, si fondono dove si incontrano e finiscono quando non possono proseguire.	Uma carroça inicia uma caravana numa das setas do poço de água ou coloca-se à frente de uma caravana existente. As caravanas nunca se ramificam, fundem-se onde se encontram e terminam quando não podem continuar.	Wóz rozpoczyna karawanę przy jednej ze strzałek wodopoju albo staje przed istniejącą karawaną. Karawany nigdy się nie rozgałęziają, łączą się tam, gdzie się spotkają, i kończą, gdy nie mogą jechać dalej.	Bir araba, su kaynağının oklarından birinde kervan başlatır ya da var olan bir kervanın önüne geçer. Kervanlar asla dallanmaz, buluştukları yerde birleşir ve devam edemediklerinde sona erer.	Віз починає караван біля однієї зі стрілок водопою або стає перед наявним караваном. Каравани ніколи не розгалужуються, зливаються там, де зустрічаються, і закінчуються, коли не можуть їхати далі.	마차는 물웅덩이의 화살표 중 한 곳에서 행렬을 시작하거나 기존 행렬의 맨 앞에 붙습니다. 행렬은 갈라지지 않고, 만나면 합쳐지며, 더 나아갈 수 없으면 끝납니다.	荷馬車は、水場の矢印のどれかから商隊を始めるか、既存の商隊の先頭に付きます。商隊は枝分かれせず、出会うと合流し、進めなくなると終わります。	马车可以在水源地的某个箭头处开始一支商队，或接在现有商队的最前面。商队不会分叉，相遇时合并，无法继续时结束。
Barbarians land on the coast after every settlement or city. Knights from the castle drive them off, and 2 prisoners are worth 1 point. You start with a city and there is no robber. 12 points.	Nach jeder Siedlung und Stadt landen Barbaren an der Küste. Ritter aus der Burg vertreiben sie; je 2 Gefangene zählen 1 Siegpunkt. Du startest mit einer Stadt und es gibt keinen Räuber. 12 Siegpunkte.	Efter hver bosættelse og by lander barbarer på kysten. Riddere fra borgen driver dem væk, og 2 fanger er 1 point værd. Du starter med en by, og der er ingen røver. 12 point.	Efter varje bosättning och stad landar barbarer vid kusten. Riddare från borgen driver bort dem, och 2 fångar är värda 1 poäng. Du börjar med en stad och det finns ingen rövare. 12 poäng.	Etter hver bosetning og by lander barbarer på kysten. Riddere fra borgen driver dem bort, og 2 fanger er verdt 1 poeng. Du starter med en by, og det finnes ingen røver. 12 poeng.	Na elk dorp en elke stad landen barbaren aan de kust. Ridders uit het kasteel verdrijven ze, en 2 gevangenen zijn 1 punt waard. Je begint met een stad en er is geen rover. 12 punten.	Après chaque colonie ou ville, des barbares débarquent sur la côte. Les chevaliers du château les repoussent, et 2 prisonniers valent 1 point. Tu commences avec une ville et il n'y a pas de voleur. 12 points.	Tras cada poblado o ciudad desembarcan bárbaros en la costa. Los caballeros del castillo los expulsan y 2 prisioneros valen 1 punto. Empiezas con una ciudad y no hay ladrón. 12 puntos.	Dopo ogni insediamento o città, dei barbari sbarcano sulla costa. I cavalieri del castello li scacciano e 2 prigionieri valgono 1 punto. Inizi con una città e non c'è il brigante. 12 punti.	Depois de cada aldeia ou cidade, desembarcam bárbaros na costa. Os cavaleiros do castelo expulsam-nos e 2 prisioneiros valem 1 ponto. Começas com uma cidade e não há ladrão. 12 pontos.	Po każdej osadzie i mieście barbarzyńcy lądują na wybrzeżu. Rycerze z zamku ich przeganiają, a 2 jeńców to 1 punkt. Zaczynasz z miastem, a rozbójnika nie ma. 12 punktów.	Her köy ve şehirden sonra barbarlar kıyıya çıkar. Kaleden çıkan şövalyeler onları kovar, 2 esir 1 puan değerindedir. Bir şehirle başlarsın ve haydut yoktur. 12 puan.	Після кожного поселення чи міста варвари висаджуються на узбережжі. Лицарі із замку їх проганяють, а 2 бранці — це 1 очко. Ти починаєш із міста, а розбійника немає. 12 очок.	정착지나 도시를 지을 때마다 야만인이 해안에 상륙합니다. 성의 기사들이 그들을 몰아내며, 포로 2명은 1점입니다. 도시 하나로 시작하고 도둑은 없습니다. 12점.	開拓地や都市を建てるたびに蛮族が海岸に上陸します。城の騎士が追い払い、捕虜2人で1点です。都市1つで始まり、盗賊はいません。12点。	每次建造村庄或城市后，野蛮人都会在海岸登陆。城堡的骑士把他们赶走，每2名俘虏价值1分。你从一座城市开始，且没有强盗。12分。
At the end of your turn move each knight up to 3 paths, or 5 for 1 grain; knights on the castle must leave it. Where there are more knights than barbarians, the tile is free and the barbarians become prisoners; a die then decides which of the knights there are lost (3 gold each).	Am Ende deines Zuges ziehst du jeden Ritter bis zu 3 Wege weit, für 1 Getreide bis zu 5; Ritter auf der Burg müssen sie verlassen. Wo mehr Ritter als Barbaren stehen, ist das Feld frei und die Barbaren werden Gefangene; ein Würfel bestimmt dann, welche der dortigen Ritter verloren gehen (je 3 Gold).	Ved slutningen af din tur flytter du hver ridder op til 3 stier, eller 5 for 1 korn; riddere på borgen skal forlade den. Hvor der er flere riddere end barbarer, er feltet frit, og barbarerne bliver fanger; en terning afgør derefter, hvilke af de riddere der går tabt (3 guld hver).	I slutet av din tur flyttar du varje riddare upp till 3 stigar, eller 5 för 1 säd; riddare på borgen måste lämna den. Där det finns fler riddare än barbarer är rutan fri och barbarerna blir fångar; en tärning avgör sedan vilka av riddarna där som går förlorade (3 guld vardera).	På slutten av din runde flytter du hver ridder opptil 3 stier, eller 5 for 1 korn; riddere på borgen må forlate den. Der det er flere riddere enn barbarer, er feltet fritt og barbarene blir fanger; en terning avgjør så hvilke av ridderne der som går tapt (3 gull hver).	Aan het eind van je beurt verplaats je elke ridder tot 3 paden ver, of 5 voor 1 graan; ridders in het kasteel moeten het verlaten. Waar meer ridders staan dan barbaren, is het gebied vrij en worden de barbaren gevangenen; een dobbelsteen bepaalt dan welke ridders daar verloren gaan (elk 3 goud).	À la fin de ton tour, déplace chaque chevalier de 3 chemins au plus, ou de 5 pour 1 blé ; les chevaliers du château doivent le quitter. Là où il y a plus de chevaliers que de barbares, la tuile est libre et les barbares deviennent prisonniers ; un dé décide ensuite lesquels des chevaliers présents sont perdus (3 or chacun).	Al final de tu turno mueve cada caballero hasta 3 caminos, o 5 por 1 cereal; los caballeros del castillo deben salir de él. Donde hay más caballeros que bárbaros, la casilla queda libre y los bárbaros pasan a ser prisioneros; un dado decide después cuáles de los caballeros de allí se pierden (3 de oro cada uno).	Alla fine del tuo turno muovi ogni cavaliere fino a 3 sentieri, o 5 con 1 grano; i cavalieri sul castello devono lasciarlo. Dove ci sono più cavalieri che barbari, il territorio è libero e i barbari diventano prigionieri; poi un dado decide quali dei cavalieri lì presenti vanno persi (3 oro ciascuno).	No fim do teu turno move cada cavaleiro até 3 trilhos, ou 5 por 1 cereal; os cavaleiros do castelo têm de o deixar. Onde há mais cavaleiros do que bárbaros, o terreno fica livre e os bárbaros tornam-se prisioneiros; depois um dado decide quais dos cavaleiros aí se perdem (3 de ouro cada).	Na koniec swojej tury przesuń każdego rycerza o najwyżej 3 ścieżki albo o 5 za 1 zboże; rycerze w zamku muszą go opuścić. Tam, gdzie jest więcej rycerzy niż barbarzyńców, pole jest wolne, a barbarzyńcy stają się jeńcami; kostka decyduje wtedy, których z tamtejszych rycerzy tracisz (po 3 złota).	Turunun sonunda her şövalyeyi en çok 3 patika, 1 tahılla 5 patika ilerlet; kaledeki şövalyeler kaleden ayrılmak zorundadır. Şövalyelerin barbarlardan çok olduğu yerde arazi kurtulur ve barbarlar esir olur; sonra bir zar oradaki hangi şövalyelerin kaybedileceğini belirler (her biri 3 altın).	Наприкінці свого ходу перемісти кожного лицаря щонайбільше на 3 стежки, або на 5 за 1 зерно; лицарі в замку мусять його залишити. Де лицарів більше, ніж варварів, ділянка вільна, а варвари стають полоненими; потім кубик визначає, кого з тамтешніх лицарів втрачено (по 3 золота).	턴이 끝날 때 각 기사를 최대 3칸, 곡물 1개를 내면 5칸까지 움직입니다. 성에 있는 기사는 반드시 떠나야 합니다. 기사가 야만인보다 많은 땅은 해방되고 야만인은 포로가 됩니다. 이어서 주사위로 그곳의 기사 중 누가 쓰러지는지 정합니다(각 금 3개).	ターンの終わりに、各騎士を最大3マス、小麦1つで5マス動かします。城にいる騎士は必ず城を離れます。騎士が蛮族より多いタイルは解放され、蛮族は捕虜になります。その後サイコロで、そこにいる騎士のうち失われるものが決まります（1人につき金3）。	回合结束时，将每名骑士移动最多3步，花1粮食可走5步；城堡中的骑士必须离开。骑士比野蛮人多的地块获得解放，野蛮人沦为俘虏；随后掷骰决定那里的哪些骑士阵亡（每名获得3金）。
Knights come from development cards, played at once: Knighthood puts a knight on a castle path, Swift Knight on any free path, Capture takes a prisoner, Treason brings 2 gold and moves 2 barbarians. On a 7 you steal a card from a player of your choice.	Ritter kommen aus Entwicklungskarten, die sofort gespielt werden: Ritterweihe setzt einen Ritter auf einen Weg an der Burg, Schneller Ritter auf einen beliebigen freien Weg, Gefangennahme nimmt einen Gefangenen, Verrat bringt 2 Gold und versetzt 2 Barbaren. Bei einer 7 ziehst du eine Karte von einem Spieler deiner Wahl.	Riddere kommer fra udviklingskort, som spilles med det samme: Ridderslag sætter en ridder på en sti ved borgen, Hurtig ridder på en vilkårlig fri sti, Tilfangetagelse tager en fange, Forræderi giver 2 guld og flytter 2 barbarer. Ved et 7 stjæler du et kort fra en spiller efter eget valg.	Riddare kommer från utvecklingskort som spelas direkt: Riddarslag sätter en riddare på en stig vid borgen, Snabb riddare på valfri ledig stig, Tillfångatagande tar en fånge, Förräderi ger 2 guld och flyttar 2 barbarer. Vid en 7:a stjäl du ett kort från en spelare du väljer.	Riddere kommer fra utviklingskort som spilles med en gang: Ridderslag setter en ridder på en sti ved borgen, Rask ridder på en hvilken som helst ledig sti, Tilfangetakelse tar en fange, Forræderi gir 2 gull og flytter 2 barbarer. Ved en 7-er stjeler du et kort fra en spiller du velger.	Ridders komen uit ontwikkelingskaarten, die meteen worden gespeeld: Ridderslag zet een ridder op een pad bij het kasteel, Snelle ridder op een willekeurig vrij pad, Gevangenneming neemt een gevangene, Verraad levert 2 goud op en verplaatst 2 barbaren. Bij een 7 steel je een kaart van een speler naar keuze.	Les chevaliers viennent des cartes développement, jouées aussitôt : Adoubement place un chevalier sur un chemin du château, Chevalier rapide sur n'importe quel chemin libre, Capture prend un prisonnier, Trahison rapporte 2 or et déplace 2 barbares. Sur un 7, tu voles une carte à un joueur de ton choix.	Los caballeros salen de las cartas de desarrollo, que se juegan al instante: Investidura de caballero coloca un caballero en un camino del castillo, Caballero veloz en cualquier camino libre, Captura toma un prisionero, Traición da 2 de oro y mueve 2 bárbaros. Con un 7 robas una carta a un jugador a tu elección.	I cavalieri vengono dalle carte sviluppo, giocate subito: Investitura a cavaliere mette un cavaliere su un sentiero del castello, Cavaliere veloce su un sentiero libero qualsiasi, Cattura prende un prigioniero, Tradimento dà 2 oro e sposta 2 barbari. Con un 7 rubi una carta a un giocatore a tua scelta.	Os cavaleiros vêm das cartas de desenvolvimento, jogadas logo: Sagração de cavaleiro põe um cavaleiro num trilho do castelo, Cavaleiro veloz em qualquer trilho livre, Captura toma um prisioneiro, Traição dá 2 de ouro e move 2 bárbaros. Com um 7 roubas uma carta a um jogador à tua escolha.	Rycerze pochodzą z kart rozwoju, zagrywanych od razu: Pasowanie na rycerza stawia rycerza na ścieżce przy zamku, Szybki rycerz na dowolnej wolnej ścieżce, Pojmanie bierze jeńca, Zdrada daje 2 złota i przesuwa 2 barbarzyńców. Przy 7 kradniesz kartę wybranemu graczowi.	Şövalyeler, hemen oynanan gelişim kartlarından gelir: Şövalyelik Töreni kalenin bir patikasına şövalye koyar, Çevik Şövalye herhangi bir boş patikaya, Esir Alma bir esir alır, İhanet 2 altın getirir ve 2 barbarı taşır. 7 gelince istediğin bir oyuncudan bir kart çalarsın.	Лицарі беруться з карт розвитку, що розігруються одразу: Посвята в лицарі ставить лицаря на стежку біля замку, Швидкий лицар — на будь-яку вільну стежку, Полонення бере бранця, Зрада дає 2 золота й переміщує 2 варварів. На 7 ти крадеш карту в обраного гравця.	기사는 즉시 사용하는 발전 카드에서 나옵니다. 기사 서임은 성 옆 길에 기사를 놓고, 날쌘 기사는 아무 빈 길에 놓고, 생포는 포로를 잡고, 배신은 금 2개를 주고 야만인 2명을 옮깁니다. 7이 나오면 원하는 플레이어에게서 카드 1장을 훔칩니다.	騎士は発展カードから登場し、カードはすぐに使います。騎士叙任は城のそばの道に騎士を置き、俊足の騎士は空いている好きな道に置き、捕縛は捕虜を取り、裏切りは金2を得て蛮族2人を動かします。7が出たら、好きなプレイヤーからカードを1枚奪います。	骑士来自立即打出的发展卡：册封骑士把骑士放在城堡旁的路径上，迅捷骑士可放在任意空路径，俘获抓一名俘虏，背叛获得2金并移动2名野蛮人。掷出7时，你从任选的玩家那里偷一张牌。
Haul glass, marble, sand and tools with your wagon for points and gold. You start with a city and 5 gold, and a 2 or 12 is rolled again. 13 points.	Bringt mit eurem Trosswagen Glas, Marmor, Sand und Werkzeuge zu den Zielfeldern – für Siegpunkte und Gold. Du startest mit einer Stadt und 5 Gold, eine 2 oder 12 wird neu gewürfelt. 13 Siegpunkte.	Kør glas, marmor, sand og værktøj med din vogn for point og guld. Du starter med en by og 5 guld, og et 2 eller 12 slås om. 13 point.	Kör glas, marmor, sand och verktyg med din vagn för poäng och guld. Du börjar med en stad och 5 guld, och en 2:a eller 12:a slås om. 13 poäng.	Kjør glass, marmor, sand og verktøy med vogna di for poeng og gull. Du starter med en by og 5 gull, og en 2-er eller 12-er rulles på nytt. 13 poeng.	Vervoer glas, marmer, zand en gereedschap met je wagen voor punten en goud. Je begint met een stad en 5 goud, en een 2 of 12 wordt opnieuw gegooid. 13 punten.	Transportez verre, marbre, sable et outils avec votre chariot pour des points et de l'or. Vous commencez avec une ville et 5 or, et un 2 ou un 12 est relancé. 13 points.	Transporta vidrio, mármol, arena y herramientas con tu carreta por puntos y oro. Empiezas con una ciudad y 5 de oro, y un 2 o un 12 se vuelve a tirar. 13 puntos.	Trasporta vetro, marmo, sabbia e attrezzi con il tuo carro per punti e oro. Inizi con una città e 5 oro, e un 2 o un 12 si tira di nuovo. 13 punti.	Transporta vidro, mármore, areia e ferramentas com a tua carroça por pontos e ouro. Começas com uma cidade e 5 de ouro, e um 2 ou um 12 volta a ser lançado. 13 pontos.	Wieź wozem szkło, marmur, piasek i narzędzia za punkty i złoto. Zaczynasz z miastem i 5 złotymi, a 2 lub 12 rzuca się ponownie. 13 punktów.	Arabanızla cam, mermer, kum ve aletleri taşıyarak puan ve altın kazanın. Bir şehir ve 5 altınla başlarsınız; 2 veya 12 gelirse zarlar yeniden atılır. 13 puan.	Возіть возом скло, мармур, пісок та інструменти за очки й золото. Ви починаєте з міста й 5 золота, а 2 або 12 перекидають. 13 очок.	마차로 유리, 대리석, 모래, 도구를 날라 점수와 금을 얻으세요. 도시 하나와 금 5개로 시작하며, 2나 12가 나오면 다시 굴립니다. 13점.	荷馬車でガラス・大理石・砂・道具を運んで、点数と金を稼ぎます。都市1つと金5で始まり、2か12が出たら振り直します。13点。	用马车运送玻璃、大理石、沙子和工具，赢取分数和金币。你从一座城市和5金币开始，掷出2或12时重新掷骰。13分。
At the end of your turn you have 4 movement points. A path costs 2, your own road 1, another player’s road 1 and 1 gold for its owner, a barbarian on the way 2 more. 1 grain gives 2 more movement points, once per turn.	Am Ende deines Zuges hast du 4 Bewegungspunkte. Ein Weg kostet 2, deine eigene Straße 1, die Straße einer anderen Person 1 und 1 Gold für sie, ein Barbar im Weg 2 mehr. 1 Getreide gibt 2 Bewegungspunkte dazu, einmal pro Zug.	Ved slutningen af din tur har du 4 bevægelsespoint. En sti koster 2, din egen vej 1, en andens vej 1 og 1 guld til ejeren, en barbar i vejen 2 mere. 1 korn giver 2 bevægelsespoint mere, én gang pr. tur.	I slutet av din tur har du 4 rörelsepoäng. En stig kostar 2, din egen väg 1, någon annans väg 1 och 1 guld till ägaren, en barbar i vägen 2 till. 1 spannmål ger 2 rörelsepoäng till, en gång per tur.	På slutten av runden din har du 4 bevegelsespoeng. En sti koster 2, din egen vei 1, en annens vei 1 og 1 gull til eieren, en barbar i veien 2 til. 1 korn gir 2 bevegelsespoeng til, én gang per runde.	Aan het eind van je beurt heb je 4 bewegingspunten. Een pad kost 2, je eigen weg 1, de weg van een ander 1 en 1 goud voor de eigenaar, een barbaar in de weg 2 extra. 1 graan geeft 2 bewegingspunten extra, één keer per beurt.	À la fin de votre tour, vous avez 4 points de mouvement. Un sentier coûte 2, votre route 1, la route d'un autre 1 et 1 or pour son propriétaire, un barbare sur le chemin 2 de plus. 1 blé donne 2 points de mouvement de plus, une fois par tour.	Al final de tu turno tienes 4 puntos de movimiento. Un camino cuesta 2, tu carretera 1, la de otro 1 y 1 oro para su dueño, un bárbaro en el camino 2 más. 1 cereal da 2 puntos de movimiento más, una vez por turno.	A fine turno hai 4 punti movimento. Un sentiero costa 2, la tua strada 1, la strada di un altro 1 e 1 oro al proprietario, un barbaro sul percorso 2 in più. 1 grano dà 2 punti movimento in più, una volta per turno.	No fim do teu turno tens 4 pontos de movimento. Um caminho custa 2, a tua estrada 1, a estrada de outro 1 e 1 ouro para o dono, um bárbaro no caminho mais 2. 1 cereal dá mais 2 pontos de movimento, uma vez por turno.	Na końcu tury masz 4 punkty ruchu. Ścieżka kosztuje 2, twoja droga 1, droga innego gracza 1 i 1 złota dla jej właściciela, barbarzyńca na trasie 2 więcej. 1 zboże daje 2 punkty ruchu więcej, raz na turę.	Turunun sonunda 4 hareket puanın olur. Bir patika 2, kendi yolun 1, başkasının yolu 1 ve sahibine 1 altın, yoldaki bir barbar 2 fazla tutar. 1 tahıl 2 hareket puanı daha verir, turda bir kez.	Наприкінці ходу ти маєш 4 очки руху. Стежка коштує 2, твоя дорога 1, чужа дорога 1 і 1 золото її власнику, варвар на шляху — ще 2. 1 зерно дає ще 2 очки руху, раз за хід.	턴이 끝날 때 이동 점수 4점을 가집니다. 길은 2, 내 도로는 1, 다른 사람의 도로는 1과 주인에게 금 1개, 길 위의 야만인은 2가 더 듭니다. 곡물 1개는 이동 점수 2점을 더해 주며 턴당 한 번입니다.	ターンの終わりに移動ポイントが4あります。道は2、自分の道路は1、他人の道路は1と持ち主への金1、道にいる蛮族は2追加です。小麦1つで移動ポイント+2、1ターンに1回。	回合结束时你有4点移动点数。一条路径花2点，自己的道路1点，别人的道路1点并付给其主人1金币，路上的野蛮人再加2点。1粮食可增加2点移动点数，每回合一次。
Upgrade your wagon	Rüste deinen Wagen auf	Opgrader din vogn	Uppgradera din vagn	Oppgrader vogna di	Upgrade je wagen	Améliorez votre chariot	Mejora tu carreta	Potenzia il tuo carro	Melhora a tua carroça	Ulepsz swój wóz	Arabanı geliştir	Покращ свій віз	마차 업그레이드	荷馬車を強化	升级你的马车
Pay 1 lumber, 1 wool and 1 ore (2 lumber for the last two upgrades) to move the cube: more movement points, better chances against barbarians and more gold per delivery. The full upgrade is worth 1 point.	Zahle 1 Holz, 1 Wolle und 1 Erz (2 Holz für die letzten beiden Ausbauten) und rücke den Würfel vor: mehr Bewegungspunkte, bessere Chancen gegen Barbaren und mehr Gold pro Lieferung. Der volle Ausbau zählt 1 Siegpunkt.	Betal 1 træ, 1 uld og 1 malm (2 træ for de to sidste opgraderinger) for at flytte terningen: flere bevægelsespoint, bedre chancer mod barbarer og mere guld pr. levering. Den fulde opgradering er 1 point værd.	Betala 1 trä, 1 ull och 1 malm (2 trä för de två sista uppgraderingarna) för att flytta kuben: fler rörelsepoäng, bättre chans mot barbarer och mer guld per leverans. Full uppgradering är värd 1 poäng.	Betal 1 tømmer, 1 ull og 1 malm (2 tømmer for de to siste oppgraderingene) for å flytte kuben: flere bevegelsespoeng, bedre sjanser mot barbarer og mer gull per levering. Full oppgradering er verdt 1 poeng.	Betaal 1 hout, 1 wol en 1 erts (2 hout voor de laatste twee upgrades) om de kubus te verschuiven: meer bewegingspunten, betere kansen tegen barbaren en meer goud per levering. De volledige upgrade is 1 punt waard.	Paie 1 bois, 1 laine et 1 minerai (2 bois pour les deux dernières améliorations) pour avancer le cube : plus de points de mouvement, de meilleures chances contre les barbares et plus d’or par livraison. L’amélioration complète vaut 1 point.	Paga 1 madera, 1 lana y 1 mineral (2 de madera en las dos últimas mejoras) para mover el cubo: más puntos de movimiento, mejores opciones contra los bárbaros y más oro por entrega. La mejora completa vale 1 punto.	Paga 1 legname, 1 lana e 1 minerale (2 legname per gli ultimi due potenziamenti) per spostare il cubo: più punti movimento, più probabilità contro i barbari e più oro per consegna. Il potenziamento completo vale 1 punto.	Paga 1 madeira, 1 lã e 1 minério (2 madeiras nas duas últimas melhorias) para mover o cubo: mais pontos de movimento, melhores hipóteses contra os bárbaros e mais ouro por entrega. A melhoria completa vale 1 ponto.	Zapłać 1 drewno, 1 wełnę i 1 rudę (2 drewna za ostatnie dwa ulepszenia), by przesunąć kostkę: więcej punktów ruchu, lepsze szanse na barbarzyńców i więcej złota za dostawę. Pełne ulepszenie jest warte 1 punkt.	Küpü ilerletmek için 1 kereste, 1 yün ve 1 maden öde (son iki geliştirme için 2 kereste): daha çok hareket puanı, barbarlara karşı daha iyi şans ve teslimat başına daha çok altın. Tam geliştirme 1 puan değerindedir.	Заплати 1 деревину, 1 вовну й 1 руду (2 деревини за останні два покращення), щоб пересунути кубик: більше очок руху, кращі шанси проти варварів і більше золота за доставку. Повне покращення варте 1 очка.	목재 1개, 양모 1개, 광석 1개(마지막 두 번의 업그레이드는 목재 2개)를 내고 큐브를 옮깁니다. 이동 점수가 늘고, 야만인에 맞설 확률이 오르고, 배달당 금이 늘어납니다. 완전 업그레이드는 1점입니다.	木材1・羊毛1・鉱石1（最後の2回は木材2）を払ってキューブを進めます：移動ポイントが増え、蛮族に勝つ確率が上がり、配達ごとの金も増えます。フル強化は1点です。	支付1木材、1羊毛、1矿石（最后两次升级需2木材）来移动方块：移动点数更多，对付野蛮人的机会更好，每次送货的金币更多。完全升级价值1分。
The friendly robber spares players with 2 points or fewer. Harbors of Broch: buildings at harbors count 1 (a city 2); the first with 3 or the most holds a tile worth 2 points, and everybody needs 1 more point to win.	Der freundliche Räuber verschont Spieler mit 2 oder weniger Punkten. Häfen von Broch: Gebäude an Häfen zählen 1 (Stadt 2); wer als Erster 3 hat oder die meisten, hält ein Plättchen im Wert von 2 Punkten, und alle brauchen 1 Punkt mehr zum Sieg.	Den venlige røver skåner spillere med 2 point eller færre. Havnene på Broch: bygninger ved havne tæller 1 (en by 2); den første med 3 eller flest har en plade, der er 2 point værd, og alle skal bruge 1 point mere for at vinde.	Den vänliga rövaren skonar spelare med 2 poäng eller färre. Hamnarna på Broch: byggnader vid hamnar räknas som 1 (en stad 2); den första med 3 eller flest har en bricka värd 2 poäng, och alla behöver 1 poäng mer för att vinna.	Den vennlige røveren skåner spillere med 2 poeng eller færre. Havnene på Broch: bygninger ved havner teller 1 (en by 2); den første med 3 eller flest har en brikke verdt 2 poeng, og alle trenger 1 poeng mer for å vinne.	De vriendelijke rover spaart spelers met 2 punten of minder. De havens van Broch: gebouwen bij havens tellen 1 (een stad 2); wie als eerste 3 heeft of de meeste, bezit een tegel van 2 punten, en iedereen heeft 1 punt meer nodig om te winnen.	Le voleur bienveillant épargne les joueurs avec 2 points ou moins. Les ports de Broch : les bâtiments sur les ports comptent 1 (une ville 2) ; le premier avec 3 ou le plus grand nombre détient une tuile qui vaut 2 points, et tout le monde a besoin de 1 point de plus pour gagner.	El ladrón amable perdona a los jugadores con 2 puntos o menos. Los puertos de Broch: los edificios en puertos cuentan 1 (una ciudad 2); quien llega primero a 3 o tiene más posee una ficha que vale 2 puntos, y todos necesitan 1 punto más para ganar.	Il brigante gentile risparmia i giocatori con 2 punti o meno. I porti di Broch: gli edifici sui porti contano 1 (una città 2); il primo con 3 o chi ne ha di più detiene una tessera che vale 2 punti, e tutti hanno bisogno di 1 punto in più per vincere.	O ladrão amigável poupa jogadores com 2 pontos ou menos. Os portos de Broch: os edifícios em portos contam 1 (uma cidade 2); quem chega primeiro a 3 ou tem mais fica com uma peça que vale 2 pontos, e todos precisam de mais 1 ponto para ganhar.	Przyjazny rozbójnik oszczędza graczy z 2 punktami lub mniej. Porty Broch: budynki w portach liczą się za 1 (miasto za 2); kto pierwszy ma 3 albo najwięcej, trzyma żeton wart 2 punkty, a wszyscy potrzebują o 1 punkt więcej do wygranej.	Dost haydut, 2 veya daha az puanı olan oyunculara dokunmaz. Broch Limanları: limanlardaki binalar 1 sayılır (şehir 2); ilk 3'e ulaşan ya da en çoğa sahip olan 2 puan değerinde bir karo tutar ve herkes kazanmak için 1 puan daha ister.	Дружній розбійник щадить гравців із 2 очками або менше. Гавані Broch: будівлі в портах рахуються за 1 (місто за 2); хто перший має 3 або найбільше, тримає плитку за 2 очка, а всім для перемоги потрібне ще 1 очко.	친절한 도둑은 2점 이하의 플레이어를 봐줍니다. Broch의 항구: 항구의 건물은 1점(도시는 2점)으로 셉니다. 3점에 먼저 도달했거나 가장 많은 사람이 2점짜리 타일을 가지며, 모두 이기려면 1점이 더 필요합니다.	親切な盗賊は2点以下のプレイヤーを見逃します。Brochの港：港の建物は1（都市は2）と数え、3に最初に達した人か最も多い人が2点のタイルを持ち、全員が勝つのに1点多く必要になります。	友善的强盗会放过 2 分或更少的玩家。Broch 港口：港口上的建筑计 1（城市计 2）；最先达到 3 或数量最多的人持有价值 2 分的板块，所有人获胜都需要多 1 分。
Stone 1 rolls the dice, trades with everybody (who may answer an offer with a counter-offer) and builds.	Stein 1 würfelt, handelt mit allen (die auf ein Angebot mit einem Gegenangebot antworten dürfen) und baut.	Sten 1 slår terningerne, handler med alle (som kan svare på et tilbud med et modbud) og bygger.	Sten 1 slår tärningarna, handlar med alla (som kan svara på ett erbjudande med ett motbud) och bygger.	Stein 1 kaster terningene, handler med alle (som kan svare på et tilbud med et motbud) og bygger.	Steen 1 dobbelt, ruilt met iedereen (die op een aanbod met een tegenbod mag antwoorden) en bouwt.	La pierre 1 lance les dés, échange avec tout le monde (qui peut répondre à une offre par une contre-proposition) et construit.	La piedra 1 tira los dados, comercia con todos (que pueden responder a una oferta con una contraoferta) y construye.	La pietra 1 tira i dadi, scambia con tutti (che possono rispondere a un'offerta con una controfferta) e costruisce.	A pedra 1 lança os dados, troca com todos (que podem responder a uma oferta com uma contraproposta) e constrói.	Kamień 1 rzuca kośćmi, handluje ze wszystkimi (którzy mogą odpowiedzieć na ofertę kontrofertą) i buduje.	Taş 1 zar atar, herkesle takas yapar (teklife karşı teklifle yanıt verebilirler) ve inşa eder.	Камінь 1 кидає кубики, торгує з усіма (які можуть відповісти на пропозицію контрпропозицією) й будує.	돌 1은 주사위를 굴리고, 모두와 거래하고(상대는 제안에 역제안으로 답할 수 있습니다), 건설합니다.	石1はサイコロを振り、全員と取引し(相手は申し出に逆提案で答えられます)、建設します。	石头1掷骰子，可与所有人交易（对方可用还价回应报价）并建造。
No dice and no trading with players, only with the bank. Build, buy and play 1 development card.	Kein Würfeln und kein Handel mit Mitspielern, nur mit dem Vorrat. Baue, kaufe und spiele 1 Entwicklungskarte.	Ingen terninger og ingen handel med spillere, kun med banken. Byg, køb og spil 1 udviklingskort.	Inga tärningar och ingen handel med spelare, bara med banken. Bygg, köp och spela 1 utvecklingskort.	Ingen terninger og ingen handel med spillere, bare med banken. Bygg, kjøp og spill 1 utviklingskort.	Niet dobbelen en niet ruilen met spelers, alleen met de bank. Bouw, koop en speel 1 ontwikkelingskaart.	Pas de dés et pas d'échanges avec les joueurs, seulement avec la banque. Construis, achète et joue 1 carte développement.	Sin dados y sin comerciar con jugadores, solo con el banco. Construye, compra y juega 1 carta de desarrollo.	Niente dadi e niente scambi con i giocatori, solo con la banca. Costruisci, compra e gioca 1 carta sviluppo.	Sem dados e sem trocas com jogadores, só com o banco. Constrói, compra e joga 1 carta de desenvolvimento.	Bez rzutu kośćmi i bez handlu z graczami, tylko z bankiem. Buduj, kupuj i zagraj 1 kartę rozwoju.	Zar yok ve oyuncularla takas yok, yalnızca bankayla. İnşa et, satın al ve 1 gelişim kartı oyna.	Без кубиків і без торгівлі з гравцями, лише з банком. Будуй, купуй і зіграй 1 карту розвитку.	주사위도 없고 플레이어와의 거래도 없으며, 은행과만 거래합니다. 건설하고, 사고, 발전 카드 1장을 사용할 수 있습니다.	サイコロも他の人との取引もなく、銀行とだけ取引します。建設し、購入し、発展カードを1枚使えます。	不掷骰子，也不能与玩家交易，只能与银行交易。可以建造、购买并打出1张发展卡。
Knighthood	Ritterweihe	Ridderslag	Riddarslag	Ridderslag	Ridderslag	Adoubement	Investidura de caballero	Investitura a cavaliere	Sagração de cavaleiro	Pasowanie na rycerza	Şövalyelik Töreni	Посвята в лицарі	기사 서임	騎士叙任	册封骑士
Swift Knight	Schneller Ritter	Hurtig ridder	Snabb riddare	Rask ridder	Snelle ridder	Chevalier rapide	Caballero veloz	Cavaliere veloce	Cavaleiro veloz	Szybki rycerz	Çevik Şövalye	Швидкий лицар	날쌘 기사	俊足の騎士	迅捷骑士
Capture	Gefangennahme	Tilfangetagelse	Tillfångatagande	Tilfangetakelse	Gevangenneming	Capture	Captura	Cattura	Captura	Pojmanie	Esir Alma	Полонення	생포	捕縛	俘获
Knight, Road Building, Swift Journey or a point	Ritter, Straßenbau, Gute Reise oder ein Siegpunkt	Ridder, Vejbygning, God rejse eller et point	Riddare, Vägbygge, Snabb resa eller en poäng	Ridder, Veibygging, God reise eller et poeng	Ridder, Stratenbouw, Voorspoedige reis of een punt	Chevalier, Construction de routes, Voyage rapide ou un point	Caballero, Construcción de carreteras, Viaje veloz o un punto	Cavaliere, Costruzione strade, Viaggio veloce o un punto	Cavaleiro, Construção de estradas, Viagem veloz ou um ponto	Rycerz, Budowa dróg, Szybka podróż lub punkt	Şövalye, Yol yapımı, Hızlı yolculuk veya bir puan	Лицар, Будівництво доріг, Швидка подорож або очко	기사, 도로 건설, 빠른 여정 또는 1점	騎士、街道建設、快速の旅、または1点	骑士、修路、快速旅程或1分
Longest Road: 5 or more connected roads, 2 points. There is no Largest Army and no robber.	Längste Handelsroute: 5 oder mehr zusammenhängende Straßen, 2 Siegpunkte. Es gibt keine Größte Rittermacht und keinen Räuber.	Længste vej: 5 eller flere sammenhængende veje, 2 point. Der er ingen største hær og ingen røver.	Längsta vägen: 5 eller fler sammanhängande vägar, 2 poäng. Det finns ingen största armé och ingen rövare.	Lengste vei: 5 eller flere sammenhengende veier, 2 poeng. Det finnes ingen største hær og ingen røver.	Langste handelsroute: 5 of meer aaneengesloten wegen, 2 punten. Er is geen grootste riddermacht en geen rover.	Route la plus longue : 5 routes connectées ou plus, 2 points. Il n'y a ni armée la plus puissante ni voleur.	Gran ruta comercial: 5 o más carreteras conectadas, 2 puntos. No hay gran ejército ni ladrón.	Strada più lunga: 5 o più strade collegate, 2 punti. Non ci sono né armata più grande né brigante.	Estrada mais longa: 5 ou mais estradas ligadas, 2 pontos. Não há maior exército nem ladrão.	Najdłuższa droga: 5 lub więcej połączonych dróg, 2 punkty. Nie ma największej armii ani rozbójnika.	En uzun yol: 5 veya daha fazla bağlı yol, 2 puan. En büyük ordu ve haydut yoktur.	Найдовша дорога: 5 або більше з'єднаних доріг, 2 очки. Немає ні найбільшого війська, ні розбійника.	최장 도로: 이어진 도로 5개 이상, 2점. 최대 기사단도 도둑도 없습니다.	最長交易路：つながった道路5本以上で2点。最大騎士力も盗賊もありません。	最长道路：5条及以上相连道路，2分。没有最大军队，也没有强盗。
Largest Army: 3 or more played knights, 2 points. There is no Longest Road. You may play 1 development card per turn, but not one you bought this turn.	Größte Rittermacht: 3 oder mehr ausgespielte Ritter, 2 Siegpunkte. Es gibt keine Längste Handelsroute. Pro Zug darfst du 1 Entwicklungskarte ausspielen, aber keine, die du in diesem Zug gekauft hast.	Største hær: 3 eller flere spillede riddere, 2 point. Der er ingen længste vej. Du må spille 1 udviklingskort pr. tur, men ikke et, du har købt i denne tur.	Största armén: 3 eller fler spelade riddare, 2 poäng. Det finns ingen längsta väg. Du får spela 1 utvecklingskort per tur, men inte ett som du köpt i den här turen.	Største hær: 3 eller flere spilte riddere, 2 poeng. Det finnes ingen lengste vei. Du kan spille 1 utviklingskort per runde, men ikke ett du kjøpte i denne runden.	Grootste riddermacht: 3 of meer gespeelde ridders, 2 punten. Er is geen langste handelsroute. Je mag per beurt 1 ontwikkelingskaart spelen, maar geen kaart die je in deze beurt hebt gekocht.	Armée la plus puissante : 3 chevaliers joués ou plus, 2 points. Il n'y a pas de route la plus longue. Vous pouvez jouer 1 carte développement par tour, mais pas une carte achetée pendant ce tour.	Gran ejército: 3 o más caballeros jugados, 2 puntos. No hay gran ruta comercial. Puedes jugar 1 carta de desarrollo por turno, pero no una que hayas comprado en este turno.	Armata più grande: 3 o più cavalieri giocati, 2 punti. Non c'è la strada più lunga. Puoi giocare 1 carta sviluppo per turno, ma non una acquistata in questo turno.	Maior exército: 3 ou mais cavaleiros jogados, 2 pontos. Não há estrada mais longa. Pode jogar 1 carta de desenvolvimento por vez, mas não uma que tenha comprado nessa mesma vez.	Największa armia: 3 lub więcej zagranych rycerzy, 2 punkty. Nie ma najdłuższej drogi. W turze możesz zagrać 1 kartę rozwoju, ale nie taką, którą kupiono w tej samej turze.	En büyük ordu: 3 veya daha fazla oynanmış şövalye, 2 puan. En uzun yol yoktur. Tur başına 1 gelişim kartı oynayabilirsin ama o turda satın aldığını oynayamazsın.	Найбільше військо: 3 або більше зіграних лицарів, 2 очки. Найдовшої дороги немає. За хід можна зіграти 1 карту розвитку, але не ту, яку куплено в цей самий хід.	최대 기사단: 사용한 기사 3장 이상, 2점. 최장 도로는 없습니다. 턴마다 발전 카드를 1장 사용할 수 있지만, 이번 턴에 산 카드는 쓸 수 없습니다.	最大騎士力：使用した騎士3枚以上で2点。最長交易路はありません。発展カードは1ターンに1枚使えますが、そのターンに買ったカードは使えません。	最大军队：打出3张及以上骑士卡，2分。没有最长道路。每回合可以打出1张发展卡，但不能是本回合购买的。
Gold: 2 gold buy a resource (twice per turn). You can buy gold from the supply at 4:1, 3:1 or 2:1 and use it in trades with players. Gold cannot be stolen.	Gold: 2 Gold kaufen einen Rohstoff (zweimal pro Zug). Gold kannst du beim Vorrat zu 4:1, 3:1 oder 2:1 kaufen und im Handel mit Mitspielern einsetzen. Gold kann nicht gestohlen werden.	Guld: 2 guld køber et råstof (to gange pr. tur). Du kan købe guld i forrådet til 4:1, 3:1 eller 2:1 og bruge det i handel med spillere. Guld kan ikke stjæles.	Guld: 2 guld köper en råvara (två gånger per tur). Du kan köpa guld i förrådet för 4:1, 3:1 eller 2:1 och använda det vid handel med spelare. Guld kan inte stjälas.	Gull: 2 gull kjøper en råvare (to ganger per tur). Du kan kjøpe gull i forrådet for 4:1, 3:1 eller 2:1 og bruke det i handel med spillere. Gull kan ikke stjeles.	Goud: 2 goud kopen een grondstof (twee keer per beurt). Je kunt goud kopen bij de voorraad voor 4:1, 3:1 of 2:1 en gebruiken in de handel met spelers. Goud kan niet worden gestolen.	Or : 2 or achètent une ressource (deux fois par tour). Tu peux acheter de l'or à la réserve à 4:1, 3:1 ou 2:1 et l'utiliser dans les échanges avec les joueurs. L'or ne peut pas être volé.	Oro: 2 de oro compran un recurso (dos veces por turno). Puedes comprar oro en la reserva a 4:1, 3:1 o 2:1 y usarlo en intercambios con jugadores. El oro no se puede robar.	Oro: 2 oro comprano una risorsa (due volte per turno). Puoi comprare oro dalla riserva a 4:1, 3:1 o 2:1 e usarlo negli scambi con i giocatori. L'oro non si può rubare.	Ouro: 2 de ouro compram um recurso (duas vezes por turno). Podes comprar ouro à reserva a 4:1, 3:1 ou 2:1 e usá-lo nas trocas com jogadores. O ouro não pode ser roubado.	Złoto: 2 złota kupują surowiec (dwa razy na turę). Złoto możesz kupić od zapasu po 4:1, 3:1 lub 2:1 i używać go w handlu z graczami. Złota nie można ukraść.	Altın: 2 altın bir hammadde alır (turda iki kez). Altını stoktan 4:1, 3:1 veya 2:1 ile satın alabilir ve oyuncularla takasta kullanabilirsin. Altın çalınamaz.	Золото: 2 золота купують ресурс (двічі за хід). Золото можна купити із запасу за 4:1, 3:1 або 2:1 і використовувати в обміні з гравцями. Золото не можна вкрасти.	금: 금 2개로 자원 1개를 삽니다(턴당 2번). 금은 비축분에서 4:1, 3:1, 2:1로 살 수 있고 다른 플레이어와의 거래에도 쓸 수 있습니다. 금은 훔칠 수 없습니다.	金：金2枚で資源を1つ買えます(1ターンに2回)。金はストックから4:1・3:1・2:1で買え、他のプレイヤーとの取引にも使えます。金は盗まれません。	金币：2金币买1份资源(每回合两次)。可以4:1、3:1或2:1从供应堆购买金币，也可用于与玩家交易。金币不会被偷。
Rivers: a road or settlement next to a river earns 1 gold, a bridge 3; roads cannot cross a river. The one player with the most gold gets +1 point, everyone with the least −2.	Flüsse: Eine Straße oder Siedlung am Fluss bringt 1 Gold, eine Brücke 3; Straßen dürfen keinen Fluss überqueren. Wer allein das meiste Gold hat, erhält +1 Siegpunkt, wer am wenigsten hat, −2.	Floder: En vej eller bosættelse ved en flod giver 1 guld, en bro 3; veje kan ikke krydse en flod. Den ene med mest guld får +1 point, alle med mindst −2.	Floder: En väg eller bosättning vid en flod ger 1 guld, en bro 3; vägar kan inte korsa en flod. Den ende med mest guld får +1 poäng, alla med minst −2.	Elver: En vei eller bosetning ved en elv gir 1 gull, en bro 3; veier kan ikke krysse en elv. Den ene med mest gull får +1 poeng, alle med minst −2.	Rivieren: Een weg of dorp aan een rivier levert 1 goud op, een brug 3; wegen kunnen geen rivier oversteken. Wie als enige het meeste goud heeft, krijgt +1 punt, iedereen met het minste −2.	Rivières : une route ou une colonie au bord d'une rivière rapporte 1 or, un pont 3 ; les routes ne peuvent pas traverser une rivière. Le seul joueur qui a le plus d'or gagne +1 point, tous ceux qui en ont le moins −2.	Ríos: una carretera o poblado junto a un río da 1 de oro, un puente 3; las carreteras no cruzan un río. Quien tiene él solo más oro obtiene +1 punto; todos los que tienen menos, −2.	Fiumi: una strada o un insediamento lungo un fiume frutta 1 oro, un ponte 3; le strade non possono attraversare un fiume. Chi ha da solo più oro ottiene +1 punto, chi ne ha meno −2.	Rios: uma estrada ou aldeia junto a um rio rende 1 de ouro, uma ponte 3; as estradas não podem atravessar um rio. Quem tem sozinho mais ouro ganha +1 ponto; quem tem menos, −2.	Rzeki: droga lub osada przy rzece daje 1 złoto, most 3; drogi nie mogą przecinać rzeki. Jedyny gracz z największą ilością złota dostaje +1 punkt, każdy z najmniejszą −2.	Nehirler: Nehir kıyısındaki bir yol veya köy 1 altın, bir köprü 3 altın kazandırır; yollar nehri geçemez. En çok altını tek başına olan +1 puan, en az altını olanların hepsi −2 puan alır.	Річки: дорога чи поселення біля річки приносить 1 золото, міст — 3; дороги не можуть перетинати річку. Єдиний з найбільшою кількістю золота отримує +1 очко, усі з найменшою −2.	강: 강가의 도로나 정착지는 금 1개, 다리는 금 3개를 줍니다. 도로는 강을 건널 수 없습니다. 혼자 금이 가장 많은 사람은 +1점, 금이 가장 적은 사람은 모두 −2점.	川：川沿いの道路や開拓地は金1、橋は金3をもたらします。道路は川を渡れません。金が単独で最多の人は+1点、最も少ない人は全員−2点。	河流：河边的道路或村庄获得1金币，桥获得3金币；道路不能跨河。独自拥有最多金币者+1分，金币最少者各−2分。
Barbarians: they land after every settlement or city you build. Three conquer a tile. Knights drive them off when there are more knights than barbarians around a tile. 2 prisoners are worth 1 point. Knights come from development cards, which are played at once.	Barbaren: Sie landen nach jeder Siedlung oder Stadt, die du baust. Drei erobern ein Küstenfeld. Ritter vertreiben sie, wenn um ein Feld mehr Ritter als Barbaren stehen. Je 2 Gefangene zählen 1 Siegpunkt. Ritter kommen aus Entwicklungskarten, die sofort gespielt werden.	Barbarer: de lander efter hver bosættelse eller by, du bygger. Tre erobrer et felt. Riddere driver dem væk, når der er flere riddere end barbarer rundt om et felt. 2 fanger er 1 point værd. Riddere kommer fra udviklingskort, som spilles med det samme.	Barbarer: de landar efter varje bosättning eller stad du bygger. Tre erövrar en bricka. Riddare driver bort dem när det finns fler riddare än barbarer runt en bricka. 2 fångar är värda 1 poäng. Riddare kommer från utvecklingskort som spelas direkt.	Barbarer: de lander etter hver bosetning eller by du bygger. Tre erobrer et felt. Riddere driver dem bort når det er flere riddere enn barbarer rundt et felt. 2 fanger er verdt 1 poeng. Riddere kommer fra utviklingskort som spilles med en gang.	Barbaren: ze landen na elk dorp of elke stad die je bouwt. Drie veroveren een veld. Ridders verdrijven ze als er rond een veld meer ridders dan barbaren staan. 2 gevangenen zijn 1 punt waard. Ridders komen uit ontwikkelingskaarten, die meteen worden gespeeld.	Barbares : ils débarquent après chaque colonie ou ville que vous construisez. Trois conquièrent un terrain. Les chevaliers les repoussent quand il y a plus de chevaliers que de barbares autour d'un terrain. 2 prisonniers valent 1 point. Les chevaliers viennent des cartes développement, jouées aussitôt.	Bárbaros: desembarcan tras cada poblado o ciudad que construyes. Tres conquistan una casilla. Los caballeros los expulsan cuando hay más caballeros que bárbaros alrededor de una casilla. 2 prisioneros valen 1 punto. Los caballeros salen de las cartas de desarrollo, que se juegan al instante.	Barbari: sbarcano dopo ogni insediamento o città che costruisci. Tre conquistano una casella. I cavalieri li scacciano quando intorno a una casella ci sono più cavalieri che barbari. 2 prigionieri valgono 1 punto. I cavalieri vengono dalle carte sviluppo, giocate subito.	Bárbaros: desembarcam depois de cada aldeia ou cidade que construíres. Três conquistam um campo. Os cavaleiros expulsam-nos quando há mais cavaleiros do que bárbaros à volta de um campo. 2 prisioneiros valem 1 ponto. Os cavaleiros vêm das cartas de desenvolvimento, jogadas logo.	Barbarzyńcy: lądują po każdej zbudowanej osadzie lub mieście. Trzech zdobywa pole. Rycerze ich przeganiają, gdy wokół pola jest więcej rycerzy niż barbarzyńców. 2 jeńców to 1 punkt. Rycerze pochodzą z kart rozwoju, zagrywanych od razu.	Barbarlar: kurduğun her köy veya şehirden sonra karaya çıkarlar. Üçü bir araziyi fetheder. Bir arazinin çevresinde barbarlardan çok şövalye olunca şövalyeler onları kovar. 2 esir 1 puan değerindedir. Şövalyeler, hemen oynanan gelişim kartlarından gelir.	Варвари: висаджуються після кожного вашого поселення чи міста. Троє захоплюють поле. Лицарі проганяють їх, коли навколо поля лицарів більше, ніж варварів. 2 бранці — це 1 очко. Лицарі беруться з карт розвитку, що розігруються одразу.	야만인: 정착지나 도시를 지을 때마다 상륙합니다. 셋이 모이면 땅을 점령합니다. 땅 둘레에 야만인보다 기사가 더 많으면 기사가 그들을 몰아냅니다. 포로 2명은 1점입니다. 기사는 즉시 사용하는 발전 카드에서 나옵니다.	蛮族：開拓地や都市を建てるたびに上陸します。3人で1枚のタイルを占領します。タイルの周りに蛮族より多く騎士がいると、騎士が追い払います。捕虜2人で1点です。騎士は発展カードから登場し、カードはすぐに使います。	蛮族：建造村庄或城市后上陆。三人占领一块地。当地块周围的骑士比野蛮人多时，骑士将其驱逐。每2名俘虏价值1分。骑士来自立即打出的发展卡。
Trade with the others too.	Handle auch mit den anderen.	Handl også med de andre.	Handla också med de andra.	Handle også med de andre.	Ruil ook met de anderen.	Échange aussi avec les autres.	Comercia también con los demás.	Scambia anche con gli altri.	Troca também com os outros.	Handluj też z innymi.	Diğerleriyle de takas yap.	Торгуй і з іншими.	다른 플레이어와도 거래하세요.	他のプレイヤーとも取引しましょう。	也可以和其他玩家交易。
Only with the player whose turn it is. They may answer an offer with a counter-offer.	Nur mit dem Spieler am Zug. Die anderen dürfen auf ein Angebot mit einem Gegenangebot antworten.	Kun med den, hvis tur det er. De andre kan svare på et tilbud med et modbud.	Bara med spelaren vars tur det är. De andra kan svara på ett erbjudande med ett motbud.	Bare med spilleren som har tur. De andre kan svare på et tilbud med et motbud.	Alleen met de speler die aan de beurt is. De anderen mogen op een aanbod met een tegenbod antwoorden.	Seulement avec le joueur dont c'est le tour. Les autres peuvent répondre à une offre par une contre-proposition.	Solo con quien tiene el turno. Los demás pueden responder a una oferta con una contraoferta.	Solo con il giocatore di turno. Gli altri possono rispondere a un'offerta con una controfferta.	Só com quem tem o turno. Os outros podem responder a uma oferta com uma contraproposta.	Tylko z graczem, który ma turę. Pozostali mogą odpowiedzieć na ofertę kontrofertą.	Yalnızca sırası gelen oyuncuyla. Diğerleri bir teklife karşı teklifle yanıt verebilir.	Лише з гравцем, чий зараз хід. Інші можуть відповісти на пропозицію контрпропозицією.	차례인 플레이어와만 가능합니다. 다른 플레이어는 제안에 역제안으로 답할 수 있습니다.	手番のプレイヤーとだけ取引できます。他のプレイヤーは申し出に逆提案で答えられます。	只能与当前回合的玩家交易。其他玩家可以用还价回应报价。
A settlement needs a road leading to it, and the crossings next to it must be empty.	Eine Siedlung braucht eine Straße dorthin, und die benachbarten Kreuzungen müssen frei sein.	En bosættelse kræver en vej hen til sig, og de nærmeste kryds skal være tomme.	En bosättning kräver en väg dit, och angränsande korsningar måste vara tomma.	En bosetning krever en vei dit, og de nærmeste kryssene må være tomme.	Een nederzetting heeft een weg ernaartoe nodig, en de aangrenzende kruispunten moeten leeg zijn.	Une colonie exige une route jusqu'à elle, et les intersections voisines doivent être libres.	Un poblado necesita un camino hasta él, y los cruces vecinos deben estar libres.	Un insediamento richiede una strada fino a lì, e gli incroci vicini devono essere liberi.	Uma aldeia precisa de uma estrada até ela, e os cruzamentos vizinhos têm de estar livres.	Osada wymaga prowadzącej do niej drogi, a sąsiednie skrzyżowania muszą być wolne.	Bir köy için ona giden bir yol gerekir ve yanındaki kavşaklar boş olmalıdır.	Поселенню потрібна дорога до нього, а сусідні перехрестя мають бути вільні.	정착지에는 그곳까지 이어진 길이 필요하고, 바로 옆 교차로는 비어 있어야 합니다.	開拓地には、そこへ続く道が必要で、隣の交差点は空いていなければなりません。	村庄需要一条通往它的道路，且相邻的交叉点必须为空。
They bring no points, but a power.	Sie bringen keine Punkte, aber einen Vorteil.	De giver ingen point, men en fordel.	De ger inga poäng, men en fördel.	De gir ingen poeng, men en fordel.	Ze brengen geen punten op, maar wel een voordeel.	Elles ne rapportent pas de points, mais un avantage.	No dan puntos, pero sí una ventaja.	Non danno punti, ma un vantaggio.	Não dão pontos, mas dão uma vantagem.	Nie dają punktów, ale dają przewagę.	Puan getirmezler ama bir avantaj sağlarlar.	Вони не дають очок, але дають перевагу.	점수는 주지 않지만 이점을 줍니다.	点数にはなりませんが、特典があります。	它们不带来分数，但带来一项优势。
Longest Trade Route: once per turn trade 2 cards for 1. Mightiest Combat Arts: once per turn move the robber from a field next to your building onto the jungle frame and take 1 card of that field.	Längste Handelsstraße: einmal pro Zug 2 Karten gegen 1 tauschen. Größte Kampfkunst: einmal pro Zug den Räuber von einem Feld neben deinem Gebäude auf den Urwaldrahmen setzen und 1 Karte dieses Feldes nehmen.	Længste handelsvej: én gang pr. tur 2 kort for 1. Største kampkunst: én gang pr. tur flytte røveren fra et felt ved din bygning til junglerammen og tage 1 kort fra det felt.	Längsta handelsvägen: en gång per tur 2 kort mot 1. Största stridskonst: en gång per tur flytta rövaren från en ruta vid din byggnad till djungelramen och ta 1 kort från den rutan.	Lengste handelsvei: én gang per runde 2 kort mot 1. Største kampkunst: én gang per runde flytte røveren fra et felt ved bygningen din til jungelrammen og ta 1 kort fra det feltet.	Langste handelsweg: één keer per beurt 2 kaarten voor 1 ruilen. Grootste strijdkunst: één keer per beurt de rover van een veld naast je gebouw naar het oerwoudkader zetten en 1 kaart van dat veld nemen.	Plus longue route commerciale : une fois par tour, 2 cartes contre 1. Plus grand art du combat : une fois par tour, déplacer le voleur d'un terrain voisin de votre bâtiment vers le cadre de jungle et prendre 1 carte de ce terrain.	Ruta comercial más larga: una vez por turno, 2 cartas por 1. Mayor arte de combate: una vez por turno, mueve el ladrón de una casilla junto a tu edificio al marco de selva y toma 1 carta de esa casilla.	Via commerciale più lunga: una volta per turno, 2 carte per 1. Maggiore arte del combattimento: una volta per turno, sposta il brigante da un terreno accanto al tuo edificio sulla cornice di giungla e prendi 1 carta di quel terreno.	Estrada comercial mais longa: uma vez por turno, 2 cartas por 1. Maior arte de combate: uma vez por turno, move o ladrão de um campo junto ao teu edifício para a moldura de selva e toma 1 carta desse campo.	Najdłuższa droga handlowa: raz na turę 2 karty za 1. Największa sztuka walki: raz na turę przesuń rozbójnika z pola przy swoim budynku na ramę z dżunglą i weź 1 kartę z tego pola.	En uzun ticaret yolu: turda bir kez 2 kartı 1 kartla takas et. En büyük dövüş sanatı: turda bir kez haydudu binanın yanındaki bir araziden orman çerçevesine taşı ve o arazinin 1 kartını al.	Найдовша торгова дорога: раз за хід обміняй 2 карти на 1. Найвище бойове мистецтво: раз за хід перемісти розбійника з поля біля твоєї будівлі на джунглевий обідок і візьми 1 карту цього поля.	최장 교역로: 턴당 한 번 카드 2장을 1장으로 교환합니다. 최고의 전투술: 턴당 한 번 내 건물 옆 땅의 도둑을 정글 틀로 옮기고 그 땅의 카드 1장을 받습니다.	最長交易路：1ターンに1回、カード2枚を1枚と交換できます。最大の戦闘術：1ターンに1回、自分の建物の隣のタイルにいる盗賊をジャングルの枠に動かし、そのタイルのカードを1枚得ます。	最长贸易之路：每回合一次，2张牌换1张。最强战技：每回合一次，把强盗从你建筑旁的地块移到丛林边框，并获得该地块的1张牌。
The pollution marker decides how many: 1 chip at 6–18, 2 chips below 6 or at 19–23, 3 chips from 24 (with 4 players).	Der Verschmutzungsmarker bestimmt die Anzahl: 1 Chip bei 6–18, 2 Chips unter 6 oder bei 19–23, 3 Chips ab 24 (mit 4 Spielern).	Forureningsmarkøren bestemmer antallet: 1 chip ved 6–18, 2 chips under 6 eller ved 19–23, 3 chips fra 24 (med 4 spillere).	Föroreningsmarkören avgör antalet: 1 marker vid 6–18, 2 markörer under 6 eller vid 19–23, 3 markörer från 24 (med 4 spelare).	Forurensningsmarkøren bestemmer antallet: 1 chip ved 6–18, 2 chips under 6 eller ved 19–23, 3 chips fra 24 (med 4 spillere).	De vervuilingsmarker bepaalt hoeveel: 1 fiche bij 6–18, 2 fiches onder 6 of bij 19–23, 3 fiches vanaf 24 (met 4 spelers).	Le marqueur de pollution décide du nombre : 1 jeton à 6–18, 2 jetons sous 6 ou à 19–23, 3 jetons à partir de 24 (à 4 joueurs).	El marcador de contaminación decide cuántas: 1 ficha en 6–18, 2 fichas por debajo de 6 o en 19–23, 3 fichas desde 24 (con 4 jugadores).	Il segnalino inquinamento decide quanti: 1 gettone a 6–18, 2 gettoni sotto 6 o a 19–23, 3 gettoni da 24 (con 4 giocatori).	O marcador de poluição decide quantas: 1 ficha em 6–18, 2 fichas abaixo de 6 ou em 19–23, 3 fichas a partir de 24 (com 4 jogadores).	Znacznik zanieczyszczenia decyduje o liczbie: 1 żeton przy 6–18, 2 żetony poniżej 6 lub przy 19–23, 3 żetony od 24 (przy 4 graczach).	Kirlilik işaretçisi sayıyı belirler: 6–18’de 1 fiş, 6’nın altında veya 19–23’te 2 fiş, 24’ten itibaren 3 fiş (4 oyuncuyla).	Маркер забруднення визначає кількість: 1 жетон при 6–18, 2 жетони нижче 6 або при 19–23, 3 жетони від 24 (на 4 гравців).	오염 마커가 개수를 정합니다: 6–18은 1개, 6 미만이나 19–23은 2개, 24부터는 3개(4명일 때).	汚染マーカーが枚数を決めます：6–18は1枚、6未満または19–23は2枚、24以上は3枚（4人プレイ時）。	污染标记决定数量：6–18抽1枚，低于6或19–23抽2枚，24以上抽3枚（4人游戏）。
Air pollution damages the worst balance, production boost lets it build a free brown plant. Sustainable production rewards the most green plants, state funding the best balance.	Luftverschmutzung schadet der schlechtesten Bilanz, Produktionssteigerung lässt sie ein braunes Kraftwerk gratis bauen. Nachhaltige Produktion belohnt die meisten grünen Kraftwerke, Staatliche Förderung die beste Bilanz.	Luftforurening skader den dårligste balance, produktionsstigning lader den bygge et brunt kraftværk gratis. Bæredygtig produktion belønner de fleste grønne kraftværker, statsstøtte den bedste balance.	Luftförorening skadar sämst balans, produktionsökning låter den bygga ett brunt kraftverk gratis. Hållbar produktion belönar flest gröna kraftverk, statligt stöd bäst balans.	Luftforurensning skader den dårligste balansen, produksjonsøkning lar den bygge et brunt kraftverk gratis. Bærekraftig produksjon belønner flest grønne kraftverk, statlig støtte den beste balansen.	Luchtvervuiling schaadt de slechtste balans, productieverhoging laat die gratis een bruine centrale bouwen. Duurzame productie beloont de meeste groene centrales, staatssteun de beste balans.	La pollution de l'air endommage le pire bilan, la hausse de production lui permet de construire gratuitement une centrale brune. La production durable récompense le plus de centrales vertes, l'aide de l'État le meilleur bilan.	La contaminación del aire daña al peor balance, el aumento de producción le deja construir gratis una central marrón. La producción sostenible premia al que tiene más centrales verdes, la financiación estatal al mejor balance.	L'inquinamento atmosferico danneggia il peggior bilancio, l'aumento della produzione gli permette di costruire gratis una centrale marrone. La produzione sostenibile premia chi ha più centrali verdi, il finanziamento statale il miglior bilancio.	A poluição do ar prejudica o pior balanço, o aumento da produção deixa-o construir grátis uma central castanha. A produção sustentável recompensa quem tem mais centrais verdes, o apoio estatal o melhor balanço.	Zanieczyszczenie powietrza szkodzi najgorszemu bilansowi, wzrost produkcji pozwala mu za darmo zbudować brązową elektrownię. Zrównoważona produkcja nagradza najwięcej zielonych elektrowni, dotacja państwowa najlepszy bilans.	Hava kirliliği en kötü bilançoya hasar verir, üretim artışı ona bedava kahverengi bir santral kurdurur. Sürdürülebilir üretim en çok yeşil santrali olanı, devlet desteği en iyi bilançoyu ödüllendirir.	Забруднення повітря шкодить найгіршому балансу, зростання виробництва дає йому безкоштовно збудувати коричневу станцію. Сталий розвиток нагороджує найбільше зелених станцій, державна підтримка — найкращий баланс.	대기 오염은 수지가 가장 나쁜 사람에게 피해를 주고, 생산 증대는 그 사람이 갈색 발전소를 무료로 짓게 해 줍니다. 지속 가능한 생산은 녹색 발전소가 가장 많은 사람에게, 정부 지원은 수지가 가장 좋은 사람에게 보상합니다.	大気汚染は最悪の収支にダメージを与え、生産増強はその人に茶色の発電所を無料で建てさせます。持続可能な生産は緑の発電所が最も多い人に、国の助成は最良の収支に報います。	空气污染会损害平衡最差的人，产能提升让他免费建一座褐色电厂。可持续生产奖励绿色电厂最多的人，国家资助奖励平衡最好的人。
With players in any ratio you agree on. They may answer your offer with a counter-offer.	Mit Mitspielern in jedem Verhältnis, auf das ihr euch einigt. Sie dürfen auf dein Angebot mit einem Gegenangebot antworten.	Med spillere i det forhold, I bliver enige om. De kan svare på dit tilbud med et modbud.	Med spelare i valfritt förhållande ni kommer överens om. De kan svara på ditt erbjudande med ett motbud.	Med spillere i det forholdet dere blir enige om. De kan svare på tilbudet ditt med et motbud.	Met spelers in elke verhouding waar je het over eens wordt. Zij mogen op je aanbod met een tegenbod antwoorden.	Avec les joueurs, dans le rapport dont vous convenez. Ils peuvent répondre à ton offre par une contre-proposition.	Con jugadores, en la proporción que acordéis. Pueden responder a tu oferta con una contraoferta.	Con i giocatori, nel rapporto che concordate. Possono rispondere alla tua offerta con una controfferta.	Com jogadores, na proporção que combinarem. Podem responder à tua oferta com uma contraproposta.	Z graczami w dowolnej proporcji, na jaką się zgodzicie. Mogą odpowiedzieć na twoją ofertę kontrofertą.	Oyuncularla, anlaştığınız her oranda. Teklifine karşı teklifle yanıt verebilirler.	З гравцями — у будь-якому співвідношенні, про яке домовитесь. Вони можуть відповісти на твою пропозицію контрпропозицією.	플레이어와는 합의한 어떤 비율로든 거래합니다. 상대는 당신의 제안에 역제안으로 답할 수 있습니다.	プレイヤーとは、合意した好きな比率で取引できます。相手はあなたの申し出に逆提案で答えられます。	与玩家可按双方商定的任意比例交易。对方可以用还价回应你的报价。
Trade with the supply.	Mit dem Vorrat handeln.	Handel med forrådet.	Handla med förrådet.	Handle med forrådet.	Handel met de voorraad.	Commercer avec la réserve.	Comerciar con la reserva.	Commercia con la riserva.	Comerciar com a reserva.	Handel z zapasem.	Stokla ticaret.	Торгівля із запасом.	비축분과 교환.	ストックと交換。	与供应堆交易。
Resources 4:1 (harbors make it 3:1 or 2:1), research cards 3:1, energy tokens 2:1.	Rohstoffe 4:1 (Häfen machen 3:1 oder 2:1 daraus), Forschungskarten 3:1, Energiemarker 2:1.	Råstoffer 4:1 (havne gør det til 3:1 eller 2:1), forskningskort 3:1, energimarkører 2:1.	Resurser 4:1 (hamnar ger 3:1 eller 2:1), forskningskort 3:1, energimarkörer 2:1.	Ressurser 4:1 (havner gir 3:1 eller 2:1), forskningskort 3:1, energimarkører 2:1.	Grondstoffen 4:1 (havens maken er 3:1 of 2:1 van), onderzoekskaarten 3:1, energiemarkers 2:1.	Ressources 4:1 (les ports donnent 3:1 ou 2:1), cartes recherche 3:1, jetons d’énergie 2:1.	Recursos 4:1 (los puertos lo dejan en 3:1 o 2:1), cartas de investigación 3:1, fichas de energía 2:1.	Risorse 4:1 (i porti lo portano a 3:1 o 2:1), carte ricerca 3:1, segnalini energia 2:1.	Recursos 4:1 (os portos tornam-no 3:1 ou 2:1), cartas de pesquisa 3:1, marcadores de energia 2:1.	Surowce 4:1 (porty obniżają to do 3:1 lub 2:1), karty badań 3:1, żetony energii 2:1.	Kaynaklar 4:1 (limanlar bunu 3:1 veya 2:1 yapar), araştırma kartları 3:1, enerji jetonları 2:1.	Ресурси 4:1 (гавані роблять це 3:1 або 2:1), карти досліджень 3:1, жетони енергії 2:1.	자원 4:1(항구에서는 3:1 또는 2:1), 연구 카드 3:1, 에너지 토큰 2:1.	資源4:1（港では3:1か2:1）、研究カード3:1、エネルギートークン2:1。	资源4:1（港口可降为3:1或2:1），研究卡3:1，能源标记2:1。
Play 1 card per turn, not the turn you bought it. Environmental protection moves the inspector or removes a damage; three of them win 2 points.	Pro Zug darfst du 1 Karte ausspielen, nicht in dem Zug, in dem du sie gekauft hast. Umweltschutz versetzt den Inspektor oder beseitigt einen Schaden; drei davon bringen 2 Punkte.	Du må spille 1 kort pr. tur, ikke i den tur, hvor du købte det. Miljøbeskyttelse flytter inspektøren eller fjerner en skade; tre af dem giver 2 point.	Du får spela 1 kort per tur, inte i den tur du köpte det. Miljöskydd flyttar inspektören eller tar bort en skada; tre av dem ger 2 poäng.	Du kan spille 1 kort per runde, ikke i runden du kjøpte det. Miljøvern flytter inspektøren eller fjerner en skade; tre av dem gir 2 poeng.	Je mag per beurt 1 kaart spelen, niet in de beurt waarin je hem kocht. Milieubescherming verplaatst de inspecteur of ruimt een schade op; drie ervan leveren 2 punten op.	Tu peux jouer 1 carte par tour, pas celle achetée pendant ce tour. La protection de l’environnement déplace l’inspecteur ou retire un dommage ; trois cartes rapportent 2 points.	Puedes jugar 1 carta por turno, no la que compraste en ese mismo turno. Protección del medio ambiente mueve al inspector o elimina un daño; tres de ellas dan 2 puntos.	Puoi giocare 1 carta per turno, non quella acquistata nello stesso turno. Tutela dell’ambiente sposta l’ispettore o elimina un danno; tre carte valgono 2 punti.	Podes jogar 1 carta por turno, não a que compraste nesse turno. Proteção ambiental move o inspetor ou remove um dano; três delas dão 2 pontos.	W turze możesz zagrać 1 kartę, ale nie tę, którą kupiłeś w tej samej turze. Ochrona środowiska przesuwa inspektora lub usuwa szkodę; trzy takie karty dają 2 punkty.	Tur başına 1 kart oynayabilirsin, ama o turda satın aldığını değil. Çevre koruma müfettişi taşır veya bir hasarı kaldırır; üç tanesi 2 puan kazandırır.	За хід можна зіграти 1 карту, але не ту, яку куплено в цей самий хід. Захист довкілля переміщує інспектора або прибирає шкоду; три такі карти дають 2 очки.	턴마다 카드를 1장 사용할 수 있지만, 그 턴에 산 카드는 쓸 수 없습니다. 환경 보호는 감독관을 옮기거나 피해를 제거하며, 3장을 모으면 2점입니다.	カードは1ターンに1枚使えますが、そのターンに買ったカードは使えません。環境保護は監督官を動かすか、ダメージを取り除きます。3枚で2点です。	每回合可打出1张卡，但不能是本回合购买的。环境保护可移动检查员或清除损害；集齐三张得2分。
Village 1 · Research city 2 · Longest Trade Route (5 roads) 2 · Environmentalist 2	Dorf 1 · Forschungsstadt 2 · Längste Handelsroute (5 Straßen) 2 · Umweltschützer 2	Landsby 1 · forskningsby 2 · længste handelsrute (5 veje) 2 · miljøforkæmper 2	By 1 · forskningsstad 2 · längsta handelsväg (5 vägar) 2 · miljöaktivist 2	Landsby 1 · forskningsby 2 · lengste handelsrute (5 veier) 2 · miljøvernere 2	Dorp 1 · onderzoeksstad 2 · langste handelsroute (5 wegen) 2 · milieubeschermer 2	Village 1 · ville de recherche 2 · plus longue route commerciale (5 routes) 2 · écologiste 2	Pueblo 1 · ciudad de investigación 2 · ruta comercial más larga (5 carreteras) 2 · ecologista 2	Villaggio 1 · città della ricerca 2 · via commerciale più lunga (5 strade) 2 · ambientalista 2	Aldeia 1 · cidade de pesquisa 2 · rota comercial mais longa (5 estradas) 2 · ambientalista 2	Wioska 1 · miasto badawcze 2 · najdłuższy szlak handlowy (5 dróg) 2 · ekolog 2	Köy 1 · araştırma şehri 2 · en uzun ticaret yolu (5 yol) 2 · çevreci 2	Село 1 · дослідницьке місто 2 · найдовший торговий шлях (5 доріг) 2 · еколог 2	마을 1 · 연구 도시 2 · 가장 긴 무역로 (도로 5개) 2 · 환경 운동가 2	村1・研究都市2・最長交易路（道路5本）2・環境保護活動家2	村庄1 · 研究城市2 · 最长贸易路线（5条道路）2 · 环保人士2
Leave Africa, settle the world and collect 10 points. Everyone starts with 3 camps and 1 explorer in Africa, plus 1 fur and 1 bone.	Verlasse Afrika, besiedle die Welt und sammle 10 Siegpunkte. Alle starten in Afrika mit 3 Lagern und 1 Entdecker, dazu 1 Fell und 1 Knochen.	Forlad Afrika, bosæt verden og saml 10 point. Alle starter i Afrika med 3 lejre og 1 opdager, plus 1 pels og 1 knogle.	Lämna Afrika, bosätt världen och samla 10 poäng. Alla startar i Afrika med 3 läger och 1 upptäckare, plus 1 päls och 1 ben.	Forlat Afrika, bosett verden og samle 10 poeng. Alle starter i Afrika med 3 leirer og 1 oppdager, pluss 1 pels og 1 bein.	Verlaat Afrika, bevolk de wereld en verzamel 10 punten. Iedereen begint in Afrika met 3 kampen en 1 ontdekker, plus 1 vacht en 1 bot.	Quitte l’Afrique, peuple le monde et rassemble 10 points. Tout le monde commence en Afrique avec 3 camps et 1 explorateur, plus 1 fourrure et 1 os.	Sal de África, puebla el mundo y reúne 10 puntos. Todos empiezan en África con 3 campamentos y 1 explorador, más 1 piel y 1 hueso.	Lascia l’Africa, popola il mondo e raccogli 10 punti. Tutti iniziano in Africa con 3 accampamenti e 1 esploratore, più 1 pelliccia e 1 osso.	Sai de África, povoa o mundo e junta 10 pontos. Todos começam em África com 3 acampamentos e 1 explorador, mais 1 pele e 1 osso.	Opuść Afrykę, zasiedl świat i zbierz 10 punktów. Wszyscy zaczynają w Afryce z 3 obozami i 1 odkrywcą, do tego 1 futro i 1 kość.	Afrika’dan ayrıl, dünyaya yerleş ve 10 puan topla. Herkes Afrika’da 3 kamp ve 1 kâşifle başlar, ayrıca 1 kürk ve 1 kemik alır.	Залиш Африку, оселися по всьому світу й набери 10 очок. Усі починають в Африці з 3 таборами та 1 дослідником, а ще 1 хутро й 1 кістка.	아프리카를 떠나 세상에 정착하고 10점을 모으세요. 모두 아프리카에서 캠프 3개와 탐험가 1명으로 시작하며, 모피 1개와 뼈 1개를 받습니다.	アフリカを出て世界に広がり、10点を集めよう。全員アフリカでキャンプ3つと探検家1人から始め、毛皮1と骨1を持ちます。	离开非洲，遍布世界，收集10分。每人从非洲出发，拥有3个营地和1名探险者，外加1毛皮和1骨头。
A new explorer costs fur and meat.	Ein neuer Entdecker kostet Fell und Fleisch.	En ny opdager koster pels og kød.	En ny upptäckare kostar päls och kött.	En ny oppdager koster pels og kjøtt.	Een nieuwe ontdekker kost vacht en vlees.	Un nouvel explorateur coûte fourrure et viande.	Un nuevo explorador cuesta piel y carne.	Un nuovo esploratore costa pelliccia e carne.	Um novo explorador custa pele e carne.	Nowy odkrywca kosztuje futro i mięso.	Yeni bir kâşif kürk ve et tutar.	Новий дослідник коштує хутро й м’ясо.	새 탐험가는 모피와 고기가 듭니다.	新しい探検家には毛皮と肉が必要です。	新探险者需要毛皮和肉。
1 fur and 1 meat put an explorer next to one of your camps. You may have 2 on the board, and each walks once per turn.	1 Fell und 1 Fleisch setzen einen Entdecker neben eines deiner Lager. Du kannst 2 auf dem Spielplan haben, und jeder läuft einmal pro Zug.	1 pels og 1 kød sætter en opdager ved siden af en af dine lejre. Du kan have 2 på brættet, og hver går én gang pr. tur.	1 päls och 1 kött placerar en upptäckare bredvid ett av dina läger. Du kan ha 2 på brädet, och var och en går en gång per tur.	1 pels og 1 kjøtt setter en oppdager ved siden av en av leirene dine. Du kan ha 2 på brettet, og hver går én gang per runde.	1 vacht en 1 vlees zetten een ontdekker naast een van je kampen. Je kunt er 2 op het bord hebben, en elk loopt één keer per beurt.	1 fourrure et 1 viande placent un explorateur à côté d’un de tes camps. Tu peux en avoir 2 sur le plateau, et chacun marche une fois par tour.	1 piel y 1 carne colocan un explorador junto a uno de tus campamentos. Puedes tener 2 en el tablero, y cada uno camina una vez por turno.	1 pelliccia e 1 carne mettono un esploratore accanto a uno dei tuoi accampamenti. Puoi averne 2 sul tabellone, e ognuno cammina una volta per turno.	1 pele e 1 carne põem um explorador junto de um dos teus acampamentos. Podes ter 2 no tabuleiro, e cada um anda uma vez por turno.	1 futro i 1 mięso stawiają odkrywcę obok jednego z twoich obozów. Na planszy możesz mieć 2, a każdy idzie raz na turę.	1 kürk ve 1 et, bir kâşifi kamplarından birinin yanına koyar. Tahtada 2 kâşifin olabilir ve her biri turda bir kez yürür.	1 хутро й 1 м’ясо ставлять дослідника поруч з одним із твоїх таборів. На полі може бути 2, і кожен ходить раз за хід.	모피 1과 고기 1로 탐험가를 내 캠프 옆에 놓습니다. 판 위에는 2명까지 둘 수 있고, 각자 턴당 한 번 걷습니다.	毛皮1と肉1で、探検家を自分のキャンプの隣に置けます。盤上には2人まで置け、それぞれ1ターンに1回歩きます。	1毛皮和1肉可把探险者放在你的营地旁。棋盘上最多有2名，每名每回合行走一次。
Hunting luck: the hunting marker of the region (+1 point). Desertification: a number chip of that landscape is removed in Africa. A threat: you move the Neanderthal or the Saber-toothed tiger. From 2 tiles on you are the Most Successful Hunter (+1 point).	Jagdglück: der Jagd-Siegpunkt-Marker der Region (+1 Siegpunkt). Verödung: In Afrika wird ein Zahlenchip dieser Landschaft entfernt. Bedrohung: Du versetzt den Neandertaler oder den Säbelzahntiger. Ab 2 Plättchen bist du Erfolgreichster Jäger (+1 Siegpunkt).	Jagtlykke: regionens jagtmarkør (+1 point). Ørkendannelse: en talbrik af det landskab fjernes i Afrika. En trussel: du flytter neandertaleren eller sabeltigeren. Fra 2 brikker er du Mest succesfulde jæger (+1 point).	Jaktlycka: regionens jaktmarkör (+1 poäng). Utarmning: en sifferbricka av det landskapet tas bort i Afrika. Ett hot: du flyttar neandertalaren eller sabeltandstigern. Från 2 brickor är du Mest framgångsrika jägare (+1 poäng).	Jaktlykke: regionens jaktmarkør (+1 poeng). Ørkenspredning: en tallbrikke av det landskapet fjernes i Afrika. En trussel: du flytter neandertaleren eller sabeltigeren. Fra 2 brikker er du Mest vellykkede jeger (+1 poeng).	Jachtgeluk: de jachtmarker van de regio (+1 punt). Verwoestijning: in Afrika wordt een getallenchip van dat landschap verwijderd. Een bedreiging: je verplaatst de neanderthaler of de sabeltandtijger. Vanaf 2 tegels ben je de Succesvolste jager (+1 punt).	Chance de chasse : le marqueur de chasse de la région (+1 point). Désertification : un jeton numéro de ce paysage est retiré en Afrique. Une menace : tu déplaces le Néandertalien ou le tigre à dents de sabre. À partir de 2 tuiles, tu es le Chasseur le plus efficace (+1 point).	Suerte de caza: el marcador de caza de la región (+1 punto). Desertificación: se retira en África una ficha numérica de ese paisaje. Una amenaza: mueves al neandertal o al tigre dientes de sable. Desde 2 fichas eres el Cazador más exitoso (+1 punto).	Fortuna di caccia: il segnalino caccia della regione (+1 punto). Desertificazione: in Africa viene tolto un segnalino numero di quel paesaggio. Una minaccia: sposti il Neanderthal o la tigre dai denti a sciabola. Da 2 tessere sei il Cacciatore di maggior successo (+1 punto).	Sorte na caça: o marcador de caça da região (+1 ponto). Desertificação: retira-se em África uma ficha numérica dessa paisagem. Uma ameaça: moves o Neandertal ou o tigre-dentes-de-sabre. A partir de 2 peças és o Caçador de maior sucesso (+1 ponto).	Szczęście łowieckie: znacznik polowania regionu (+1 punkt). Pustynnienie: w Afryce usuwa się żeton liczby tego krajobrazu. Zagrożenie: przesuwasz neandertalczyka lub tygrysa szablozębnego. Od 2 płytek jesteś Najskuteczniejszym myśliwym (+1 punkt).	Av şansı: bölgenin av işareti (+1 puan). Çölleşme: Afrika’da o manzaranın bir sayı çipi kaldırılır. Tehdit: Neandertal’i veya kılıç dişli kaplanı taşırsın. 2 karodan itibaren En başarılı avcı olursun (+1 puan).	Мисливська удача: маркер полювання регіону (+1 очко). Спустошення: в Африці прибирають числовий жетон цього ландшафту. Загроза: ти переміщуєш неандертальця або шаблезубого тигра. Від 2 плиток ти Найуспішніший мисливець (+1 очко).	사냥 운: 그 지역의 사냥 마커(+1점). 황폐화: 아프리카에서 그 지형의 숫자 칩 하나가 제거됩니다. 위협: 네안데르탈인이나 검치호를 옮깁니다. 타일이 2장이 되면 가장 성공적인 사냥꾼이 됩니다(+1점).	狩りの幸運：その地域の狩りマーカー（+1点）。荒廃：アフリカでその地形の数字チップが1つ取り除かれます。脅威：ネアンデルタール人かサーベルタイガーを動かします。タイルが2枚になると、最も成功した狩人になります（+1点）。	狩猎好运：该地区的狩猎标记（+1分）。荒漠化：移除非洲一个该地形的数字筹码。威胁：你移动尼安德特人或剑齿虎。拥有2块板块起，你就是最成功的猎人（+1分）。
With the supply: 3 equal cards for 1 card of your choice. Players trade only with the player whose turn it is, and may answer an offer with a counter-offer.	Mit dem Vorrat: 3 gleiche Karten gegen 1 beliebige. Mitspieler tauschen nur mit dem Spieler, der an der Reihe ist, und dürfen auf ein Angebot mit einem Gegenangebot antworten.	Med forrådet: 3 ens kort for 1 valgfrit kort. Spillere handler kun med den, hvis tur det er, og kan svare på et tilbud med et modbud.	Med förrådet: 3 lika kort mot 1 valfritt kort. Spelare byter bara med spelaren vars tur det är och kan svara på ett erbjudande med ett motbud.	Med forrådet: 3 like kort mot 1 valgfritt kort. Spillere bytter bare med spilleren som har tur, og kan svare på et tilbud med et motbud.	Met de voorraad: 3 gelijke kaarten voor 1 kaart naar keuze. Spelers ruilen alleen met de speler die aan de beurt is en mogen op een aanbod met een tegenbod antwoorden.	Avec la réserve : 3 cartes identiques contre 1 carte au choix. Les joueurs n’échangent qu’avec le joueur dont c’est le tour et peuvent répondre à une offre par une contre-proposition.	Con la reserva: 3 cartas iguales por 1 a tu elección. Los jugadores solo comercian con quien tiene el turno y pueden responder a una oferta con una contraoferta.	Con la riserva: 3 carte uguali per 1 a scelta. I giocatori scambiano solo con il giocatore di turno e possono rispondere a un’offerta con una controfferta.	Com a reserva: 3 cartas iguais por 1 à escolha. Os jogadores só trocam com quem tem o turno e podem responder a uma oferta com uma contraproposta.	Z zapasem: 3 takie same karty za 1 dowolną. Gracze handlują tylko z graczem, który ma turę, i mogą odpowiedzieć na ofertę kontrofertą.	Stokla: 3 aynı kart karşılığında istediğin 1 kart. Oyuncular yalnızca sırası gelen oyuncuyla takas yapar ve bir teklife karşı teklifle yanıt verebilir.	Із запасом: 3 однакові карти за 1 будь-яку. Гравці торгують лише з тим, чий зараз хід, і можуть відповісти на пропозицію контрпропозицією.	비축분과는 같은 카드 3장을 원하는 카드 1장으로 바꿉니다. 다른 플레이어는 차례인 플레이어와만 교환하며, 제안에 역제안으로 답할 수 있습니다.	備蓄とは、同じカード3枚を好きな1枚と交換。他のプレイヤーは手番のプレイヤーとだけ交換でき、申し出に逆提案で答えられます。	与储备：3张相同的牌换1张任意牌。其他玩家只能与当前回合的玩家交易，并可用还价回应报价。
Welcome to Rise of the Inkas!	Willkommen zum Aufstieg der Inka!	Velkommen til Inkaernes fremgang!	Välkommen till Inkarikets uppgång!	Velkommen til Inkaenes oppgang!	Welkom bij De opkomst van de Inca’s!	Bienvenue dans L’essor des Incas !	¡Bienvenido a El ascenso de los incas!	Benvenuto in L’ascesa degli Inca!	Bem-vindo a A ascensão dos Incas!	Witaj w Powstaniu Inków!	İnkaların Yükselişi’ne hoş geldin!	Ласкаво просимо до «Піднесення інків»!	잉카의 부상에 오신 것을 환영합니다!	インカの興隆へようこそ！	欢迎来到印加的崛起！
Welcome to Dawn of Humankind!	Willkommen beim Aufbruch der Menschheit!	Velkommen til Menneskehedens daggry!	Välkommen till Mänsklighetens gryning!	Velkommen til Menneskehetens daggry!	Welkom bij Dageraad van de mensheid!	Bienvenue dans L’aube de l’humanité !	¡Bienvenido a El amanecer de la humanidad!	Benvenuto in L’alba dell’umanità!	Bem-vindo a O amanhecer da humanidade!	Witaj w Świcie ludzkości!	İnsanlığın Şafağı’na hoş geldin!	Ласкаво просимо до «Світанку людства»!	인류의 새벽에 오신 것을 환영합니다!	人類の夜明けへようこそ！	欢迎来到人类的黎明！
Four progress tracks.	Vier Fortschrittsleisten.	Fire fremskridtsbaner.	Fyra framstegsspår.	Fire framgangsspor.	Vier voortgangssporen.	Quatre pistes de progrès.	Cuatro pistas de progreso.	Quattro tracciati di progresso.	Quatro trilhos de progresso.	Cztery tory postępu.	Dört ilerleme yolu.	Чотири треки прогресу.	발전 트랙 4개.	4つの進歩トラック。	四条进步轨道。
Pick a track to advance one step.	Wähle eine Leiste, auf der du eine Stufe vorrückst.	Vælg en bane at rykke ét trin frem på.	Välj ett spår att gå ett steg fram på.	Velg et spor å gå ett steg frem på.	Kies een spoor om één stap vooruit te gaan.	Choisis une piste pour avancer d’un cran.	Elige una pista para avanzar un paso.	Scegli un tracciato su cui avanzare di un passo.	Escolhe um trilho para avançar um passo.	Wybierz tor, na którym awansujesz o jeden krok.	Bir adım ilerlemek için bir yol seç.	Обери трек, щоб просунутися на один крок.	한 단계 나아갈 트랙을 고르세요.	1段階進めるトラックを選んでください。	选择一条轨道前进一步。
Thickets	Dickichte	Krat	Snår	Kratt	Struikgewassen	Fourrés	Malezas	Boscaglie	Matagais	Gąszcze	Çalılıklar	Хащі	덤불	茂み	灌木丛
Village	Dorf	Landsby	By	Landsby	Dorp	Village	Pueblo	Villaggio	Aldeia	Wioska	Köy	Село	마을	村	村庄
Villages	Dörfer	Landsbyer	Byar	Landsbyer	Dorpen	Villages	Pueblos	Villaggi	Aldeias	Wioski	Köyler	Села	마을	村	村庄
Camp	Lager	Lejr	Läger	Leir	Kamp	Camp	Campamento	Accampamento	Acampamento	Obóz	Kamp	Табір	캠프	キャンプ	营地
Choose tile	Feld wählen	Vælg felt	Välj ruta	Velg felt	Kies veld	Choisir la tuile	Elegir casilla	Scegli la tessera	Escolher hexágono	Wybierz pole	Karo seç	Обрати плитку	타일 선택	タイルを選ぶ	选择地块
{n} tokens	{n} Marker	{n} markører	{n} markörer	{n} markører	{n} markers	{n} jetons	{n} fichas	{n} segnalini	{n} marcadores	{n} żetonów	{n} jeton	{n} жетонів	토큰 {n}개	トークン{n}個	{n}个标记
