Rise of the Inkas is for 2–4 players	Aufstieg der Inka ist für 2–4 Spieler	Inkaernes fremgang er for 2–4 spillere	Inkarikets uppgång är för 2–4 spelare	Inkaenes oppgang er for 2–4 spillere	De opkomst van de Inca's is voor 2–4 spelers	L’essor des Incas se joue à 2–4 joueurs	El auge de los incas es para 2–4 jugadores	L’ascesa degli Inca è per 2–4 giocatori	Ascensão dos Incas é para 2–4 jogadores	Wzlot Inków jest dla 2–4 graczy	İnkaların Yükselişi 2–4 oyuncu içindir	Піднесення інків — для 2–4 гравців	잉카의 부상은 2–4명용입니다	インカの台頭は2〜4人用です	印加崛起适合2–4名玩家
Nothing to place.	Nichts zu platzieren.	Intet at placere.	Inget att placera.	Ingenting å plassere.	Niets om te plaatsen.	Rien à placer.	Nada que colocar.	Niente da piazzare.	Nada para colocar.	Nie ma czego postawić.	Yerleştirecek bir şey yok.	Нічого розміщувати.	놓을 것이 없습니다.	置くものがありません。	没有可放置的内容。
Pick a tile for the thicket.	Wähle ein Feld für das Dickicht.	Vælg et felt til krattet.	Välj en ruta för snåret.	Velg et felt til krattet.	Kies een tegel voor het struikgewas.	Choisis une tuile pour le fourré.	Elige una casilla para la maleza.	Scegli una tessera per la boscaglia.	Escolha um hexágono para o matagal.	Wybierz pole na gąszcz.	Çalılık için bir karo seç.	Обери плитку для хащі.	덤불을 놓을 타일을 고르세요.	茂みを置くタイルを選んでください。	选择一个地块放置灌木丛。
There is no thicket there.	Dort ist kein Dickicht.	Der er intet krat dér.	Där finns inget snår.	Det er ikke noe kratt der.	Daar staat geen struikgewas.	Il n’y a pas de fourré ici.	Ahí no hay maleza.	Lì non c’è nessuna boscaglia.	Não há matagal ali.	Nie ma tam gąszczu.	Orada çalılık yok.	Там немає хащі.	그곳에는 덤불이 없습니다.	そこに茂みはありません。	那里没有灌木丛。
You need a camp or village next to the thicket.	Du brauchst ein Lager oder Dorf neben dem Dickicht.	Du skal have en lejr eller landsby ved siden af krattet.	Du behöver ett läger eller en by bredvid snåret.	Du trenger en leir eller en landsby ved siden av krattet.	Je hebt een kamp of dorp naast het struikgewas nodig.	Il te faut un campement ou un village à côté du fourré.	Necesitas un campamento o una aldea junto a la maleza.	Ti serve un accampamento o un villaggio accanto alla boscaglia.	Você precisa de um acampamento ou uma aldeia ao lado do matagal.	Potrzebujesz obozu lub wioski obok gąszczu.	Çalılığın yanında bir kampa veya köye ihtiyacın var.	Потрібен табір або село поруч із хащею.	덤불 옆에 야영지나 마을이 필요합니다.	茂みの隣にキャンプか村が必要です。	灌木丛旁边需要有营地或村庄。
Only one tribute per turn.	Nur ein Tribut pro Zug.	Kun ét tribut pr. tur.	Bara en tribut per tur.	Bare ett tributt per tur.	Slechts één tribuut per beurt.	Un seul tribut par tour.	Solo un tributo por turno.	Un solo tributo per turno.	Só um tributo por turno.	Tylko jedna danina na turę.	Turda yalnızca bir haraç.	Лише одна данина за хід.	한 턴에 공물은 한 번만 바칠 수 있습니다.	貢ぎ物は1ターンに1回だけです。	每回合只能进贡一次。
You need a camp or village.	Du brauchst ein Lager oder Dorf.	Du skal have en lejr eller landsby.	Du behöver ett läger eller en by.	Du trenger en leir eller en landsby.	Je hebt een kamp of dorp nodig.	Il te faut un campement ou un village.	Necesitas un campamento o una aldea.	Ti serve un accampamento o un villaggio.	Você precisa de um acampamento ou uma aldeia.	Potrzebujesz obozu lub wioski.	Bir kampa veya köye ihtiyacın var.	Потрібен табір або село.	야영지나 마을이 필요합니다.	キャンプか村が必要です。	你需要一个营地或村庄。
You lack the goods for the tribute.	Dir fehlen die Waren für den Tribut.	Du mangler varer til tributten.	Du saknar varor för tributen.	Du mangler varer til tributtet.	Je mist de goederen voor het tribuut.	Il te manque des biens pour le tribut.	Te faltan bienes para el tributo.	Ti mancano i beni per il tributo.	Faltam bens para o tributo.	Brakuje ci towarów na daninę.	Haraç için mallarının yetmiyor.	Тобі бракує товарів для данини.	공물에 필요한 재화가 부족합니다.	貢ぎ物に必要な品物が足りません。	你的货物不够进贡。
A 7: the jungle creeps in.	Eine 7: Der Dschungel wächst heran.	En 7'er: Junglen breder sig.	En 7:a: Djungeln kryper närmare.	En 7-er: Jungelen brer seg.	Een 7: de jungle rukt op.	Un 7 : la jungle avance.	Un 7: la selva avanza.	Un 7: la giungla avanza.	Um 7: a selva avança.	Siódemka: dżungla się rozrasta.	Bir 7: cangıl ilerliyor.	Сімка: джунглі наступають.	7이 나왔습니다: 정글이 퍼집니다.	7：ジャングルが広がります。	掷出7：丛林蔓延。
The oldest thicket withers away.	Das älteste Dickicht verdorrt.	Det ældste krat visner.	Det äldsta snåret vissnar bort.	Det eldste krattet visner bort.	Het oudste struikgewas verdort.	Le plus vieux fourré dépérit.	La maleza más antigua se marchita.	La boscaglia più vecchia appassisce.	O matagal mais antigo murcha.	Najstarszy gąszcz usycha.	En eski çalılık kuruyor.	Найстаріша хаща в’яне.	가장 오래된 덤불이 시들어 사라집니다.	いちばん古い茂みが枯れました。	最古老的灌木丛枯萎了。
The era ends: villages shrink to camps and the jungle claims the land. A new tribe rises.	Die Ära endet: Dörfer schrumpfen zu Lagern und der Dschungel erobert das Land. Ein neuer Stamm erhebt sich.	Æraen slutter: Landsbyer skrumper til lejre, og junglen tager landet. En ny stamme rejser sig.	Eran tar slut: byar krymper till läger och djungeln tar landet. En ny stam reser sig.	Æraen tar slutt: landsbyer krymper til leirer, og jungelen tar landet. En ny stamme reiser seg.	Het tijdperk eindigt: dorpen krimpen tot kampen en de jungle neemt het land in. Een nieuwe stam komt op.	L’ère se termine : les villages se réduisent à des campements et la jungle envahit les terres. Une nouvelle tribu se lève.	La era termina: las aldeas se reducen a campamentos y la selva reclama la tierra. Surge una nueva tribu.	L’era finisce: i villaggi si riducono ad accampamenti e la giungla si riprende la terra. Sorge una nuova tribù.	A era termina: as aldeias encolhem para acampamentos e a selva toma a terra. Uma nova tribo surge.	Epoka się kończy: wioski kurczą się do obozów, a dżungla zawłaszcza ziemię. Powstaje nowe plemię.	Çağ sona eriyor: köyler kamplara küçülüyor ve cangıl toprakları kaplıyor. Yeni bir kabile yükseliyor.	Епоха закінчується: села зменшуються до таборів, а джунглі поглинають землю. Постає нове плем’я.	시대가 끝납니다: 마을은 야영지로 줄어들고 정글이 땅을 뒤덮습니다. 새로운 부족이 일어납니다.	時代が終わります：村はキャンプに縮み、ジャングルが土地をのみ込みます。新たな部族が興ります。	时代结束：村庄缩回营地，丛林吞没土地。新的部落崛起。
{@p} lets a thicket grow.	{@p} lässt ein Dickicht wachsen.	{@p} lader et krat vokse.	{@p} låter ett snår växa.	{@p} lar et kratt vokse.	{@p} laat een struikgewas groeien.	{@p} laisse pousser un fourré.	{@p} deja crecer una maleza.	{@p} fa crescere una boscaglia.	{@p} deixa um matagal crescer.	{@p} pozwala wyrosnąć gąszczowi.	{@p} bir çalılığın büyümesine izin veriyor.	{@p} дає хащі вирости.	{@p}이(가) 덤불을 자라게 합니다.	{@p}は茂みを育てました。	{@p}让一丛灌木生长了。
{@p} clears a thicket.	{@p} räumt ein Dickicht.	{@p} rydder et krat.	{@p} röjer ett snår.	{@p} rydder et kratt.	{@p} ruimt een struikgewas op.	{@p} dégage un fourré.	{@p} despeja una maleza.	{@p} sgombra una boscaglia.	{@p} limpa um matagal.	{@p} usuwa gąszcz.	{@p} bir çalılığı temizliyor.	{@p} розчищає хащу.	{@p}이(가) 덤불을 치웁니다.	{@p}は茂みを刈り払いました。	{@p}清除了一丛灌木。
{@p} brings a tribute and claims a culture token.	{@p} bringt einen Tribut und sichert sich eine Kulturmarke.	{@p} bringer et tribut og vinder en kulturbrik.	{@p} lämnar en tribut och tar en kulturbricka.	{@p} bringer et tributt og vinner en kulturbrikke.	{@p} brengt een tribuut en wint een cultuurfiche.	{@p} apporte un tribut et remporte un jeton de culture.	{@p} presenta un tributo y se lleva una ficha de cultura.	{@p} porta un tributo e si prende un gettone cultura.	{@p} traz um tributo e conquista uma ficha de cultura.	{@p} składa daninę i zdobywa żeton kultury.	{@p} haraç getiriyor ve bir kültür jetonu kazanıyor.	{@p} приносить данину й здобуває жетон культури.	{@p}이(가) 공물을 바치고 문화 토큰을 얻습니다.	{@p}は貢ぎ物を捧げ、文化トークンを獲得しました。	{@p}进献了贡品，获得一枚文化标记。
Thicket	Dickicht	Krat	Snår	Kratt	Struikgewas	Fourré	Maleza	Boscaglia	Matagal	Gąszcz	Çalılık	Хаща	덤불	茂み	灌木丛
You already brought a tribute this turn.	Du hast in diesem Zug schon einen Tribut gebracht.	Du har allerede bragt et tribut i denne tur.	Du har redan lämnat en tribut den här turen.	Du har allerede brakt et tributt denne turen.	Je hebt deze beurt al een tribuut gebracht.	Tu as déjà apporté un tribut ce tour.	Ya has presentado un tributo este turno.	Hai già portato un tributo in questo turno.	Você já trouxe um tributo neste turno.	W tej turze danina już została złożona.	Bu turda zaten bir haraç getirdin.	Данину цього ходу вже принесено.	이번 턴에는 이미 공물을 바쳤습니다.	このターンはすでに貢ぎ物を捧げました。	本回合你已经进贡过了。
You can bring it, using {n} gold as a stand-in.	Du kannst ihn bringen, mit {n} Gold als Ersatz.	Du kan bringe det med {n} guld som erstatning.	Du kan lämna den med {n} guld som ersättning.	Du kan bringe det med {n} gull som erstatning.	Je kunt het brengen met {n} goud als vervanging.	Tu peux l’apporter, avec {n} or en remplacement.	Puedes presentarlo usando {n} oro como sustituto.	Puoi portarlo, usando {n} oro come sostituto.	Você pode trazê-lo, usando {n} ouro como substituto.	Możesz ją złożyć, zastępując braki złotem ({n}).	Getirebilirsin, eksikleri {n} altın tamamlar.	Можеш принести її, замінивши нестачу золотом: {n}.	금 {n}개로 대신해서 바칠 수 있습니다.	金{n}個で代用して捧げられます。	可以进贡，用{n}块黄金代替。
You can bring this tribute now.	Du kannst diesen Tribut jetzt bringen.	Du kan bringe dette tribut nu.	Du kan lämna den här tributen nu.	Du kan bringe dette tributtet nå.	Je kunt dit tribuut nu brengen.	Tu peux apporter ce tribut maintenant.	Ya puedes presentar este tributo.	Puoi portare questo tributo ora.	Você pode trazer este tributo agora.	Możesz teraz złożyć tę daninę.	Bu haracı şimdi getirebilirsin.	Тепер можна принести цю данину.	지금 이 공물을 바칠 수 있습니다.	今、この貢ぎ物を捧げられます。	现在可以进献这份贡品了。
Era	Ära	Æra	Era	Æra	Tijdperk	Ère	Era	Era	Era	Epoka	Çağ	Епоха	시대	時代	时代
Culture tokens of this era	Kulturmarken dieser Ära	Kulturbrikker i denne æra	Kulturbrickor i den här eran	Kulturbrikker i denne æraen	Cultuurfiches van dit tijdperk	Jetons de culture de cette ère	Fichas de cultura de esta era	Gettoni cultura di questa era	Fichas de cultura desta era	Żetony kultury tej epoki	Bu çağın kültür jetonları	Жетони культури цієї епохи	이 시대의 문화 토큰	この時代の文化トークン	本时代的文化标记
Tribute	Tribut	Tribut	Tribut	Tributt	Tribuut	Tribut	Tributo	Tributo	Tributo	Danina	Haraç	Данина	공물	貢ぎ物	贡品
Gold stands in for any good.	Gold ersetzt jede Ware.	Guld erstatter enhver vare.	Guld ersätter vilken vara som helst.	Gull erstatter alle varer.	Goud vervangt elk goed.	L’or remplace n’importe quel bien.	El oro sustituye a cualquier bien.	L’oro sostituisce qualsiasi bene.	O ouro substitui qualquer bem.	Złoto zastępuje dowolny towar.	Altın her malın yerine geçer.	Золото замінює будь-який товар.	금은 어떤 재화든 대신할 수 있습니다.	金はどんな品物の代わりにもなります。	黄金可代替任何货物。
{n} thickets block their tiles. Clear one for 1 feathers and 1 coca.	{n} Dickichte blockieren ihre Felder. Räume eines für 1 Feder und 1 Koka.	{n} krat blokerer deres felter. Ryd ét for 1 fjer og 1 koka.	{n} snår blockerar sina rutor. Röj ett för 1 fjäder och 1 koka.	{n} kratt blokkerer feltene sine. Rydd ett for 1 fjær og 1 koka.	{n} struikgewassen blokkeren hun tegels. Ruim er één op voor 1 veer en 1 coca.	{n} fourrés bloquent leurs tuiles. Dégage-en un pour 1 plume et 1 coca.	{n} malezas bloquean sus casillas. Despeja una por 1 pluma y 1 coca.	{n} boscaglie bloccano le loro tessere. Sgombrane una con 1 piuma e 1 coca.	{n} matagais bloqueiam seus hexágonos. Limpe um com 1 pena e 1 coca.	Gąszcze blokują pola: {n}. Usuń jeden za 1 pióro i 1 kokę.	{n} çalılık karolarını engelliyor. Birini 1 tüy ve 1 koka ile temizle.	Хащі блокують плитки: {n}. Розчисти одну за 1 перо й 1 коку.	덤불 {n}개가 타일을 막고 있습니다. 깃털 1개와 코카 1개로 하나를 치울 수 있습니다.	{n}個の茂みがタイルをふさいでいます。羽根1とコカ1で1つ刈り払えます。	{n}丛灌木挡住了所在地块。用1根羽毛和1份古柯可清除一丛。
Bring tribute	Tribut bringen	Bring tribut	Lämna tribut	Bring tributt	Tribuut brengen	Apporter un tribut	Presentar tributo	Porta il tributo	Trazer tributo	Złóż daninę	Haraç getir	Принести данину	공물 바치기	貢ぎ物を捧げる	进献贡品
{name} brings a tribute	{name} bringt einen Tribut	{name} bringer et tribut	{name} lämnar en tribut	{name} bringer et tributt	{name} brengt een tribuut	{name} apporte un tribut	{name} presenta un tributo	{name} porta un tributo	{name} traz um tributo	{name} składa daninę	{name} haraç getiriyor	{name} приносить данину	{name}이(가) 공물을 바칩니다	{name}が貢ぎ物を捧げます	{name}进献了贡品
Culture token	Kulturmarke	Kulturbrik	Kulturbricka	Kulturbrikke	Cultuurfiche	Jeton de culture	Ficha de cultura	Gettone cultura	Ficha de cultura	Żeton kultury	Kültür jetonu	Жетон культури	문화 토큰	文化トークン	文化标记
Era {n}	Ära {n}	Æra {n}	Era {n}	Æra {n}	Tijdperk {n}	Ère {n}	Era {n}	Era {n}	Era {n}	Epoka {n}	Çağ {n}	Епоха {n}	시대 {n}	時代{n}	第{n}时代
The era of the {name} ends	Die {name}-Ära endet	{name}-æraen slutter	{name}-eran tar slut	{name}-æraen tar slutt	Het tijdperk van de {name} eindigt	L’ère {name} se termine	La era {name} termina	L’era {name} finisce	A era {name} termina	Epoka {name} dobiega końca	{name} çağı sona eriyor	Епоха {name} закінчується	{name} 시대가 끝납니다	{name}の時代が終わります	{name}时代结束
Every village shrinks to a camp.	Jedes Dorf schrumpft zu einem Lager.	Hver landsby skrumper til en lejr.	Varje by krymper till ett läger.	Hver landsby krymper til en leir.	Elk dorp krimpt tot een kamp.	Chaque village se réduit à un campement.	Cada aldea se reduce a un campamento.	Ogni villaggio si riduce a un accampamento.	Toda aldeia encolhe para um acampamento.	Każda wioska kurczy się do obozu.	Her köy bir kampa küçülür.	Кожне село зменшується до табору.	모든 마을이 야영지로 줄어듭니다.	すべての村がキャンプに縮みます。	每座村庄缩回营地。
Thickets	Dickichte	Krat	Snår	Kratt	Struikgewassen	Fourrés	Malezas	Boscaglie	Matagais	Gąszcze	Çalılıklar	Хащі	덤불	茂み	灌木丛
The jungle claims the land.	Der Dschungel erobert das Land.	Junglen tager landet.	Djungeln tar landet.	Jungelen tar landet.	De jungle neemt het land in.	La jungle envahit les terres.	La selva reclama la tierra.	La giungla si riprende la terra.	A selva toma a terra.	Dżungla zawłaszcza ziemię.	Cangıl toprakları kaplıyor.	Джунглі поглинають землю.	정글이 땅을 뒤덮습니다.	ジャングルが土地をのみ込みます。	丛林吞没土地。
Culture tokens left in this era	Kulturmarken übrig in dieser Ära	Kulturbrikker tilbage i denne æra	Kulturbrickor kvar i den här eran	Kulturbrikker igjen i denne æraen	Cultuurfiches over in dit tijdperk	Jetons de culture restants dans cette ère	Fichas de cultura que quedan en esta era	Gettoni cultura rimasti in questa era	Fichas de cultura restantes nesta era	Żetony kultury pozostałe w tej epoce	Bu çağda kalan kültür jetonları	Жетонів культури лишилося в цій епосі	이 시대에 남은 문화 토큰	この時代の残りの文化トークン	本时代剩余的文化标记
Thickets on the board	Dickichte auf dem Brett	Krat på brættet	Snår på brädet	Kratt på brettet	Struikgewassen op het bord	Fourrés sur le plateau	Malezas en el tablero	Boscaglie sul tabellone	Matagais no tabuleiro	Gąszcze na planszy	Tahtadaki çalılıklar	Хащі на полі	판 위의 덤불	盤上の茂み	棋盘上的灌木丛
Culture tokens	Kulturmarken	Kulturbrikker	Kulturbrickor	Kulturbrikker	Cultuurfiches	Jetons de culture	Fichas de cultura	Gettoni cultura	Fichas de cultura	Żetony kultury	Kültür jetonları	Жетони культури	문화 토큰	文化トークン	文化标记
A 7 lets the jungle grow.	Bei einer 7 wächst der Dschungel.	En 7'er lader junglen vokse.	En 7:a låter djungeln växa.	En 7-er lar jungelen vokse.	Bij een 7 groeit de jungle.	Un 7 fait pousser la jungle.	Con un 7 crece la selva.	Un 7 fa crescere la giungla.	Um 7 faz a selva crescer.	Siódemka pozwala dżungli rosnąć.	Bir 7, cangılın büyümesini sağlar.	Сімка дає джунглям рости.	7이 나오면 정글이 자랍니다.	7が出るとジャングルが育ちます。	掷出7，丛林就会生长。
Build, trade or bring your tribute.	Baue, handle oder bring deinen Tribut.	Byg, handl eller bring dit tribut.	Bygg, handla eller lämna din tribut.	Bygg, handle eller bring tributtet ditt.	Bouw, ruil of breng je tribuut.	Construis, échange ou apporte ton tribut.	Construye, comercia o presenta tu tributo.	Costruisci, scambia o porta il tuo tributo.	Construa, negocie ou traga seu tributo.	Buduj, handluj lub złóż daninę.	İnşa et, takas yap ya da haracını getir.	Будуй, торгуй або принеси данину.	건설하거나, 거래하거나, 공물을 바치세요.	建設・交易をするか、貢ぎ物を捧げましょう。	建造、交易，或进献贡品。
A whole set of goods wins a culture token.	Ein ganzes Set an Waren bringt eine Kulturmarke.	Et helt sæt varer vinder en kulturbrik.	En hel uppsättning varor ger en kulturbricka.	Et helt sett varer vinner en kulturbrikke.	Een complete set goederen levert een cultuurfiche op.	Un ensemble complet de biens remporte un jeton de culture.	Un conjunto completo de bienes gana una ficha de cultura.	Un set completo di beni vale un gettone cultura.	Um conjunto completo de bens conquista uma ficha de cultura.	Cały komplet towarów daje żeton kultury.	Tam bir mal seti bir kültür jetonu kazandırır.	Повний набір товарів здобуває жетон культури.	재화 한 세트로 문화 토큰 하나를 얻습니다.	品物をひとそろい捧げると、文化トークンを1つ獲得できます。	一整套货物可赢得一枚文化标记。
The jungle is near: you hold more than your hand limit.	Der Dschungel naht: Du hast mehr Karten als erlaubt.	Junglen er nær: Du har flere kort end tilladt.	Djungeln är nära: du har fler kort än handgränsen.	Jungelen er nær: du har flere kort enn tillatt.	De jungle is nabij: je hebt meer kaarten dan toegestaan.	La jungle approche : tu as plus de cartes que la limite.	La selva se acerca: tienes más cartas que el límite.	La giungla è vicina: hai più carte del limite.	A selva está perto: você tem mais cartas que o limite.	Dżungla się zbliża: masz więcej kart niż limit.	Cangıl yakın: elinde sınırdan fazla kart var.	Джунглі близько: у тебе більше карт, ніж дозволено.	정글이 다가옵니다: 손패 한도보다 카드가 많습니다.	ジャングルが迫っています：手札が上限を超えています。	丛林逼近：你的手牌超过了上限。
Let the jungle grow.	Lass den Dschungel wachsen.	Lad junglen vokse.	Låt djungeln växa.	La jungelen vokse.	Laat de jungle groeien.	Laisse la jungle pousser.	Deja crecer la selva.	Lascia crescere la giungla.	Deixe a selva crescer.	Pozwól dżungli rosnąć.	Cangılın büyümesine izin ver.	Дай джунглям рости.	정글을 자라게 하세요.	ジャングルを育てましょう。	让丛林生长。
Tap a tile for a thicket. You take a card from a player next to it.	Tippe auf ein Feld für ein Dickicht. Du ziehst eine Karte von einem Spieler daneben.	Tryk på et felt til et krat. Du tager et kort fra en spiller ved siden af.	Tryck på en ruta för ett snår. Du tar ett kort från en spelare bredvid.	Trykk på et felt for et kratt. Du tar et kort fra en spiller ved siden av.	Tik op een tegel voor een struikgewas. Je pakt een kaart van een speler ernaast.	Touche une tuile pour un fourré. Tu prends une carte à un joueur voisin.	Toca una casilla para la maleza. Robas una carta a un jugador de al lado.	Tocca una tessera per una boscaglia. Prendi una carta da un giocatore accanto.	Toque num hexágono para o matagal. Você pega uma carta de um jogador ao lado.	Dotknij pola, by postawić gąszcz. Bierzesz kartę od gracza obok.	Çalılık için bir karoya dokun. Yanındaki bir oyuncudan kart çekersin.	Торкнись плитки для хащі. Ти береш карту в сусіднього гравця.	덤불을 놓을 타일을 누르세요. 그 옆에 있는 플레이어에게서 카드 한 장을 가져옵니다.	茂みを置くタイルをタップしてください。隣のプレイヤーからカードを1枚もらいます。	点击一个地块放置灌木丛。你从相邻的玩家那里拿一张牌。
Tap a tile for the thicket.	Tippe auf ein Feld für das Dickicht.	Tryk på et felt til krattet.	Tryck på en ruta för snåret.	Trykk på et felt for krattet.	Tik op een tegel voor het struikgewas.	Touche une tuile pour le fourré.	Toca una casilla para la maleza.	Tocca una tessera per la boscaglia.	Toque num hexágono para o matagal.	Dotknij pola na gąszcz.	Çalılık için bir karoya dokun.	Торкнись плитки для хащі.	덤불을 놓을 타일을 누르세요.	茂みを置くタイルをタップしてください。	点击一个地块放置灌木丛。
A set of goods, a culture token	Ein Set Waren, eine Kulturmarke	Ét sæt varer, én kulturbrik	En uppsättning varor, en kulturbricka	Ett sett varer, én kulturbrikke	Een set goederen, een cultuurfiche	Un ensemble de biens, un jeton de culture	Un conjunto de bienes, una ficha de cultura	Un set di beni, un gettone cultura	Um conjunto de bens, uma ficha de cultura	Komplet towarów, jeden żeton kultury	Bir mal seti, bir kültür jetonu	Набір товарів — один жетон культури	재화 한 세트, 문화 토큰 하나	品物ひとそろいで、文化トークン1つ	一套货物，一枚文化标记
Clear for 1 feathers + 1 coca	Räumen für 1 Feder + 1 Koka	Ryd for 1 fjer + 1 koka	Röj för 1 fjäder + 1 koka	Rydd for 1 fjær + 1 koka	Opruimen voor 1 veer + 1 coca	Dégager pour 1 plume + 1 coca	Despejar por 1 pluma + 1 coca	Sgombra con 1 piuma + 1 coca	Limpar com 1 pena + 1 coca	Usuń za 1 pióro + 1 kokę	1 tüy + 1 koka ile temizle	Розчистити за 1 перо + 1 коку	깃털 1 + 코카 1로 치우기	羽根1＋コカ1で刈り払う	用1根羽毛+1份古柯清除
Tap the thicket to clear.	Tippe auf das Dickicht, um es zu räumen.	Tryk på krattet for at rydde det.	Tryck på snåret för att röja det.	Trykk på krattet for å rydde det.	Tik op het struikgewas om het op te ruimen.	Touche le fourré pour le dégager.	Toca la maleza para despejarla.	Tocca la boscaglia per sgombrarla.	Toque no matagal para limpá-lo.	Dotknij gąszczu, by go usunąć.	Temizlemek için çalılığa dokun.	Торкнись хащі, щоб розчистити її.	치울 덤불을 누르세요.	刈り払う茂みをタップしてください。	点击要清除的灌木丛。
{n} tokens	{n} Marken	{n} brikker	{n} brickor	{n} brikker	{n} fiches	{n} jetons	{n} fichas	{n} gettoni	{n} fichas	Żetony: {n}	{n} jeton	Жетонів: {n}	토큰 {n}개	トークン{n}個	{n}枚标记
only 1 coca in the last era	nur 1 Koka in der letzten Ära	kun 1 koka i den sidste æra	bara 1 koka i den sista eran	bare 1 koka i den siste æraen	maar 1 coca in het laatste tijdperk	seulement 1 coca dans la dernière ère	solo 1 coca en la última era	solo 1 coca nell’ultima era	só 1 coca na última era	tylko 1 koka w ostatniej epoce	son çağda yalnızca 1 koka	лише 1 кока в останній епосі	마지막 시대에는 코카 1개만	最後の時代はコカ1のみ	最后时代只需1份古柯
makes 1 good	ergibt 1 Ware	giver 1 vare	ger 1 vara	gir 1 vare	levert 1 goed op	produit 1 bien	produce 1 bien	produce 1 bene	produz 1 bem	daje 1 towar	1 mal üretir	дає 1 товар	재화 1개 생산	品物を1つ生み出す	产出1份货物
makes 2 goods	ergibt 2 Waren	giver 2 varer	ger 2 varor	gir 2 varer	levert 2 goederen op	produit 2 biens	produce 2 bienes	produce 2 beni	produz 2 bens	daje 2 towary	2 mal üretir	дає 2 товари	재화 2개 생산	品物を2つ生み出す	产出2份货物
Clear a thicket	Dickicht räumen	Ryd et krat	Röj ett snår	Rydd et kratt	Struikgewas opruimen	Dégager un fourré	Despejar una maleza	Sgombra una boscaglia	Limpar um matagal	Usuń gąszcz	Çalılık temizle	Розчистити хащу	덤불 치우기	茂みを刈り払う	清除灌木丛
Once per turn you may bring a tribute: the era’s whole set of goods (gold stands in for any good) wins one culture token. When the tokens of an era are gone, the era ends: villages shrink to camps and thickets grow. A 7 lets the jungle grow instead of a robber. 6 of the 11 tokens win; after the last era the most tokens win.	Einmal pro Zug darfst du einen Tribut bringen: Das ganze Warenset der Ära (Gold ersetzt jede Ware) bringt eine Kulturmarke. Sind die Marken einer Ära weg, endet die Ära: Dörfer schrumpfen zu Lagern und Dickichte wachsen. Bei einer 7 wächst der Dschungel statt eines Räubers. 6 der 11 Marken gewinnen; nach der letzten Ära gewinnt, wer die meisten hat.	Én gang pr. tur kan du bringe et tribut: æraens hele sæt varer (guld erstatter enhver vare) vinder én kulturbrik. Når en æras brikker er væk, slutter æraen: landsbyer skrumper til lejre, og krat vokser frem. En 7'er lader junglen vokse i stedet for en røver. 6 af de 11 brikker vinder; efter den sidste æra vinder den med flest brikker.	En gång per tur får du lämna en tribut: erans hela uppsättning varor (guld ersätter vilken vara som helst) ger en kulturbricka. När erans brickor är slut tar eran slut: byar krymper till läger och snår växer. En 7:a låter djungeln växa i stället för en tjuv. 6 av de 11 brickorna vinner; efter den sista eran vinner den med flest brickor.	Én gang per tur kan du bringe et tributt: æraens hele sett varer (gull erstatter alle varer) vinner én kulturbrikke. Når brikkene i en æra er borte, tar æraen slutt: landsbyer krymper til leirer, og kratt vokser. En 7-er lar jungelen vokse i stedet for en røver. 6 av de 11 brikkene vinner; etter den siste æraen vinner den med flest brikker.	Eén keer per beurt mag je een tribuut brengen: de complete set goederen van het tijdperk (goud vervangt elk goed) wint één cultuurfiche. Zijn de fiches van een tijdperk op, dan eindigt het tijdperk: dorpen krimpen tot kampen en struikgewassen groeien. Bij een 7 groeit de jungle in plaats van een rover. 6 van de 11 fiches winnen; na het laatste tijdperk wint wie de meeste heeft.	Une fois par tour, tu peux apporter un tribut : l’ensemble complet de biens de l’ère (l’or remplace n’importe quel bien) remporte un jeton de culture. Quand les jetons d’une ère sont épuisés, l’ère se termine : les villages se réduisent à des campements et les fourrés poussent. Un 7 fait pousser la jungle au lieu d’un voleur. 6 jetons sur 11 font gagner ; après la dernière ère, celui qui en a le plus gagne.	Una vez por turno puedes presentar un tributo: el conjunto completo de bienes de la era (el oro sustituye a cualquier bien) gana una ficha de cultura. Cuando se acaban las fichas de una era, la era termina: las aldeas se reducen a campamentos y las malezas crecen. Un 7 hace crecer la selva en lugar de mover al ladrón. 6 de las 11 fichas ganan; tras la última era gana quien tenga más.	Una volta per turno puoi portare un tributo: il set completo di beni dell’era (l’oro sostituisce qualsiasi bene) vale un gettone cultura. Quando i gettoni di un’era sono finiti, l’era finisce: i villaggi si riducono ad accampamenti e le boscaglie crescono. Un 7 fa crescere la giungla al posto del ladro. 6 gettoni su 11 vincono; dopo l’ultima era vince chi ne ha di più.	Uma vez por turno você pode trazer um tributo: o conjunto completo de bens da era (o ouro substitui qualquer bem) conquista uma ficha de cultura. Quando as fichas de uma era acabam, a era termina: as aldeias encolhem para acampamentos e os matagais crescem. Um 7 faz a selva crescer em vez de mover o ladrão. 6 das 11 fichas vencem; depois da última era, vence quem tiver mais.	Raz na turę możesz złożyć daninę: cały komplet towarów danej epoki (złoto zastępuje dowolny towar) daje jeden żeton kultury. Gdy żetony epoki się skończą, epoka dobiega końca: wioski kurczą się do obozów, a gąszcze rosną. Siódemka pozwala rosnąć dżungli zamiast ruszać złodzieja. 6 z 11 żetonów daje zwycięstwo; po ostatniej epoce wygrywa ten, kto ma ich najwięcej.	Turda bir kez haraç getirebilirsin: çağın tam mal seti (altın her malın yerine geçer) bir kültür jetonu kazandırır. Bir çağın jetonları bitince çağ sona erer: köyler kamplara küçülür ve çalılıklar büyür. Bir 7, hırsız yerine cangılın büyümesini sağlar. 11 jetondan 6’sı kazandırır; son çağdan sonra en çok jetonu olan kazanır.	Раз на хід можна принести данину: повний набір товарів епохи (золото замінює будь-який товар) здобуває один жетон культури. Коли жетони епохи закінчуються, епоха завершується: села зменшуються до таборів, а хащі ростуть. Сімка дає джунглям рости замість злодія. 6 з 11 жетонів перемагають; після останньої епохи перемагає той, хто має їх найбільше.	한 턴에 한 번 공물을 바칠 수 있습니다: 그 시대의 재화 한 세트(금은 어떤 재화든 대신함)로 문화 토큰 하나를 얻습니다. 한 시대의 토큰이 모두 없어지면 시대가 끝나고, 마을은 야영지로 줄어들며 덤불이 자랍니다. 7이 나오면 도둑 대신 정글이 자랍니다. 11개 중 6개의 토큰을 얻으면 승리하며, 마지막 시대 이후에는 토큰이 가장 많은 사람이 이깁니다.	1ターンに1回、貢ぎ物を捧げられます：その時代の品物ひとそろい（金はどんな品物の代わりにもなる）で文化トークンを1つ獲得します。時代のトークンがなくなると時代が終わり、村はキャンプに縮み、茂みが育ちます。7が出ると盗賊の代わりにジャングルが育ちます。11個のうち6個のトークンで勝利。最後の時代のあとは、トークンが最も多い人の勝ちです。	每回合可以进献一次贡品：本时代的一整套货物（黄金可代替任何货物）可赢得一枚文化标记。某个时代的标记被领完后，该时代结束：村庄缩回营地，灌木丛生长。掷出7时，生长的是丛林，而不是强盗。11枚标记中拿到6枚即可获胜；最后一个时代结束后，标记最多者获胜。
You are missing goods. {n} gold will stand in for them.	Dir fehlen Waren. {n} Gold springt dafür ein.	Du mangler varer. {n} guld træder i stedet.	Du saknar varor. {n} guld ersätter dem.	Du mangler varer. {n} gull trer inn i stedet.	Je mist goederen. {n} goud springt erbij.	Il te manque des biens. {n} or les remplacera.	Te faltan bienes. {n} oro los sustituirá.	Ti mancano dei beni. {n} oro li sostituirà.	Faltam bens. {n} ouro vai substituí-los.	Brakuje towarów. Zastąpi je złoto: {n}.	Mallar eksik. {n} altın onların yerine geçecek.	Бракує товарів. Їх замінить золото: {n}.	재화가 부족합니다. 금 {n}개가 대신합니다.	品物が足りません。金{n}個が代わりになります。	你缺少货物。{n}块黄金将代替它们。
Rise of the Inkas	Aufstieg der Inka	Inkaernes fremgang	Inkarikets uppgång	Inkaenes oppgang	De opkomst van de Inca's	L’essor des Incas	El auge de los incas	L’ascesa degli Inca	Ascensão dos Incas	Wzlot Inków	İnkaların Yükselişi	Піднесення інків	잉카의 부상	インカの台頭	印加崛起
Three eras, sets of goods, and a jungle that grows back.	Drei Ären, Warensets und ein Dschungel, der nachwächst.	Tre æraer, sæt af varer og en jungle, der gror tilbage.	Tre eror, uppsättningar av varor och en djungel som växer tillbaka.	Tre æraer, sett med varer og en jungel som vokser tilbake.	Drie tijdperken, sets goederen en een jungle die weer aangroeit.	Trois ères, des ensembles de biens et une jungle qui repousse.	Tres eras, conjuntos de bienes y una selva que vuelve a crecer.	Tre ere, set di beni e una giungla che ricresce.	Três eras, conjuntos de bens e uma selva que volta a crescer.	Trzy epoki, komplety towarów i dżungla, która odrasta.	Üç çağ, mal setleri ve yeniden büyüyen bir cangıl.	Три епохи, набори товарів і джунглі, що відростають.	세 시대, 재화 세트, 그리고 다시 자라나는 정글.	3つの時代、品物のセット、そして生い茂るジャングル。	三个时代，一套套货物，还有一片会重新生长的丛林。
Fish, feathers, coca and gold: bring whole sets of goods as tribute to win culture tokens. Every era ends when its tokens are gone: villages shrink, thickets grow and a new tribe rises. Six of the 11 tokens clinch the game.	Fisch, Federn, Koka und Gold: Bringe ganze Warensets als Tribut und gewinne Kulturmarken. Jede Ära endet, wenn ihre Marken weg sind: Dörfer schrumpfen, Dickichte wachsen und ein neuer Stamm erhebt sich. Sechs der 11 Marken entscheiden das Spiel.	Fisk, fjer, koka og guld: Bring hele sæt af varer som tribut og vind kulturbrikker. Hver æra slutter, når dens brikker er væk: landsbyer skrumper, krat vokser, og en ny stamme rejser sig. Seks af de 11 brikker afgør spillet.	Fisk, fjädrar, koka och guld: lämna hela uppsättningar av varor som tribut och vinn kulturbrickor. Varje era tar slut när dess brickor är slut: byar krymper, snår växer och en ny stam reser sig. Sex av de 11 brickorna avgör spelet.	Fisk, fjær, koka og gull: bring hele sett med varer som tributt og vinn kulturbrikker. Hver æra tar slutt når brikkene er borte: landsbyer krymper, kratt vokser og en ny stamme reiser seg. Seks av de 11 brikkene avgjør spillet.	Vis, veren, coca en goud: breng complete sets goederen als tribuut en win cultuurfiches. Elk tijdperk eindigt als de fiches op zijn: dorpen krimpen, struikgewassen groeien en een nieuwe stam komt op. Zes van de 11 fiches beslissen het spel.	Poisson, plumes, coca et or : apporte des ensembles complets de biens en tribut pour remporter des jetons de culture. Chaque ère se termine quand ses jetons sont épuisés : les villages se réduisent, les fourrés poussent et une nouvelle tribu se lève. Six jetons sur 11 décident de la partie.	Pescado, plumas, coca y oro: presenta conjuntos completos de bienes como tributo para ganar fichas de cultura. Cada era termina cuando se acaban sus fichas: las aldeas se reducen, las malezas crecen y surge una nueva tribu. Seis de las 11 fichas deciden la partida.	Pesce, piume, coca e oro: porta set completi di beni come tributo e vinci gettoni cultura. Ogni era finisce quando i suoi gettoni sono finiti: i villaggi si riducono, le boscaglie crescono e sorge una nuova tribù. Sei gettoni su 11 decidono la partita.	Peixe, penas, coca e ouro: traga conjuntos completos de bens como tributo para conquistar fichas de cultura. Cada era termina quando suas fichas acabam: as aldeias encolhem, os matagais crescem e uma nova tribo surge. Seis das 11 fichas decidem o jogo.	Ryby, pióra, koka i złoto: składaj komplety towarów jako daninę i zdobywaj żetony kultury. Każda epoka kończy się, gdy skończą się jej żetony: wioski kurczą się, gąszcze rosną i powstaje nowe plemię. Sześć z 11 żetonów rozstrzyga grę.	Balık, tüy, koka ve altın: kültür jetonları kazanmak için tam mal setlerini haraç olarak getir. Her çağ jetonları bitince sona erer: köyler küçülür, çalılıklar büyür ve yeni bir kabile yükselir. 11 jetondan altısı oyunu belirler.	Риба, пір’я, кока й золото: приноси повні набори товарів як данину й здобувай жетони культури. Кожна епоха закінчується, коли закінчуються її жетони: села зменшуються, хащі ростуть і постає нове плем’я. Шість з 11 жетонів вирішують гру.	물고기, 깃털, 코카, 금: 재화 한 세트를 통째로 공물로 바쳐 문화 토큰을 얻으세요. 토큰이 모두 없어지면 시대가 끝나고, 마을은 줄어들고 덤불이 자라며 새로운 부족이 일어납니다. 11개 중 6개의 토큰으로 게임이 결정됩니다.	魚、羽根、コカ、金：品物をひとそろい貢ぎ物として捧げ、文化トークンを獲得しましょう。トークンがなくなると時代が終わり、村は縮み、茂みが育ち、新たな部族が興ります。11個のうち6個のトークンでゲーム終了です。	鱼、羽毛、古柯和黄金：把整套货物作为贡品进献，赢得文化标记。标记被领完时，时代结束：村庄缩小，灌木丛生长，新的部落崛起。11枚标记中的6枚即可决定胜负。
Resources use your harbors.	Rohstoffe nutzen deine Häfen.	Råvarer bruger dine havne.	Råvaror använder dina hamnar.	Råvarer bruker havnene dine.	Grondstoffen gebruiken je havens.	Les ressources utilisent tes ports.	Los recursos usan tus puertos.	Le risorse usano i tuoi porti.	Os recursos usam seus portos.	Surowce korzystają z twoich portów.	Kaynaklar limanlarını kullanır.	Ресурси використовують твої гавані.	자원은 항구를 이용합니다.	資源は港を使えます。	资源可使用你的港口。
Welcome to Rise of the Inkas!	Willkommen bei Aufstieg der Inka!	Velkommen til Inkaernes fremgang!	Välkommen till Inkarikets uppgång!	Velkommen til Inkaenes oppgang!	Welkom bij De opkomst van de Inca's!	Bienvenue dans L’essor des Incas !	¡Bienvenido a El auge de los incas!	Benvenuto in L’ascesa degli Inca!	Bem-vindo a Ascensão dos Incas!	Witaj w grze Wzlot Inków!	İnkaların Yükselişi’ne hoş geldin!	Ласкаво просимо до гри «Піднесення інків»!	잉카의 부상에 오신 것을 환영합니다!	インカの台頭へようこそ！	欢迎来到印加崛起！
Three eras, one goal: culture tokens. Six of the 11 tokens win.	Drei Ären, ein Ziel: Kulturmarken. Sechs der 11 Marken gewinnen.	Tre æraer, ét mål: kulturbrikker. Seks af de 11 brikker vinder.	Tre eror, ett mål: kulturbrickor. Sex av de 11 brickorna vinner.	Tre æraer, ett mål: kulturbrikker. Seks av de 11 brikkene vinner.	Drie tijdperken, één doel: cultuurfiches. Zes van de 11 fiches winnen.	Trois ères, un but : les jetons de culture. Six jetons sur 11 font gagner.	Tres eras, una meta: las fichas de cultura. Seis de las 11 fichas ganan.	Tre ere, un solo obiettivo: i gettoni cultura. Sei gettoni su 11 vincono.	Três eras, um objetivo: fichas de cultura. Seis das 11 fichas vencem.	Trzy epoki, jeden cel: żetony kultury. Sześć z 11 żetonów wygrywa.	Üç çağ, tek hedef: kültür jetonları. 11 jetondan altısı kazandırır.	Три епохи, одна мета: жетони культури. Шість з 11 жетонів перемагають.	세 시대, 하나의 목표: 문화 토큰. 11개 중 6개의 토큰을 얻으면 승리합니다.	3つの時代、目指すは文化トークン。11個のうち6個で勝利です。	三个时代，一个目标：文化标记。11枚标记中拿到6枚即可获胜。
Four goods.	Vier Waren.	Fire varer.	Fyra varor.	Fire varer.	Vier goederen.	Quatre biens.	Cuatro bienes.	Quattro beni.	Quatro bens.	Cztery towary.	Dört mal.	Чотири товари.	네 가지 재화.	4つの品物。	四种货物。
Fish from the coast, feathers from the rainforest, coca from the highlands and gold from the peaks.	Fisch von der Küste, Federn aus dem Regenwald, Koka aus dem Hochland und Gold von den Gipfeln.	Fisk fra kysten, fjer fra regnskoven, koka fra højlandet og guld fra tinderne.	Fisk från kusten, fjädrar från regnskogen, koka från höglandet och guld från topparna.	Fisk fra kysten, fjær fra regnskogen, koka fra høylandet og gull fra toppene.	Vis van de kust, veren uit het regenwoud, coca uit het hoogland en goud van de toppen.	Du poisson de la côte, des plumes de la forêt tropicale, de la coca des hautes terres et de l’or des sommets.	Pescado de la costa, plumas de la selva tropical, coca del altiplano y oro de las cumbres.	Pesce dalla costa, piume dalla foresta pluviale, coca dagli altopiani e oro dalle vette.	Peixe da costa, penas da floresta tropical, coca das terras altas e ouro dos picos.	Ryby z wybrzeża, pióra z lasu deszczowego, koka z wyżyn i złoto ze szczytów.	Kıyıdan balık, yağmur ormanından tüy, yaylalardan koka ve zirvelerden altın.	Риба з узбережжя, пір’я з тропічного лісу, кока з високогір’я й золото з вершин.	해안에서는 물고기, 열대우림에서는 깃털, 고지대에서는 코카, 봉우리에서는 금.	海岸の魚、熱帯雨林の羽根、高地のコカ、頂上の金。	海岸的鱼、雨林的羽毛、高地的古柯、山峰的黄金。
Bring a tribute.	Bringe einen Tribut.	Bring et tribut.	Lämna en tribut.	Bring et tributt.	Breng een tribuut.	Apporte un tribut.	Presenta un tributo.	Porta un tributo.	Traga um tributo.	Złóż daninę.	Haraç getir.	Принеси данину.	공물을 바치세요.	貢ぎ物を捧げよう。	进献贡品。
Once per turn, bring the era’s whole set: 1 fish, 1 feathers and 1 coca.	Einmal pro Zug bringst du das ganze Set der Ära: 1 Fisch, 1 Feder und 1 Koka.	Én gang pr. tur bringer du æraens hele sæt: 1 fisk, 1 fjer og 1 koka.	En gång per tur lämnar du erans hela uppsättning: 1 fisk, 1 fjäder och 1 koka.	Én gang per tur bringer du æraens hele sett: 1 fisk, 1 fjær og 1 koka.	Eén keer per beurt breng je de complete set van het tijdperk: 1 vis, 1 veer en 1 coca.	Une fois par tour, apporte l’ensemble complet de l’ère : 1 poisson, 1 plume et 1 coca.	Una vez por turno, presenta el conjunto completo de la era: 1 pescado, 1 pluma y 1 coca.	Una volta per turno porta il set completo dell’era: 1 pesce, 1 piuma e 1 coca.	Uma vez por turno, traga o conjunto completo da era: 1 peixe, 1 pena e 1 coca.	Raz na turę złóż cały komplet epoki: 1 rybę, 1 pióro i 1 kokę.	Turda bir kez çağın tam setini getir: 1 balık, 1 tüy ve 1 koka.	Раз на хід принеси повний набір епохи: 1 рибу, 1 перо й 1 коку.	한 턴에 한 번, 그 시대의 한 세트를 바치세요: 물고기 1, 깃털 1, 코카 1.	1ターンに1回、その時代のひとそろいを捧げます：魚1、羽根1、コカ1。	每回合一次，进献本时代的整套货物：1条鱼、1根羽毛和1份古柯。
Culture token!	Kulturmarke!	Kulturbrik!	Kulturbricka!	Kulturbrikke!	Cultuurfiche!	Jeton de culture !	¡Ficha de cultura!	Gettone cultura!	Ficha de cultura!	Żeton kultury!	Kültür jetonu!	Жетон культури!	문화 토큰!	文化トークン！	文化标记！
Missing a fish? One gold takes its place.	Fehlt ein Fisch? Ein Gold springt ein.	Mangler du en fisk? Ét guld træder i stedet.	Saknar du en fisk? Ett guld tar dess plats.	Mangler du en fisk? Ett gull tar plassen.	Mis je een vis? Eén goud neemt zijn plaats in.	Il manque un poisson ? Un or prend sa place.	¿Te falta un pescado? Un oro ocupa su lugar.	Ti manca un pesce? Un oro prende il suo posto.	Falta um peixe? Um ouro ocupa o lugar.	Brakuje ryby? Zastąpi ją jedno złoto.	Bir balık mı eksik? Bir altın yerine geçer.	Бракує риби? Її місце займає одне золото.	물고기가 부족한가요? 금 하나가 대신합니다.	魚が足りない？金1つが代わりになります。	缺一条鱼？一块黄金可以顶替。
The roller puts a thicket on a tile and takes a card from a neighbour.	Wer würfelt, setzt ein Dickicht auf ein Feld und zieht eine Karte von einem Nachbarn.	Spilleren, der slår, sætter et krat på et felt og tager et kort fra en nabo.	Den som slår placerar ett snår på en ruta och tar ett kort från en granne.	Spilleren som kaster, setter et kratt på et felt og tar et kort fra en nabo.	De werper zet een struikgewas op een tegel en pakt een kaart van een buur.	Celui qui lance place un fourré sur une tuile et prend une carte à un voisin.	Quien tira coloca una maleza en una casilla y roba una carta a un vecino.	Chi tira mette una boscaglia su una tessera e prende una carta da un vicino.	Quem lança coloca um matagal num hexágono e pega uma carta de um vizinho.	Rzucający stawia gąszcz na polu i bierze kartę od sąsiada.	Zarı atan, bir karoya çalılık koyar ve bir komşudan kart çeker.	Той, хто кидає, ставить хащу на плитку й бере карту в сусіда.	주사위를 굴린 사람이 타일에 덤불을 놓고 이웃에게서 카드 한 장을 가져옵니다.	サイコロを振った人が、タイルに茂みを置き、隣の人からカードを1枚もらいます。	掷骰的玩家在一个地块上放置灌木丛，并从邻居那里拿一张牌。
Thickets block their tiles.	Dickichte blockieren ihre Felder.	Krat blokerer deres felter.	Snår blockerar sina rutor.	Kratt blokkerer feltene sine.	Struikgewassen blokkeren hun tegels.	Les fourrés bloquent leurs tuiles.	Las malezas bloquean sus casillas.	Le boscaglie bloccano le loro tessere.	Matagais bloqueiam seus hexágonos.	Gąszcze blokują swoje pola.	Çalılıklar karolarını engeller.	Хащі блокують свої плитки.	덤불은 해당 타일을 막습니다.	茂みはそのタイルをふさぎます。	灌木丛会挡住所在地块。
Clear one with 1 feathers and 1 coca, from a camp or village next to it.	Räume eines mit 1 Feder und 1 Koka, von einem Lager oder Dorf daneben aus.	Ryd ét med 1 fjer og 1 koka fra en lejr eller landsby ved siden af.	Röj ett med 1 fjäder och 1 koka, från ett läger eller en by bredvid.	Rydd ett med 1 fjær og 1 koka, fra en leir eller landsby ved siden av.	Ruim er één op met 1 veer en 1 coca, vanaf een kamp of dorp ernaast.	Dégages-en un avec 1 plume et 1 coca, depuis un campement ou un village voisin.	Despeja una con 1 pluma y 1 coca, desde un campamento o una aldea junto a ella.	Sgombrane una con 1 piuma e 1 coca, da un accampamento o un villaggio accanto.	Limpe um com 1 pena e 1 coca, a partir de um acampamento ou aldeia ao lado.	Usuń jeden za 1 pióro i 1 kokę, z obozu lub wioski obok.	Birini 1 tüy ve 1 koka ile, yanındaki bir kamptan veya köyden temizle.	Розчисти одну за 1 перо й 1 коку з табору чи села поруч.	옆의 야영지나 마을에서 깃털 1개와 코카 1개로 하나를 치우세요.	隣のキャンプか村から、羽根1とコカ1で1つ刈り払えます。	在旁边的营地或村庄，用1根羽毛和1份古柯清除一丛。
Eras end when their tokens are gone.	Ären enden, wenn ihre Marken weg sind.	Æraer slutter, når deres brikker er væk.	Eror tar slut när deras brickor är slut.	Æraer tar slutt når brikkene er borte.	Tijdperken eindigen als hun fiches op zijn.	Les ères se terminent quand leurs jetons sont épuisés.	Las eras terminan cuando se acaban sus fichas.	Le ere finiscono quando i loro gettoni sono finiti.	As eras terminam quando suas fichas acabam.	Epoki kończą się, gdy skończą się ich żetony.	Çağlar, jetonları bitince sona erer.	Епохи закінчуються, коли закінчуються їхні жетони.	토큰이 모두 없어지면 시대가 끝납니다.	トークンがなくなると時代が終わります。	标记被领完时，时代结束。
Villages shrink to camps and the jungle claims the land. A new tribe rises.	Dörfer schrumpfen zu Lagern und der Dschungel erobert das Land. Ein neuer Stamm erhebt sich.	Landsbyer skrumper til lejre, og junglen tager landet. En ny stamme rejser sig.	Byar krymper till läger och djungeln tar landet. En ny stam reser sig.	Landsbyer krymper til leirer, og jungelen tar landet. En ny stamme reiser seg.	Dorpen krimpen tot kampen en de jungle neemt het land in. Een nieuwe stam komt op.	Les villages se réduisent à des campements et la jungle envahit les terres. Une nouvelle tribu se lève.	Las aldeas se reducen a campamentos y la selva reclama la tierra. Surge una nueva tribu.	I villaggi si riducono ad accampamenti e la giungla si riprende la terra. Sorge una nuova tribù.	As aldeias encolhem para acampamentos e a selva toma a terra. Uma nova tribo surge.	Wioski kurczą się do obozów, a dżungla zawłaszcza ziemię. Powstaje nowe plemię.	Köyler kamplara küçülür ve cangıl toprakları kaplar. Yeni bir kabile yükselir.	Села зменшуються до таборів, а джунглі поглинають землю. Постає нове плем’я.	마을은 야영지로 줄어들고 정글이 땅을 뒤덮습니다. 새로운 부족이 일어납니다.	村はキャンプに縮み、ジャングルが土地をのみ込みます。新たな部族が興ります。	村庄缩回营地，丛林吞没土地。新的部落崛起。
Moche	Moche	Moche	Moche	Moche	Moche	Moche	Moche	Moche	Moche	Moche	Moche	Моче	모체	モチェ	莫切
Every era has its own rule.	Jede Ära hat ihre eigene Regel.	Hver æra har sin egen regel.	Varje era har sin egen regel.	Hver æra har sin egen regel.	Elk tijdperk heeft zijn eigen regel.	Chaque ère a sa propre règle.	Cada era tiene su propia regla.	Ogni era ha una sua regola.	Cada era tem sua própria regra.	Każda epoka ma własną zasadę.	Her çağın kendi kuralı var.	Кожна епоха має своє правило.	시대마다 고유한 규칙이 있습니다.	時代ごとに独自のルールがあります。	每个时代都有自己的规则。
Moche: the fisheries pay. Camps on the coast get 1 extra fish.	Moche: Die Fischerei zahlt sich aus. Lager an der Küste bekommen 1 Fisch extra.	Moche: Fiskerierne betaler sig. Lejre ved kysten får 1 ekstra fisk.	Moche: fiskerierna lönar sig. Läger vid kusten får 1 extra fisk.	Moche: fiskeriene lønner seg. Leirer ved kysten får 1 ekstra fisk.	Moche: de visserijen lonen. Kampen aan de kust krijgen 1 extra vis.	Moche : les pêcheries rapportent. Les campements côtiers reçoivent 1 poisson en plus.	Moche: las pesquerías pagan. Los campamentos de la costa reciben 1 pescado extra.	Moche: la pesca rende. Gli accampamenti sulla costa ricevono 1 pesce in più.	Moche: a pesca compensa. Acampamentos na costa recebem 1 peixe extra.	Moche: rybołówstwo się opłaca. Obozy na wybrzeżu dostają dodatkową rybę.	Moche: balıkçılık kazandırır. Kıyıdaki kamplar fazladan 1 balık alır.	Моче: рибальство окупається. Табори на узбережжі отримують додаткову рибу.	모체: 어업이 보상을 줍니다. 해안의 야영지는 물고기를 1개 더 받습니다.	モチェ：漁業が報われます。海岸のキャンプは魚を1つ多くもらえます。	莫切：渔业有回报。海岸的营地额外获得1条鱼。
Six culture tokens win!	Sechs Kulturmarken gewinnen!	Seks kulturbrikker vinder!	Sex kulturbrickor vinner!	Seks kulturbrikker vinner!	Zes cultuurfiches winnen!	Six jetons de culture font gagner !	¡Seis fichas de cultura ganan!	Sei gettoni cultura vincono!	Seis fichas de cultura vencem!	Sześć żetonów kultury wygrywa!	Altı kültür jetonu kazandırır!	Шість жетонів культури перемагають!	문화 토큰 6개를 얻으면 승리!	文化トークン6個で勝利！	拿到六枚文化标记即可获胜！
Or the most tokens when the last era ends.	Oder die meisten Marken, wenn die letzte Ära endet.	Eller flest brikker, når den sidste æra slutter.	Eller flest brickor när den sista eran tar slut.	Eller flest brikker når den siste æraen tar slutt.	Of de meeste fiches als het laatste tijdperk eindigt.	Ou le plus de jetons quand la dernière ère se termine.	O gana quien tenga más fichas cuando termine la última era.	Oppure chi ha più gettoni quando finisce l’ultima era.	Ou quem tiver mais fichas quando a última era terminar.	Albo najwięcej żetonów, gdy skończy się ostatnia epoka.	Ya da son çağ bittiğinde en çok jetonu olan kazanır.	Або найбільше жетонів, коли закінчиться остання епоха.	또는 마지막 시대가 끝났을 때 토큰이 가장 많은 사람이 승리.	または最後の時代が終わったときにトークンが最も多い人。	或者最后一个时代结束时标记最多者获胜。
Feathers	Federn	Fjer	Fjädrar	Fjær	Veren	Plumes	Plumas	Piume	Penas	Pióra	Tüyler	Пір’я	깃털	羽根	羽毛
Coca	Koka	Koka	Koka	Koka	Coca	Coca	Coca	Coca	Coca	Koka	Koka	Кока	코카	コカ	古柯
Chavín	Chavín	Chavín	Chavín	Chavín	Chavín	Chavín	Chavín	Chavín	Chavín	Chavín	Chavín	Чавін	차빈	チャビン	查文
Inca	Inca	Inca	Inca	Inca	Inca	Inca	Inca	Inca	Inca	Inca	Inca	Інка	잉카	インカ	印加
The first tribe. Every tile pays as usual.	Der erste Stamm. Jedes Feld zahlt wie gewohnt.	Den første stamme. Hvert felt giver som sædvanligt.	Den första stammen. Varje ruta ger som vanligt.	Den første stammen. Hvert felt gir som vanlig.	De eerste stam. Elke tegel betaalt zoals gewoonlijk.	La première tribu. Chaque tuile rapporte comme d’habitude.	La primera tribu. Cada casilla paga como de costumbre.	La prima tribù. Ogni tessera rende come al solito.	A primeira tribo. Cada hexágono paga como de costume.	Pierwsze plemię. Każde pole płaci jak zwykle.	İlk kabile. Her karo her zamanki gibi üretir.	Перше плем’я. Кожна плитка платить як завжди.	첫 번째 부족. 모든 타일이 평소처럼 생산합니다.	最初の部族。どのタイルもいつもどおり産出します。	第一个部落。每个地块照常产出。
The fisheries pay: camps on the coast get 1 extra fish.	Die Fischerei zahlt sich aus: Lager an der Küste bekommen 1 Fisch extra.	Fiskerierne betaler sig: Lejre ved kysten får 1 ekstra fisk.	Fiskerierna lönar sig: läger vid kusten får 1 extra fisk.	Fiskeriene lønner seg: leirer ved kysten får 1 ekstra fisk.	De visserijen lonen: kampen aan de kust krijgen 1 extra vis.	Les pêcheries rapportent : les campements côtiers reçoivent 1 poisson en plus.	Las pesquerías pagan: los campamentos de la costa reciben 1 pescado extra.	La pesca rende: gli accampamenti sulla costa ricevono 1 pesce in più.	A pesca compensa: acampamentos na costa recebem 1 peixe extra.	Rybołówstwo się opłaca: obozy na wybrzeżu dostają dodatkową rybę.	Balıkçılık kazandırır: kıyıdaki kamplar fazladan 1 balık alır.	Рибальство окупається: табори на узбережжі отримують додаткову рибу.	어업이 보상을 줍니다: 해안의 야영지는 물고기를 1개 더 받습니다.	漁業が報われます：海岸のキャンプは魚を1つ多くもらえます。	渔业有回报：海岸的营地额外获得1条鱼。
The terraces pay: villages in the highlands get 1 extra coca. Trails cost only 1 coca.	Die Terrassen zahlen sich aus: Dörfer im Hochland bekommen 1 Koka extra. Pfade kosten nur 1 Koka.	Terrasserne betaler sig: Landsbyer i højlandet får 1 ekstra koka. Stier koster kun 1 koka.	Terrasserna lönar sig: byar i höglandet får 1 extra koka. Stigar kostar bara 1 koka.	Terrassene lønner seg: landsbyer i høylandet får 1 ekstra koka. Stier koster bare 1 koka.	De terrassen lonen: dorpen in het hoogland krijgen 1 extra coca. Paden kosten maar 1 coca.	Les terrasses rapportent : les villages des hautes terres reçoivent 1 coca en plus. Les sentiers ne coûtent que 1 coca.	Las terrazas pagan: las aldeas del altiplano reciben 1 coca extra. Los senderos cuestan solo 1 coca.	I terrazzamenti rendono: i villaggi sugli altopiani ricevono 1 coca in più. I sentieri costano solo 1 coca.	Os terraços compensam: aldeias nas terras altas recebem 1 coca extra. As trilhas custam só 1 coca.	Tarasy się opłacają: wioski na wyżynach dostają dodatkową kokę. Szlaki kosztują tylko 1 kokę.	Teraslar kazandırır: yaylalardaki köyler fazladan 1 koka alır. Patikalar yalnızca 1 kokaya mal olur.	Тераси окупаються: села на високогір’ї отримують додаткову коку. Стежки коштують лише 1 коку.	계단식 밭이 보상을 줍니다: 고지대의 마을은 코카를 1개 더 받습니다. 오솔길은 코카 1개만 듭니다.	段々畑が報われます：高地の村はコカを1つ多くもらえます。小道のコストはコカ1のみです。	梯田有回报：高地的村庄额外获得1份古柯。小径只需1份古柯。
