8 ways to play	8 Arten zu spielen	8 måder at spille på	8 sätt att spela	8 måter å spille på	8 manieren om te spelen	8 façons de jouer	8 formas de jugar	8 modi di giocare	8 formas de jogar	8 sposobów gry	Oynamanın 8 yolu	8 способів грати	8가지 플레이 방식	8つの遊び方	8 种玩法
Classic, Cities & Knights, Seafarers, Traders & Barbarians, Explorers & Pirates and three more.	Klassisch, Städte & Ritter, Seefahrer, Händler & Barbaren, Entdecker & Piraten und drei weitere.	Klassisk, Byer & Riddere, Søfarere, Købmænd & Barbarer, Opdagere & Pirater og tre mere.	Klassisk, Städer & Riddare, Sjöfarare, Handelsmän & Barbarer, Upptäckare & Pirater och tre till.	Klassisk, Byer & Riddere, Sjøfarere, Handelsmenn & Barbarer, Oppdagere & Pirater og tre til.	Klassiek, Steden & Ridders, Zeevaarders, Handelaren & Barbaren, Ontdekkers & Piraten en drie andere.	Classique, Cités et Chevaliers, Marins, Marchands et Barbares, Explorateurs et Pirates et trois autres.	Clásico, Ciudades y Caballeros, Navegantes, Comerciantes y Bárbaros, Exploradores y Piratas y otros tres.	Classico, Città e Cavalieri, Navigatori, Mercanti e Barbari, Esploratori e Pirati e altri tre.	Clássico, Cidades e Cavaleiros, Navegadores, Comerciantes e Bárbaros, Exploradores e Piratas e mais três.	Klasyczna, Miasta i Rycerze, Żeglarze, Kupcy i Barbarzyńcy, Odkrywcy i Piraci oraz trzy kolejne.	Klasik, Şehirler ve Şövalyeler, Denizciler, Tüccarlar ve Barbarlar, Kâşifler ve Korsanlar ve üç tane daha.	Класика, Міста і лицарі, Мореплавці, Торговці та варвари, Дослідники та пірати і ще три.	클래식, 도시와 기사, 항해자, 상인과 야만인, 탐험가와 해적, 그리고 세 가지 더.	クラシック、都市と騎士、航海者、商人と蛮族、探検者と海賊、ほかに3種類。	经典、城市与骑士、航海家、商人与蛮族、探险家与海盗，另有三种。
Play together live	Live zusammen spielen	Spil sammen live	Spela tillsammans live	Spill sammen live	Live samen spelen	Jouez ensemble en direct	Juega en directo con otros	Gioca insieme dal vivo	Jogue junto em tempo real	Graj razem na żywo	Birlikte canlı oynayın	Грайте разом наживо	실시간으로 함께 플레이	みんなでリアルタイムに遊ぶ	实时一起玩
In real time with your friends, on any phone, tablet or computer.	In Echtzeit mit deinen Freunden, auf jedem Handy, Tablet oder Computer.	I realtid med dine venner, på enhver telefon, tablet eller computer.	I realtid med dina vänner, på valfri mobil, surfplatta eller dator.	I sanntid med vennene dine, på hvilken som helst telefon, nettbrett eller datamaskin.	In realtime met je vrienden, op elke telefoon, tablet of computer.	En temps réel avec vos amis, sur n'importe quel téléphone, tablette ou ordinateur.	En tiempo real con tus amigos, en cualquier móvil, tableta u ordenador.	In tempo reale con i tuoi amici, su qualsiasi telefono, tablet o computer.	Em tempo real com os seus amigos, em qualquer telefone, tablet ou computador.	W czasie rzeczywistym ze znajomymi, na każdym telefonie, tablecie lub komputerze.	Arkadaşlarınızla gerçek zamanlı, her telefonda, tablette ya da bilgisayarda.	У реальному часі з друзями, на будь-якому телефоні, планшеті чи комп'ютері.	친구들과 실시간으로, 어떤 휴대폰, 태블릿, 컴퓨터에서든.	友だちとリアルタイムで、スマホでもタブレットでもパソコンでも。	与朋友实时对战，手机、平板、电脑都能玩。
Bots included	Bots inklusive	Bots er med	Bots ingår	Boter er med	Bots inbegrepen	Bots inclus	Bots incluidos	Bot inclusi	Bots incluídos	Boty w zestawie	Botlar dahil	Боти включено	봇 포함	ボット付き	内置机器人
Practise against bots, or let them fill the empty seats.	Übe gegen Bots oder lass sie leere Plätze auffüllen.	Øv dig mod bots, eller lad dem fylde de tomme pladser.	Öva mot bots, eller låt dem fylla tomma platser.	Øv mot boter, eller la dem fylle de tomme plassene.	Oefen tegen bots of laat ze lege plaatsen vullen.	Entraînez-vous contre des bots ou laissez-les remplir les places vides.	Practica contra bots o deja que ocupen los asientos vacíos.	Esercitati contro i bot o lasciali occupare i posti vuoti.	Treine contra bots ou deixe-os preencher os lugares vazios.	Ćwicz z botami albo pozwól im zająć puste miejsca.	Botlara karşı pratik yapın ya da boş yerleri onlara doldurtun.	Тренуйтеся проти ботів або дозвольте їм зайняти порожні місця.	봇과 연습하거나 빈 자리를 봇으로 채우세요.	ボットを相手に練習したり、空いた席を埋めてもらったりできます。	可以和机器人练习，也可以让它们补满空位。
Your table, your rules	Dein Tisch, deine Regeln	Dit bord, dine regler	Ditt bord, dina regler	Ditt bord, dine regler	Jouw tafel, jouw regels	Votre table, vos règles	Tu mesa, tus reglas	Il tuo tavolo, le tue regole	A sua mesa, as suas regras	Twój stół, twoje zasady	Sizin masanız, sizin kurallarınız	Ваш стіл, ваші правила	우리 테이블, 우리 규칙	自分たちのテーブル、自分たちのルール	你的牌桌，你的规则
House rules, experiments and statistics, in {n} languages.	Hausregeln, Experimente und Statistiken, in {n} Sprachen.	Husregler, eksperimenter og statistik, på {n} sprog.	Husregler, experiment och statistik, på {n} språk.	Husregler, eksperimenter og statistikk, på {n} språk.	Huisregels, experimenten en statistieken, in {n} talen.	Règles maison, expériences et statistiques, en {n} langues.	Reglas de la casa, experimentos y estadísticas, en {n} idiomas.	Regole della casa, esperimenti e statistiche, in {n} lingue.	Regras da casa, experiências e estatísticas, em {n} idiomas.	Zasady domowe, eksperymenty i statystyki, w {n} językach.	Ev kuralları, deneyler ve istatistikler, {n} dilde.	Домашні правила, експерименти та статистика, {n} мовами.	하우스 룰, 실험, 통계를 {n}개 언어로.	ハウスルール、実験、統計を{n}言語で。	自定义规则、实验和统计，支持 {n} 种语言。
Try it now (no account)	Jetzt ausprobieren (ohne Konto)	Prøv det nu (uden konto)	Testa nu (utan konto)	Prøv nå (uten konto)	Nu proberen (zonder account)	Essayer maintenant (sans compte)	Pruébalo ahora (sin cuenta)	Provalo subito (senza account)	Experimente agora (sem conta)	Wypróbuj teraz (bez konta)	Şimdi dene (hesapsız)	Спробувати зараз (без облікового запису)	지금 체험하기 (계정 없이)	今すぐ試す(アカウント不要)	立即试玩(无需账号)
Plays right in your browser against bots. Nothing is saved.	Läuft direkt im Browser gegen Bots. Nichts wird gespeichert.	Spilles direkte i browseren mod bots. Intet bliver gemt.	Spelas direkt i webbläsaren mot bots. Inget sparas.	Spilles rett i nettleseren mot boter. Ingenting lagres.	Speelt direct in je browser tegen bots. Er wordt niets opgeslagen.	Se joue directement dans le navigateur contre des bots. Rien n'est enregistré.	Se juega directamente en el navegador contra bots. No se guarda nada.	Si gioca direttamente nel browser contro i bot. Non viene salvato nulla.	Joga-se diretamente no navegador contra bots. Nada é guardado.	Gra działa prosto w przeglądarce, przeciwko botom. Nic nie jest zapisywane.	Doğrudan tarayıcıda botlara karşı oynanır. Hiçbir şey kaydedilmez.	Грається просто в браузері проти ботів. Нічого не зберігається.	브라우저에서 바로 봇과 대결합니다. 아무것도 저장되지 않습니다.	ブラウザ上でそのままボットと対戦。何も保存されません。	直接在浏览器中与机器人对战,不保存任何内容。
