Standalone games	Eigenständige Spiele	Selvstændige spil	Fristående spel	Frittstående spill	Zelfstandige spellen	Jeux autonomes	Juegos independientes	Giochi indipendenti	Jogos independentes	Gry samodzielne	Bağımsız oyunlar	Окремі ігри	독립형 게임	単独ゲーム	独立游戏
{mode} · {players} players · {points} points	{mode} · {players} Spieler · {points} Punkte	{mode} · {players} spillere · {points} point	{mode} · {players} spelare · {points} poäng	{mode} · {players} spillere · {points} poeng	{mode} · {players} spelers · {points} punten	{mode} · {players} joueurs · {points} points	{mode} · {players} jugadores · {points} puntos	{mode} · {players} giocatori · {points} punti	{mode} · {players} jogadores · {points} pontos	{mode} · {players} graczy · {points} pkt	{mode} · {players} oyuncu · {points} puan	{mode} · {players} гравців · {points} очок	{mode} · {players}명 · {points}점	{mode} · {players}人 · {points}点	{mode} · {players}人 · {points}分
Change	Ändern	Skift	Ändra	Endre	Wijzigen	Modifier	Cambiar	Cambia	Alterar	Zmień	Değiştir	Змінити	변경	変更	更改
{n} on	{n} an	{n} til	{n} på	{n} på	{n} aan	{n} activés	{n} activas	{n} attive	{n} ativas	{n} wł.	{n} açık	{n} увімк.	{n}개 켜짐	{n}件オン	已开启 {n}
Show password	Passwort anzeigen	Vis adgangskode	Visa lösenord	Vis passord	Wachtwoord tonen	Afficher le mot de passe	Mostrar contraseña	Mostra password	Mostrar senha	Pokaż hasło	Şifreyi göster	Показати пароль	비밀번호 표시	パスワードを表示	显示密码
Hide password	Passwort verbergen	Skjul adgangskode	Dölj lösenord	Skjul passord	Wachtwoord verbergen	Masquer le mot de passe	Ocultar contraseña	Nascondi password	Ocultar senha	Ukryj hasło	Şifreyi gizle	Сховати пароль	비밀번호 숨기기	パスワードを隠す	隐藏密码
Tap again to confirm	Zum Bestätigen nochmal tippen	Tryk igen for at bekræfte	Tryck igen för att bekräfta	Trykk igjen for å bekrefte	Tik nogmaals om te bevestigen	Touchez à nouveau pour confirmer	Toca de nuevo para confirmar	Tocca di nuovo per confermare	Toque novamente para confirmar	Dotknij ponownie, aby potwierdzić	Onaylamak için tekrar dokun	Торкніться ще раз для підтвердження	확인하려면 다시 탭하세요	もう一度タップして確定	再点一次确认
Show all	Alle anzeigen	Vis alle	Visa alla	Vis alle	Alles tonen	Tout afficher	Mostrar todo	Mostra tutto	Mostrar tudo	Pokaż wszystko	Tümünü göster	Показати все	모두 보기	すべて表示	显示全部
Show less	Weniger anzeigen	Vis færre	Visa färre	Vis færre	Minder tonen	Afficher moins	Mostrar menos	Mostra meno	Mostrar menos	Pokaż mniej	Daha az göster	Показати менше	간략히 보기	表示を減らす	收起
Standings	Wertung	Stilling	Ställning	Stilling	Stand	Classement	Clasificación	Classifica	Classificação	Ranking	Sıralama	Рейтинг	순위	順位	排名
History	Verlauf	Forløb	Förlopp	Forløp	Verloop	Évolution	Evolución	Andamento	Evolução	Przebieg	Gidişat	Перебіг	추이	推移	走势
Duels	Duelle	Dueller	Dueller	Dueller	Duels	Duels	Duelos	Duelli	Duelos	Pojedynki	Düellolar	Дуелі	대결	対戦	对决
Games	Partien	Spil	Spel	Spill	Partijen	Parties	Partidas	Partite	Partidas	Partie	Maçlar	Партії	게임	ゲーム	对局
Hottest numbers	Heißeste Zahlen	Varmeste tal	Hetaste talen	Varmeste tall	Heetste getallen	Nombres les plus chauds	Números más calientes	Numeri più caldi	Números mais quentes	Najgorętsze liczby	En sıcak sayılar	Найгарячіші числа	가장 많이 나온 숫자	よく出た数字	最热数字
