{@p} starts a merchant train.	{@p} startet einen Handelstross.	{@p} starter en handelskaravane.	{@p} startar ett handelståg.	{@p} starter en handelskaravane.	{@p} start een handelskaravaan.	{@p} lance un convoi marchand.	{@p} inicia una caravana comercial.	{@p} avvia una carovana commerciale.	{@p} inicia uma caravana comercial.	{@p} rozpoczyna karawanę handlową.	{@p} bir ticaret kervanı başlatır.	{@p} починає торговий караван.	{@p}이(가) 교역 행렬을 시작합니다.	{@p}は商隊を始めます。	{@p}开始了一支商队。
Two merchant trains merge.	Zwei Handelstrosse wachsen zusammen.	To handelskaravaner smelter sammen.	Två handelståg slås ihop.	To handelskaravaner smelter sammen.	Twee handelskaravanen groeien samen.	Deux convois marchands fusionnent.	Dos caravanas comerciales se unen.	Due carovane commerciali si uniscono.	Duas caravanas comerciais fundem-se.	Dwie karawany handlowe łączą się w jedną.	İki ticaret kervanı birleşir.	Два торгові каравани зливаються.	교역 행렬 두 개가 하나로 합쳐집니다.	2つの商隊が1つに合流します。	两支商队合并了。
{@p} extends a merchant train.	{@p} verlängert einen Handelstross.	{@p} forlænger en handelskaravane.	{@p} förlänger ett handelståg.	{@p} forlenger en handelskaravane.	{@p} verlengt een handelskaravaan.	{@p} prolonge un convoi marchand.	{@p} alarga una caravana comercial.	{@p} allunga una carovana commerciale.	{@p} prolonga uma caravana comercial.	{@p} wydłuża karawanę handlową.	{@p} bir ticaret kervanını uzatır.	{@p} подовжує торговий караван.	{@p}이(가) 교역 행렬을 늘립니다.	{@p}は商隊を延ばします。	{@p}延长了一支商队。
Voting round: a trade wagon is placed. Everyone may bid wool and grain as votes.	Abstimmungsrunde: Ein Trosswagen wird eingesetzt. Alle dürfen Wolle und Getreide als Stimmen auslegen.	Afstemning: En handelsvogn sættes ind. Alle må byde uld og korn som stemmer.	Omröstning: En handelsvagn sätts ut. Alla får lägga ull och säd som röster.	Avstemning: En handelsvogn settes ut. Alle kan legge frem ull og korn som stemmer.	Stemronde: er wordt een handelswagen geplaatst. Iedereen mag wol en graan als stemmen inzetten.	Tour de vote : un chariot de commerce est placé. Chacun peut miser de la laine et du blé comme voix.	Ronda de votación: se coloca una carreta comercial. Todos pueden apostar lana y cereal como votos.	Turno di votazione: viene piazzato un carro commerciale. Tutti possono puntare lana e grano come voti.	Ronda de votação: é colocada uma carroça comercial. Todos podem apostar lã e cereal como votos.	Runda głosowania: ustawiany jest wóz handlowy. Każdy może wyłożyć wełnę i zboże jako głosy.	Oylama turu: bir ticaret arabası yerleştirilir. Herkes oy olarak yün ve tahıl koyabilir.	Раунд голосування: ставлять торговий віз. Усі можуть викласти вовну й зерно як голоси.	투표 라운드: 교역 마차를 하나 놓습니다. 모두 양모와 곡물을 표로 낼 수 있습니다.	投票ラウンド：交易馬車を1台置きます。全員が羊毛と小麦を票として出せます。	投票轮：放置一辆贸易马车。所有人都可以打出羊毛和粮食作为选票。
{@p} is on turn and chooses where the wagon goes.	{@p} war am Zug und bestimmt, wohin der Wagen kommt.	{@p} har tur og bestemmer, hvor vognen skal hen.	{@p} har turen och bestämmer vart vagnen ska.	{@p} har turen og bestemmer hvor vogna skal.	{@p} is aan de beurt en bepaalt waar de wagen heen gaat.	{@p} a la main et choisit où va le chariot.	{@p} tiene el turno y elige adónde va la carreta.	{@p} è di turno e sceglie dove va il carro.	{@p} está na vez e escolhe para onde vai a carroça.	{@p} ma turę i wybiera, gdzie trafi wóz.	Sıra {@p} oyuncusunda ve arabanın nereye gideceğini o seçer.	{@p} ходить і вирішує, куди піде віз.	{@p}이(가) 차례이므로 마차를 놓을 곳을 정합니다.	{@p}が手番なので、荷馬車を置く場所を決めます。	{@p}是当前回合玩家，由其决定马车放在哪里。
{@p} has more votes and places both wagons.	{@p} hat mehr Stimmen und setzt beide Wagen ein.	{@p} har flere stemmer og sætter begge vogne.	{@p} har fler röster och sätter ut båda vagnarna.	{@p} har flere stemmer og setter ut begge vognene.	{@p} heeft meer stemmen en plaatst beide wagens.	{@p} a plus de voix et place les deux chariots.	{@p} tiene más votos y coloca las dos carretas.	{@p} ha più voti e piazza entrambi i carri.	{@p} tem mais votos e coloca as duas carroças.	{@p} ma więcej głosów i ustawia oba wozy.	{@p} daha fazla oya sahiptir ve iki arabayı da yerleştirir.	{@p} має більше голосів і ставить обидва вози.	{@p}이(가) 표가 더 많아 마차 두 대를 모두 놓습니다.	{@p}の票が多いので、2台とも置きます。	{@p}的票数更多，由其放置两辆马车。
Tie: each player places one wagon, the active player first.	Gleichstand: Jeder setzt einen Wagen ein, die Person am Zug beginnt.	Uafgjort: Hver spiller sætter én vogn, den aktive spiller først.	Lika: Varje spelare sätter ut en vagn, den aktiva spelaren först.	Uavgjort: Hver spiller setter ut én vogn, den aktive spilleren først.	Gelijkspel: elke speler plaatst één wagen, de actieve speler eerst.	Égalité : chaque joueur place un chariot, le joueur actif en premier.	Empate: cada jugador coloca una carreta, primero el jugador activo.	Parità: ogni giocatore piazza un carro, prima il giocatore attivo.	Empate: cada jogador coloca uma carroça, começando pelo jogador ativo.	Remis: każdy gracz ustawia jeden wóz, zaczyna gracz aktywny.	Beraberlik: her oyuncu bir araba yerleştirir, önce sırası olan oyuncu.	Нічия: кожен гравець ставить один віз, першим — активний гравець.	동점: 각자 마차를 하나씩 놓으며, 자신의 차례인 플레이어가 먼저 놓습니다.	同点：各プレイヤーが1台ずつ置き、手番のプレイヤーから始めます。	平局：每位玩家各放一辆马车，由当前回合玩家先放。
One place has the most votes: the wagon goes there.	Eine Position hat die meisten Stimmen: Dort wird der Wagen eingesetzt.	Ét sted har flest stemmer: Vognen kommer dertil.	En plats har flest röster: Vagnen sätts dit.	Ett sted har flest stemmer: Vogna settes dit.	Eén plek heeft de meeste stemmen: de wagen gaat daarheen.	Un emplacement a le plus de voix : le chariot y est placé.	Un lugar tiene más votos: la carreta va allí.	Una posizione ha più voti: il carro va lì.	Um local tem mais votos: a carroça vai para lá.	Jedno miejsce ma najwięcej głosów: tam trafia wóz.	Bir konum en çok oyu aldı: araba oraya gider.	Одне місце має найбільше голосів: віз ставлять туди.	한 곳이 가장 많은 표를 얻었으므로 마차는 그곳에 놓입니다.	1か所が最多得票なので、荷馬車はそこに置かれます。	有一处得票最多：马车放在那里。
{@p} has the most votes and chooses where the wagon goes.	{@p} hat die meisten Stimmen und bestimmt, wohin der Wagen kommt.	{@p} har flest stemmer og bestemmer, hvor vognen skal hen.	{@p} har flest röster och bestämmer vart vagnen ska.	{@p} har flest stemmer og bestemmer hvor vogna skal.	{@p} heeft de meeste stemmen en bepaalt waar de wagen heen gaat.	{@p} a le plus de voix et choisit où va le chariot.	{@p} tiene más votos y elige adónde va la carreta.	{@p} ha più voti e sceglie dove va il carro.	{@p} tem mais votos e escolhe para onde vai a carroça.	{@p} ma najwięcej głosów i wybiera, gdzie trafi wóz.	{@p} en çok oya sahiptir ve arabanın nereye gideceğini o seçer.	{@p} має найбільше голосів і вирішує, куди піде віз.	{@p}이(가) 가장 많은 표를 얻어 마차를 놓을 곳을 정합니다.	{@p}が最多得票なので、荷馬車を置く場所を決めます。	{@p}的票数最多，由其决定马车放在哪里。
This scenario is for the classic rules.	Dieses Szenario wird nach den klassischen Regeln gespielt.	Dette scenarie er til de klassiske regler.	Det här scenariot är för de klassiska reglerna.	Dette scenarioet er for de klassiske reglene.	Dit scenario is voor de klassieke regels.	Ce scénario se joue avec les règles classiques.	Este escenario es para las reglas clásicas.	Questo scenario è per le regole classiche.	Este cenário é para as regras clássicas.	Ten scenariusz jest przeznaczony dla zasad klasycznych.	Bu senaryo klasik kurallar içindir.	Цей сценарій призначений для класичних правил.	이 시나리오는 기본 규칙용입니다.	このシナリオは基本ルール用です。	此场景适用于经典规则。
Voting round: where does the trade wagon go?	Abstimmungsrunde: Wohin kommt der Trosswagen?	Afstemning: Hvor skal handelsvognen hen?	Omröstning: Vart ska handelsvagnen?	Avstemning: Hvor skal handelsvogna?	Stemronde: waar gaat de handelswagen heen?	Tour de vote : où va le chariot de commerce ?	Ronda de votación: ¿adónde va la carreta comercial?	Turno di votazione: dove va il carro commerciale?	Ronda de votação: para onde vai a carroça comercial?	Runda głosowania: gdzie trafi wóz handlowy?	Oylama turu: ticaret arabası nereye gidecek?	Раунд голосування: куди піде торговий віз?	투표 라운드: 교역 마차는 어디로 갈까요?	投票ラウンド：交易馬車はどこへ行く？	投票轮：贸易马车放在哪里？
Bid wool and/or grain: every card is 1 vote, and all your votes go to one place. The cards go back to the bank.	Lege Wolle und/oder Getreide aus: Jede Karte ist 1 Stimme, und alle deine Stimmen gehen an eine Position. Die Karten gehen zurück an die Bank.	Byd uld og/eller korn: Hvert kort er 1 stemme, og alle dine stemmer går til ét sted. Kortene går tilbage til banken.	Lägg ull och/eller säd: Varje kort är 1 röst, och alla dina röster går till en plats. Korten går tillbaka till banken.	Legg frem ull og/eller korn: Hvert kort er 1 stemme, og alle stemmene dine går til ett sted. Kortene går tilbake til banken.	Zet wol en/of graan in: elke kaart is 1 stem en al je stemmen gaan naar één plek. De kaarten gaan terug naar de bank.	Misez de la laine et/ou du blé : chaque carte vaut 1 voix, et toutes vos voix vont au même emplacement. Les cartes retournent à la banque.	Apuesta lana y/o cereal: cada carta es 1 voto y todos tus votos van a un mismo lugar. Las cartas vuelven al banco.	Punta lana e/o grano: ogni carta è 1 voto e tutti i tuoi voti vanno a una sola posizione. Le carte tornano alla banca.	Aposta lã e/ou cereal: cada carta é 1 voto e todos os teus votos vão para um só local. As cartas voltam ao banco.	Wyłóż wełnę i/lub zboże: każda karta to 1 głos, a wszystkie twoje głosy trafiają w jedno miejsce. Karty wracają do banku.	Yün ve/veya tahıl koy: her kart 1 oydur ve tüm oyların tek bir konuma gider. Kartlar bankaya geri döner.	Виклади вовну та/або зерно: кожна карта — 1 голос, і всі твої голоси йдуть в одне місце. Карти повертаються в банк.	양모와/또는 곡물을 내세요. 카드 한 장이 1표이며, 내 표는 모두 한 곳에 갑니다. 카드는 은행으로 돌아갑니다.	羊毛や小麦を出します。1枚が1票で、自分の票はすべて1か所に入れます。カードは銀行に戻ります。	打出羊毛和/或粮食：每张牌1票，你的所有选票都投给同一处。牌会回到银行。
Trade wagons left	Trosswagen übrig	Handelsvogne tilbage	Handelsvagnar kvar	Handelsvogner igjen	Handelswagens over	Chariots de commerce restants	Carretas comerciales restantes	Carri commerciali rimasti	Carroças comerciais restantes	Pozostałe wozy handlowe	Kalan ticaret arabaları	Залишилося торгових возів	남은 교역 마차	残りの交易馬車	剩余贸易马车
Buildings between two wagons	Siedlungen und Städte zwischen zwei Trosswagen	Bygninger mellem to vogne	Byggnader mellan två vagnar	Bygninger mellom to vogner	Gebouwen tussen twee wagens	Bâtiments entre deux chariots	Edificios entre dos carretas	Edifici tra due carri	Edifícios entre duas carroças	Budynki między dwoma wozami	İki araba arasındaki yapılar	Будівлі між двома возами	마차 두 대 사이의 건물	2台の荷馬車の間の建物	两辆马车之间的建筑
Merchant Trains: if you build a settlement or city, a voting round at the end of your turn decides where the next trade wagon goes (wool and grain are the votes). Buildings between two wagons are worth 1 more; a wagon on the same edge as a road counts as an additional road for the Longest Road.	Handelstross: Baust du eine Siedlung oder Stadt, entscheidet am Ende deines Zuges eine Abstimmungsrunde, wohin der nächste Trosswagen kommt (Wolle und Getreide sind die Stimmen). Siedlungen und Städte zwischen zwei Trosswagen zählen 1 Siegpunkt mehr; ein Trosswagen auf demselben Weg wie eine Straße zählt bei der Längsten Handelsroute als zusätzliche Straße.	Handelskaravaner: Bygger du en bosættelse eller by, afgør en afstemning i slutningen af din tur, hvor den næste handelsvogn skal hen (uld og korn er stemmerne). Bygninger mellem to vogne er 1 point mere værd; en vogn på samme kant som en vej tæller som en ekstra vej for længste vej.	Handelståg: Om du bygger en bosättning eller stad avgör en omröstning i slutet av din tur vart nästa handelsvagn ska (ull och säd är rösterna). Byggnader mellan två vagnar är värda 1 poäng mer; en vagn på samma kant som en väg räknas som en extra väg för längsta vägen.	Handelskaravaner: Bygger du en bosetning eller by, avgjør en avstemning på slutten av runden din hvor den neste handelsvogna skal (ull og korn er stemmene). Bygninger mellom to vogner er verdt 1 poeng mer; en vogn på samme kant som en vei teller som en ekstra vei for lengste vei.	Handelskaravaan: bouw je een dorp of stad, dan beslist aan het eind van je beurt een stemronde waar de volgende handelswagen heen gaat (wol en graan zijn de stemmen). Gebouwen tussen twee wagens zijn 1 punt meer waard; een wagen op dezelfde zijde als een weg telt voor de langste handelsroute als extra weg.	Convois marchands : si vous construisez une colonie ou une ville, un tour de vote en fin de tour décide où va le prochain chariot de commerce (la laine et le blé sont les voix). Les bâtiments entre deux chariots valent 1 point de plus ; un chariot sur la même arête qu’une route compte comme une route supplémentaire pour la route la plus longue.	Caravanas comerciales: si construyes un poblado o una ciudad, una ronda de votación al final de tu turno decide adónde va la siguiente carreta comercial (la lana y el cereal son los votos). Los edificios entre dos carretas valen 1 punto más; una carreta en la misma arista que una carretera cuenta como una carretera adicional para la Gran ruta comercial.	Carovane commerciali: se costruisci un insediamento o una città, un turno di votazione a fine turno decide dove va il prossimo carro commerciale (lana e grano sono i voti). Gli edifici tra due carri valgono 1 punto in più; un carro sullo stesso lato di una strada conta come una strada in più per la strada più lunga.	Caravanas comerciais: se construíres uma aldeia ou cidade, uma ronda de votação no fim da tua vez decide para onde vai a próxima carroça comercial (lã e cereal são os votos). Os edifícios entre duas carroças valem mais 1 ponto; uma carroça no mesmo lado de uma estrada conta como uma estrada adicional para a estrada mais longa.	Karawany handlowe: jeśli zbudujesz osadę lub miasto, na końcu twojej tury runda głosowania decyduje, gdzie trafi następny wóz handlowy (głosami są wełna i zboże). Budynki między dwoma wozami są warte o 1 punkt więcej; wóz na tej samej krawędzi co droga liczy się jako dodatkowa droga w najdłuższej drodze.	Ticaret kervanları: bir köy veya şehir kurarsan, turunun sonunda yapılan bir oylama turu bir sonraki ticaret arabasının nereye gideceğine karar verir (oylar yün ve tahıldır). İki araba arasındaki yapılar 1 puan daha değerlidir; bir yolla aynı kenardaki araba, en uzun yol için ek bir yol sayılır.	Торгові каравани: якщо ти збудуєш поселення або місто, раунд голосування наприкінці твого ходу вирішує, куди піде наступний торговий віз (голоси — це вовна й зерно). Будівлі між двома возами коштують на 1 очко більше; віз на тому ж ребрі, що й дорога, рахується як додаткова дорога для найдовшої дороги.	교역 행렬: 정착지나 도시를 지으면 턴이 끝날 때 투표 라운드로 다음 교역 마차를 놓을 곳을 정합니다(양모와 곡물이 표입니다). 마차 두 대 사이의 건물은 1점이 더 높고, 도로와 같은 변에 있는 마차는 최장 도로에서 도로 하나를 더한 것으로 셉니다.	商隊：開拓地か都市を建てると、手番の終わりに投票ラウンドで次の交易馬車を置く場所を決めます（羊毛と小麦が票です）。2台の荷馬車の間の建物は1点高く、道路と同じ辺にある荷馬車は最長交易路で道路1本分多く数えます。	商队：如果你建造了村庄或城市，回合结束时通过投票轮决定下一辆贸易马车的位置（羊毛和粮食即选票）。位于两辆马车之间的建筑多值1分；与道路在同一条边上的马车在计算最长道路时算作额外一条道路。
Trade wagon	Trosswagen	Handelsvogn	Handelsvagn	Handelsvogn	Handelswagen	Chariot de commerce	Carreta comercial	Carro commerciale	Carroça comercial	Wóz handlowy	Ticaret arabası	Торговий віз	교역 마차	交易馬車	贸易马车
Front of the merchant train	Spitze des Handelstrosses	Forenden af handelskaravanen	Handelstågets front	Fronten av handelskaravanen	Voorkant van de handelskaravaan	Tête du convoi marchand	Frente de la caravana comercial	Testa della carovana commerciale	Frente da caravana comercial	Czoło karawany handlowej	Ticaret kervanının ucu	Голова торгового каравану	교역 행렬의 맨 앞	商隊の先頭	商队的队首
Bids so far: {list}	Bisher ausgelegt: {list}	Hidtidige bud: {list}	Hittills lagt: {list}	Så langt lagt frem: {list}	Tot nu toe ingezet: {list}	Mises jusqu’ici : {list}	Apuestas hasta ahora: {list}	Puntate finora: {list}	Apostas até agora: {list}	Dotychczas wyłożone: {list}	Şimdiye kadar konanlar: {list}	Досі викладено: {list}	지금까지 낸 표: {list}	ここまでの票：{list}	目前已打出：{list}
Watering hole	Wasserstelle	Vandhul	Vattenhål	Vannhull	Waterplaats	Point d’eau	Abrevadero	Pozza d’acqua	Poço de água	Wodopój	Su kaynağı	Водопій	물웅덩이	水場	水源地
Merchant Trains	Handelstross	Handelskaravaner	Handelståg	Handelskaravaner	Handelskaravaan	Convois marchands	Caravanas comerciales	Carovane commerciali	Caravanas comerciais	Karawany handlowe	Ticaret kervanları	Торгові каравани	교역 행렬	商隊	商队
Nomads send trade wagons out; vote with wool and grain. 3–6 players.	Nomaden schicken Trosswagen aus; stimmt mit Wolle und Getreide ab. 3–6 Personen.	Nomader sender handelsvogne ud; stem med uld og korn. 3–6 spillere.	Nomader skickar ut handelsvagnar; rösta med ull och säd. 3–6 spelare.	Nomader sender ut handelsvogner; stem med ull og korn. 3–6 spillere.	Nomaden sturen handelswagens uit; stem met wol en graan. 3–6 spelers.	Des nomades envoient des chariots de commerce ; votez avec de la laine et du blé. 3–6 joueurs.	Los nómadas envían carretas comerciales; votad con lana y cereal. 3–6 jugadores.	I nomadi mandano carri commerciali; votate con lana e grano. 3–6 giocatori.	Os nómadas enviam carroças comerciais; votem com lã e cereal. 3–6 jogadores.	Nomadzi wysyłają wozy handlowe; głosujcie wełną i zbożem. 3–6 graczy.	Göçebeler ticaret arabaları gönderir; yün ve tahılla oy verin. 3–6 oyuncu.	Кочівники відправляють торгові вози; голосуйте вовною та зерном. 3–6 гравців.	유목민이 교역 마차를 보냅니다. 양모와 곡물로 투표하세요. 3–6명.	遊牧民が交易馬車を送り出します。羊毛と小麦で投票します。3〜6人。	游牧民派出贸易马车；用羊毛和粮食投票。3–6名玩家。
Fishermen, rivers, merchant trains, barbarians, event cards and more.	Fischer, Flüsse, Handelstross, Barbaren, Ereigniskarten und mehr.	Fiskere, floder, handelskaravaner, barbarer, begivenhedskort og mere.	Fiskare, floder, handelståg, barbarer, händelsekort och mer.	Fiskere, elver, handelskaravaner, barbarer, hendelseskort og mer.	Vissers, rivieren, handelskaravanen, barbaren, gebeurteniskaarten en meer.	Pêcheurs, rivières, convois marchands, barbares, cartes événement et plus.	Pescadores, ríos, caravanas comerciales, bárbaros, cartas de evento y más.	Pescatori, fiumi, carovane commerciali, barbari, carte evento e altro.	Pescadores, rios, caravanas comerciais, bárbaros, cartas de evento e mais.	Rybacy, rzeki, karawany handlowe, barbarzyńcy, karty zdarzeń i więcej.	Balıkçılar, nehirler, ticaret kervanları, barbarlar, olay kartları ve daha fazlası.	Рибалки, річки, торгові каравани, варвари, карти подій та інше.	어부, 강, 교역 행렬, 야만인, 이벤트 카드 등.	漁師、川、商隊、蛮族、イベントカードなど。	渔夫、河流、商队、野蛮人、事件卡等。
Nomads at the watering hole send out trade wagons. If you build a settlement or city, a voting round at the end of your turn decides where the next wagon goes. 12 points.	Nomaden an der Wasserstelle schicken Trosswagen aus. Baust du eine Siedlung oder Stadt, entscheidet am Ende deines Zuges eine Abstimmungsrunde, wohin der nächste Wagen kommt. 12 Siegpunkte.	Nomader ved vandhullet sender handelsvogne ud. Bygger du en bosættelse eller by, afgør en afstemning i slutningen af din tur, hvor den næste vogn skal hen. 12 point.	Nomader vid vattenhålet skickar ut handelsvagnar. Om du bygger en bosättning eller stad avgör en omröstning i slutet av din tur vart nästa vagn ska. 12 poäng.	Nomader ved vannhullet sender ut handelsvogner. Bygger du en bosetning eller by, avgjør en avstemning på slutten av runden din hvor neste vogn skal. 12 poeng.	Nomaden bij de waterplaats sturen handelswagens uit. Bouw je een dorp of stad, dan beslist aan het eind van je beurt een stemronde waar de volgende wagen heen gaat. 12 punten.	Des nomades au point d’eau envoient des chariots de commerce. Si vous construisez une colonie ou une ville, un tour de vote en fin de tour décide où va le prochain chariot. 12 points.	Los nómadas del abrevadero envían carretas comerciales. Si construyes un poblado o una ciudad, una ronda de votación al final de tu turno decide adónde va la siguiente carreta. 12 puntos.	I nomadi della pozza d’acqua mandano carri commerciali. Se costruisci un insediamento o una città, un turno di votazione a fine turno decide dove va il prossimo carro. 12 punti.	Os nómadas do poço de água enviam carroças comerciais. Se construíres uma aldeia ou cidade, uma ronda de votação no fim da tua vez decide para onde vai a próxima carroça. 12 pontos.	Nomadzi przy wodopoju wysyłają wozy handlowe. Jeśli zbudujesz osadę lub miasto, na końcu tury runda głosowania decyduje, gdzie trafi następny wóz. 12 punktów.	Su kaynağındaki göçebeler ticaret arabaları gönderir. Bir köy veya şehir kurarsan, turunun sonunda yapılan oylama turu bir sonraki arabanın nereye gideceğine karar verir. 12 puan.	Кочівники біля водопою відправляють торгові вози. Якщо ти збудуєш поселення або місто, раунд голосування наприкінці твого ходу вирішує, куди піде наступний віз. 12 очок.	물웅덩이의 유목민이 교역 마차를 보냅니다. 정착지나 도시를 지으면 턴이 끝날 때 투표 라운드로 다음 마차를 놓을 곳을 정합니다. 12점.	水場の遊牧民が交易馬車を送り出します。開拓地か都市を建てると、手番の終わりに投票ラウンドで次の荷馬車を置く場所を決めます。12点。	水源地的游牧民派出贸易马车。如果你建造了村庄或城市，回合结束时通过投票轮决定下一辆马车的位置。12分。
Voting round	Abstimmungsrunde	Afstemning	Omröstning	Avstemning	Stemronde	Tour de vote	Ronda de votación	Turno di votazione	Ronda de votação	Runda głosowania	Oylama turu	Раунд голосування	투표 라운드	投票ラウンド	投票轮
Starting with the active player, everybody may bid wool and/or grain: 1 vote per card, all to one place. One player with more votes than all others together decides alone. Otherwise the place with the most votes wins, then the player with the most votes decides, then the active player.	Beginnend mit der Person am Zug dürfen alle Wolle und/oder Getreide auslegen: 1 Stimme pro Karte, alle für eine Position. Hat eine Person mehr Stimmen als alle anderen zusammen, entscheidet sie allein. Sonst gewinnt die Position mit den meisten Stimmen, danach entscheidet die Person mit den meisten Stimmen, danach die Person am Zug.	Begyndende med den aktive spiller må alle byde uld og/eller korn: 1 stemme pr. kort, alle til ét sted. Har én spiller flere stemmer end alle andre tilsammen, bestemmer vedkommende alene. Ellers vinder stedet med flest stemmer, derefter bestemmer spilleren med flest stemmer, derefter den aktive spiller.	Med början hos den aktiva spelaren får alla lägga ull och/eller säd: 1 röst per kort, alla till en plats. Har en spelare fler röster än alla andra tillsammans bestämmer hen ensam. Annars vinner platsen med flest röster, sedan bestämmer spelaren med flest röster, sedan den aktiva spelaren.	Med start hos den aktive spilleren kan alle legge frem ull og/eller korn: 1 stemme per kort, alle til ett sted. Har én spiller flere stemmer enn alle de andre til sammen, bestemmer vedkommende alene. Ellers vinner stedet med flest stemmer, deretter bestemmer spilleren med flest stemmer, deretter den aktive spilleren.	Beginnend bij de actieve speler mag iedereen wol en/of graan inzetten: 1 stem per kaart, alles op één plek. Heeft één speler meer stemmen dan alle anderen samen, dan beslist die alleen. Anders wint de plek met de meeste stemmen, daarna beslist de speler met de meeste stemmen, daarna de actieve speler.	En commençant par le joueur actif, chacun peut miser de la laine et/ou du blé : 1 voix par carte, toutes pour un seul emplacement. Un joueur qui a plus de voix que tous les autres réunis décide seul. Sinon l’emplacement qui a le plus de voix l’emporte, puis le joueur qui a le plus de voix décide, puis le joueur actif.	Empezando por el jugador activo, todos pueden apostar lana y/o cereal: 1 voto por carta, todos a un solo lugar. Quien tenga más votos que todos los demás juntos decide solo. Si no, gana el lugar con más votos; después decide quien tenga más votos; después, el jugador activo.	Partendo dal giocatore attivo, tutti possono puntare lana e/o grano: 1 voto per carta, tutti a una sola posizione. Chi ha più voti di tutti gli altri insieme decide da solo. Altrimenti vince la posizione con più voti, poi decide chi ha più voti, poi il giocatore attivo.	A começar pelo jogador ativo, todos podem apostar lã e/ou cereal: 1 voto por carta, todos para um só local. Quem tiver mais votos do que todos os outros juntos decide sozinho. Caso contrário, ganha o local com mais votos; depois decide quem tiver mais votos; depois, o jogador ativo.	Zaczynając od gracza aktywnego, każdy może wyłożyć wełnę i/lub zboże: 1 głos za kartę, wszystkie w jedno miejsce. Gracz z większą liczbą głosów niż wszyscy pozostali razem decyduje sam. W przeciwnym razie wygrywa miejsce z największą liczbą głosów, potem decyduje gracz z największą liczbą głosów, a na końcu gracz aktywny.	Sırası olan oyuncudan başlayarak herkes yün ve/veya tahıl koyabilir: kart başına 1 oy, hepsi tek bir konuma. Diğerlerinin toplamından fazla oyu olan oyuncu tek başına karar verir. Aksi halde en çok oyu alan konum kazanır, sonra en çok oyu olan oyuncu, sonra sırası olan oyuncu karar verir.	Починаючи з активного гравця, усі можуть викласти вовну та/або зерно: 1 голос за карту, усі в одне місце. Гравець, у кого голосів більше, ніж у всіх інших разом, вирішує сам. Інакше перемагає місце з найбільшою кількістю голосів, потім вирішує гравець із найбільшою кількістю голосів, потім активний гравець.	자신의 차례인 플레이어부터 모두 양모와/또는 곡물을 낼 수 있습니다. 카드 한 장이 1표이며, 모든 표는 한 곳에 줍니다. 나머지 전원보다 표가 많은 사람은 혼자 정합니다. 그렇지 않으면 가장 많은 표를 얻은 곳이 이기고, 그다음 표가 가장 많은 플레이어, 그다음 자신의 차례인 플레이어가 정합니다.	手番のプレイヤーから順に、全員が羊毛や小麦を出せます。1枚が1票で、すべて1か所に入れます。他の全員の合計より票が多い人は1人で決めます。そうでなければ最多得票の場所、次に最多票のプレイヤー、最後に手番のプレイヤーが決めます。	从当前回合玩家开始，所有人都可以打出羊毛和/或粮食：每张牌1票，全部投给同一处。票数超过其他所有人之和的玩家独自决定。否则得票最多的位置获胜，其次由票数最多的玩家决定，最后由当前回合玩家决定。
Wagons pay off	Wagen zahlen sich aus	Vogne betaler sig	Vagnar lönar sig	Vogner lønner seg	Wagens lonen	Les chariots rapportent	Las carretas compensan	I carri ripagano	As carroças compensam	Wozy się opłacają	Arabalar karşılığını verir	Вози окупаються	마차의 보상	荷馬車の見返り	马车的回报
Buildings between two wagons are worth 1 point more. A wagon on the same edge as a road counts as an additional road for the Longest Road. With 5–6 players there are two watering holes and player 2 holds a voting round too.	Siedlungen und Städte zwischen zwei Trosswagen zählen 1 Siegpunkt mehr. Ein Trosswagen auf demselben Weg wie eine Straße zählt bei der Längsten Handelsroute als zusätzliche Straße. Mit 5–6 Personen gibt es zwei Wasserstellen, und auch Person 2 hält eine Abstimmungsrunde ab.	Bygninger mellem to vogne er 1 point mere værd. En vogn på samme kant som en vej tæller som en ekstra vej for længste vej. Med 5–6 spillere er der to vandhuller, og spiller 2 holder også en afstemning.	Byggnader mellan två vagnar är värda 1 poäng mer. En vagn på samma kant som en väg räknas som en extra väg för längsta vägen. Med 5–6 spelare finns två vattenhål, och spelare 2 håller också en omröstning.	Bygninger mellom to vogner er verdt 1 poeng mer. En vogn på samme kant som en vei teller som en ekstra vei for lengste vei. Med 5–6 spillere er det to vannhull, og spiller 2 holder også en avstemning.	Gebouwen tussen twee wagens zijn 1 punt meer waard. Een wagen op dezelfde zijde als een weg telt voor de langste handelsroute als extra weg. Met 5–6 spelers zijn er twee waterplaatsen en houdt ook speler 2 een stemronde.	Les bâtiments entre deux chariots valent 1 point de plus. Un chariot sur la même arête qu’une route compte comme une route supplémentaire pour la route la plus longue. À 5–6 joueurs, il y a deux points d’eau et le joueur 2 tient aussi un tour de vote.	Los edificios entre dos carretas valen 1 punto más. Una carreta en la misma arista que una carretera cuenta como una carretera adicional para la Gran ruta comercial. Con 5–6 jugadores hay dos abrevaderos y el jugador 2 también celebra una ronda de votación.	Gli edifici tra due carri valgono 1 punto in più. Un carro sullo stesso lato di una strada conta come una strada in più per la strada più lunga. Con 5–6 giocatori ci sono due pozze d’acqua e anche il giocatore 2 tiene un turno di votazione.	Os edifícios entre duas carroças valem mais 1 ponto. Uma carroça no mesmo lado de uma estrada conta como uma estrada adicional para a estrada mais longa. Com 5–6 jogadores há dois poços de água e o jogador 2 também faz uma ronda de votação.	Budynki między dwoma wozami są warte o 1 punkt więcej. Wóz na tej samej krawędzi co droga liczy się jako dodatkowa droga w najdłuższej drodze. Przy 5–6 graczach są dwa wodopoje, a gracz 2 również przeprowadza rundę głosowania.	İki araba arasındaki yapılar 1 puan daha değerlidir. Bir yolla aynı kenardaki araba, en uzun yol için ek bir yol sayılır. 5–6 oyuncuyla iki su kaynağı vardır ve 2. oyuncu da bir oylama turu yapar.	Будівлі між двома возами коштують на 1 очко більше. Віз на тому ж ребрі, що й дорога, рахується як додаткова дорога для найдовшої дороги. Для 5–6 гравців є два водопої, і гравець 2 теж проводить раунд голосування.	마차 두 대 사이의 건물은 1점이 더 높습니다. 도로와 같은 변에 있는 마차는 최장 도로에서 도로 하나를 더한 것으로 셉니다. 5–6명이 하면 물웅덩이가 둘이고, 플레이어 2도 투표 라운드를 합니다.	2台の荷馬車の間の建物は1点高くなります。道路と同じ辺にある荷馬車は、最長交易路で道路1本分多く数えます。5〜6人では水場が2つあり、プレイヤー2も投票ラウンドを行います。	位于两辆马车之间的建筑多值1分。与道路在同一条边上的马车在计算最长道路时算作额外一条道路。5–6人游戏有两处水源地，玩家2也要进行投票轮。
Pick one scenario: Fishermen, Rivers, Merchant Trains, Barbarian Attack or Traders & Barbarians. Variants mix in.	Wähle ein Szenario: Fischfang, Flüsse, Handelstross, Barbarenüberfall oder Händler & Barbaren. Varianten lassen sich dazumischen.	Vælg ét scenarie: Fiskerne, Floderne, Handelskaravaner, Barbarernes angreb eller Handlere & barbarer. Varianter kan blandes ind.	Välj ett scenario: Fiskarna, Floderna, Handelstågen, Barbarernas anfall eller Handlare & barbarer. Varianter kan blandas in.	Velg ett scenario: Fiskerne, Elvene, Handelskaravaner, Barbarenes angrep eller Handelsmenn & barbarer. Varianter kan blandes inn.	Kies één scenario: Vissers, Rivieren, Handelskaravaan, Barbarenaanval of Handelaren & barbaren. Varianten kun je erbij mengen.	Choisissez un scénario : Pêcheurs, Rivières, Convois marchands, Attaque des barbares ou Marchands & barbares. Les variantes se combinent.	Elige un escenario: Pescadores, Ríos, Caravanas comerciales, Ataque de los bárbaros o Mercaderes y bárbaros. Las variantes se pueden mezclar.	Scegli uno scenario: Pescatori, Fiumi, Carovane commerciali, Attacco dei barbari o Mercanti e barbari. Le varianti si possono aggiungere.	Escolhe um cenário: Pescadores, Rios, Caravanas comerciais, Ataque dos bárbaros ou Mercadores e bárbaros. As variantes podem ser juntadas.	Wybierz jeden scenariusz: Rybacy, Rzeki, Karawany handlowe, Najazd barbarzyńców lub Kupcy i barbarzyńcy. Warianty można dołączyć.	Bir senaryo seçin: Balıkçılar, Nehirler, Ticaret kervanları, Barbar Saldırısı veya Tüccarlar ve Barbarlar. Varyantlar eklenebilir.	Оберіть один сценарій: Рибалки, Річки, Торгові каравани, Напад варварів або Торговці та варвари. Варіанти можна додавати.	시나리오 하나를 고르세요: 어부, 강, 교역 행렬, 야만인의 습격, 상인과 야만인. 변형은 함께 쓸 수 있습니다.	シナリオを1つ選びます：漁師、川、商隊、蛮族の襲撃、商人と蛮族。バリエーションは組み合わせ可能です。	选择一个场景：渔夫、河流、商队、蛮族来袭或商人与蛮族。变体可以叠加。
