Swift Journey	Gute Reise	God rejse	Snabb resa	God reise	Voorspoedige reis	Voyage rapide	Viaje veloz	Viaggio veloce	Viagem veloz	Szybka podróż	Hızlı yolculuk	Швидка подорож	빠른 여정	快速の旅	快速旅程
Spend 1 grain: +2 movement points	1 Getreide ausgeben: +2 Bewegungspunkte	Brug 1 korn: +2 bevægelsespoint	Spendera 1 spannmål: +2 rörelsepoäng	Bruk 1 korn: +2 bevegelsespoeng	Geef 1 graan uit: +2 bewegingspunten	Dépenser 1 blé : +2 points de mouvement	Gasta 1 cereal: +2 puntos de movimiento	Spendi 1 grano: +2 punti movimento	Gasta 1 cereal: +2 pontos de movimento	Wydaj 1 zboże: +2 punkty ruchu	1 tahıl harca: +2 hareket puanı	Витратьте 1 зерно: +2 очки руху	곡물 1개 사용: 이동력 +2	穀物1枚を支払う：移動ポイント+2	花费1张粮食：+2移动点数
{@p} spends 1 grain: 2 more movement points.	{@p} gibt 1 Getreide aus: 2 zusätzliche Bewegungspunkte.	{@p} bruger 1 korn: 2 ekstra bevægelsespoint.	{@p} spenderar 1 spannmål: 2 extra rörelsepoäng.	{@p} bruker 1 korn: 2 ekstra bevegelsespoeng.	{@p} geeft 1 graan uit: 2 extra bewegingspunten.	{@p} dépense 1 blé : 2 points de mouvement de plus.	{@p} gasta 1 cereal: 2 puntos de movimiento más.	{@p} spende 1 grano: 2 punti movimento in più.	{@p} gasta 1 cereal: mais 2 pontos de movimento.	{@p} wydaje 1 zboże: 2 punkty ruchu więcej.	{@p} 1 tahıl harcıyor: 2 hareket puanı daha.	{@p} витрачає 1 зерно: ще 2 очки руху.	{@p}이(가) 곡물 1개를 사용합니다: 이동력 2 추가.	{@p}は穀物1枚を支払い、移動ポイントが2増えた。	{@p}花费1张粮食：多2点移动点数。
After you move your wagon this turn, move it again.	Nachdem du in diesem Zug deinen Trosswagen bewegt hast, darfst du ihn noch einmal bewegen.	Når du har flyttet din vogn i denne tur, må du flytte den igen.	Efter att du flyttat din vagn denna tur får du flytta den igen.	Etter at du har flyttet vognen din denne runden, får du flytte den igjen.	Nadat je je wagen deze beurt hebt verplaatst, mag je hem nog een keer verplaatsen.	Après avoir déplacé votre chariot ce tour, déplacez-le à nouveau.	Después de mover tu carro este turno, múevelo otra vez.	Dopo aver mosso il carro in questo turno, muovilo di nuovo.	Depois de moveres a tua carroça neste turno, move-a outra vez.	Po poruszeniu wozu w tej turze poruszasz go jeszcze raz.	Bu turda arabanı hareket ettirdikten sonra onu bir kez daha hareket ettir.	Після того як ви перемістили віз цього ходу, перемістіть його ще раз.	이번 턴에 마차를 이동한 뒤, 한 번 더 이동합니다.	このターンに馬車を動かした後、もう一度動かせる。	本回合移动马车后，可再次移动一次。
Move a barbarian to another path or road. On a road, draw a card from its owner. Counts toward Largest Army.	Versetze einen Barbaren auf einen anderen Weg oder eine andere Straße. Auf einer Straße ziehst du eine Karte von ihrem Besitzer. Zählt für die Größte Rittermacht.	Flyt en barbar til en anden sti eller vej. På en vej trækker du et kort fra ejeren. Tæller med til Største ridderstyrke.	Flytta en barbar till en annan stig eller väg. På en väg drar du ett kort från ägaren. Räknas till Största riddarstyrkan.	Flytt en barbar til en annen sti eller vei. På en vei trekker du et kort fra eieren. Teller med til Største ridderstyrke.	Verplaats een barbaar naar een ander pad of een andere weg. Op een weg trek je een kaart van de eigenaar. Telt mee voor Grootste ridderschap.	Déplacez un barbare sur un autre sentier ou une autre route. Sur une route, piochez une carte à son propriétaire. Compte pour la plus grande armée.	Mueve un bárbaro a otro camino o carretera. En una carretera, roba una carta a su dueño. Cuenta para el Ejército más grande.	Sposta un barbaro su un altro sentiero o un'altra strada. Su una strada, pesca una carta dal suo proprietario. Conta per il Più grande esercito.	Move um bárbaro para outro caminho ou estrada. Numa estrada, tira uma carta ao seu dono. Conta para o Maior Exército.	Przesuń barbarzyńcę na inną ścieżkę lub drogę. Na drodze dobierz kartę od jej właściciela. Liczy się do Największej Armii.	Bir barbarı başka bir patikaya veya yola taşı. Bir yolsa, sahibinden bir kart çek. En Büyük Ordu için sayılır.	Перемістіть варвара на іншу стежку або дорогу. На дорозі візьміть карту в її власника. Зараховується до Найбільшого війська.	야만인을 다른 오솔길이나 도로로 옮깁니다. 도로라면 그 주인에게서 카드 1장을 가져옵니다. 최대 기사단에 포함됩니다.	蛮族を別の小道か道路へ動かす。道路なら持ち主からカードを1枚引く。最大騎士団に数える。	将一个蛮族移到另一条小径或道路。若在道路上，从其所有者处抽一张牌。计入最大骑士团。
Worth 1 point. Reveal your Victory Point cards when they bring you to the points needed to win; until then they stay hidden.	Zählt 1 Siegpunkt. Decke deine Siegpunktkarten auf, wenn du damit die zum Sieg erforderliche Punktzahl erreichst; bis dahin bleiben sie verdeckt.	Er 1 point værd. Vis dine sejrspoint-kort, når de giver dig de point, der skal til for at vinde; indtil da forbliver de skjulte.	Värd 1 poäng. Visa dina segerpoängskort när de ger dig de poäng som krävs för att vinna; tills dess förblir de dolda.	Er 1 poeng verdt. Vis seierspoengkortene dine når de gir deg poengene som trengs for å vinne; inntil da forblir de skjult.	Is 1 punt waard. Toon je overwinningspuntkaarten wanneer je daarmee het benodigde aantal punten haalt; tot dan blijven ze verborgen.	Vaut 1 point. Révélez vos cartes Point de victoire quand elles vous donnent les points nécessaires pour gagner ; d'ici là, elles restent cachées.	Vale 1 punto. Revela tus cartas de Punto de victoria cuando te den los puntos necesarios para ganar; hasta entonces permanecen ocultas.	Vale 1 punto. Rivela le tue carte Punto vittoria quando ti danno i punti necessari per vincere; fino ad allora restano nascoste.	Vale 1 ponto. Revela as tuas cartas de Ponto de vitória quando te derem os pontos necessários para ganhar; até lá ficam escondidas.	Warta 1 punkt. Odkryj karty punktów zwycięstwa, gdy dadzą ci liczbę punktów potrzebną do wygranej; do tego czasu pozostają ukryte.	1 puan değerindedir. Zafer puanı kartlarını, kazanmak için gereken puana ulaştırdıklarında göster; o zamana dek gizli kalırlar.	Варта 1 очка. Відкрийте карти переможних очок, коли вони дають вам потрібну для перемоги кількість очок; до того вони залишаються прихованими.	1점입니다. 승리 점수 카드로 승리에 필요한 점수에 도달할 때 공개하며, 그때까지는 숨겨 둡니다.	1点。勝利に必要な点数に達するときに勝利点カードを公開する。それまでは伏せておく。	价值1分。当胜利点卡能让你达到获胜所需分数时才公开；在此之前保持隐藏。
No roads on this side of the commodity hex	Auf dieser Seite des Zielfelds darf keine Straße gebaut werden	Ingen veje på denne side af målfeltet	Inga vägar på den här sidan av målfältet	Ingen veier på denne siden av målfeltet	Geen wegen aan deze kant van het doelveld	Pas de route de ce côté de la case cible	No hay carreteras en este lado de la casilla de destino	Nessuna strada su questo lato del tassello di destinazione	Sem estradas deste lado do campo de destino	Po tej stronie pola docelowego nie wolno budować dróg	Hedef alanın bu tarafına yol yapılamaz	З цього боку цільового поля не можна будувати дороги	목적지 타일의 이쪽에는 도로를 지을 수 없습니다	目的地タイルのこちら側には道路を建てられない	目标地块的这一侧不能修路
Haul glass, marble, sand and tools with your wagon. 3–6 players.	Transportiere Glas, Marmor, Sand und Werkzeug mit deinem Trosswagen. 3–6 Personen.	Transportér glas, marmor, sand og værktøj med din vogn. 3–6 spillere.	Frakta glas, marmor, sand och verktyg med din vagn. 3–6 spelare.	Transporter glass, marmor, sand og verktøy med vognen din. 3–6 spillere.	Vervoer glas, marmer, zand en gereedschap met je wagen. 3–6 spelers.	Transportez verre, marbre, sable et outils avec votre chariot. 3 à 6 joueurs.	Transporta vidrio, mármol, arena y herramientas con tu carro. 3–6 jugadores.	Trasporta vetro, marmo, sabbia e attrezzi con il tuo carro. 3–6 giocatori.	Transporta vidro, mármore, areia e ferramentas com a tua carroça. 3–6 jogadores.	Wożąc wozem szkło, marmur, piasek i narzędzia. 3–6 graczy.	Arabanla cam, mermer, kum ve aletleri taşı. 3–6 oyuncu.	Перевозьте возом скло, мармур, пісок та інструменти. 3–6 гравців.	마차로 유리, 대리석, 모래, 도구를 나르세요. 3–6명.	馬車でガラス、大理石、砂、道具を運ぶ。3〜6人。	用马车运送玻璃、大理石、沙子和工具。3–6名玩家。
Larger island with 37 tiles and 7 commodity hexes. From 5 players on it is always used, and two players share every turn (stone 1 and stone 2).	Größere Insel mit 37 Feldern und 7 Zielfeldern. Ab 5 Personen wird sie immer verwendet, und zwei Personen teilen sich jeden Zug (Stein 1 und Stein 2).	Større ø med 37 felter og 7 målfelter. Fra 5 spillere bruges den altid, og to spillere deler hver tur (sten 1 og sten 2).	Större ö med 37 fält och 7 målfält. Från 5 spelare används den alltid, och två spelare delar varje tur (sten 1 och sten 2).	Større øy med 37 felt og 7 målfelt. Fra 5 spillere brukes den alltid, og to spillere deler hver runde (stein 1 og stein 2).	Groter eiland met 37 velden en 7 doelvelden. Vanaf 5 spelers wordt het altijd gebruikt en delen twee spelers elke beurt (steen 1 en steen 2).	Île plus grande de 37 cases avec 7 cases cibles. À partir de 5 joueurs, elle est toujours utilisée et deux joueurs se partagent chaque tour (pierre 1 et pierre 2).	Isla más grande con 37 casillas y 7 casillas de destino. Desde 5 jugadores se usa siempre y dos jugadores comparten cada turno (piedra 1 y piedra 2).	Isola più grande con 37 tasselli e 7 tasselli di destinazione. Da 5 giocatori si usa sempre e due giocatori condividono ogni turno (pietra 1 e pietra 2).	Ilha maior com 37 peças e 7 campos de destino. A partir de 5 jogadores usa-se sempre, e dois jogadores partilham cada turno (pedra 1 e pedra 2).	Większa wyspa z 37 polami i 7 polami docelowymi. Od 5 graczy jest zawsze używana, a dwaj gracze dzielą każdą turę (kamień 1 i kamień 2).	37 alanlı ve 7 hedef alanlı daha büyük ada. 5 oyuncudan itibaren hep kullanılır ve iki oyuncu her turu paylaşır (taş 1 ve taş 2).	Більший острів із 37 полів і 7 цільових полів. Від 5 гравців він завжди використовується, а двоє гравців ділять кожен хід (камінь 1 і камінь 2).	37칸과 목적지 타일 7개가 있는 더 큰 섬입니다. 5명부터는 항상 사용하며, 두 사람이 매 턴을 나눕니다(스톤 1과 스톤 2).	37枚のタイルと7枚の目的地タイルがある大きな島。5人以上では常に使い、2人が毎ターンを分け合う（ストーン1とストーン2）。	拥有37块地块和7块目标地块的更大岛屿。5人起始终使用，且两名玩家共用每个回合（石头1和石头2）。
{@p} reaches the {#t}, but there are no more tiles.	{@p} erreicht {#t}, aber es gibt keine Warenplättchen mehr.	{@p} når {#t}, men der er ikke flere brikker.	{@p} når {#t}, men det finns inga fler brickor.	{@p} når {#t}, men det er ikke flere brikker.	{@p} bereikt {#t}, maar er zijn geen tegels meer.	{@p} atteint {#t}, mais il n'y a plus de jetons.	{@p} llega a {#t}, pero ya no quedan fichas.	{@p} raggiunge {#t}, ma non ci sono più gettoni.	{@p} chega a {#t}, mas já não há fichas.	{@p} dociera do {#t}, ale nie ma już żetonów.	{@p} {#t} alanına ulaşıyor ama kalan parça yok.	{@p} досягає {#t}, але жетонів більше немає.	{@p}이(가) {#t}에 도착했지만 남은 타일이 없습니다.	{@p}は{#t}に着いたが、タイルはもう残っていない。	{@p}到达{#t}，但已没有商品片了。
This scenario is for the classic rules.	Dieses Szenario gilt für die Grundregeln.	Dette scenarie er til grundreglerne.	Det här scenariot är för grundreglerna.	Dette scenarioet er for grunnreglene.	Dit scenario is voor de basisregels.	Ce scénario est prévu pour les règles de base.	Este escenario es para las reglas básicas.	Questo scenario è per le regole base.	Este cenário é para as regras base.	Ten scenariusz jest dla zasad podstawowych.	Bu senaryo temel kurallar içindir.	Цей сценарій для базових правил.	이 시나리오는 기본 규칙용입니다.	このシナリオは基本ルール用です。	此剧本适用于基础规则。
Move your wagon	Bewege deinen Trosswagen	Flyt din vogn	Flytta din vagn	Flytt vognen din	Verplaats je wagen	Déplacez votre chariot	Mueve tu carro	Muovi il tuo carro	Move a tua carroça	Poruszaj wozem	Arabanı hareket ettir	Рухайте віз	마차를 이동하세요	馬車を動かす	移动你的马车
At the end of your turn: 4 movement points. A path costs 2, your own road 1, another player’s road 1 and 1 gold for its owner, a barbarian on the way 2 more. 1 grain gives 2 more points, once per turn.	Am Ende deines Zuges: 4 Bewegungspunkte. Ein Weg kostet 2, deine eigene Straße 1, die Straße einer anderen Person 1 und 1 Gold für sie, ein Barbar im Weg 2 mehr. 1 Getreide gibt 2 Punkte dazu, einmal pro Zug.	I slutningen af din tur: 4 bevægelsespoint. En sti koster 2, din egen vej 1, en andens vej 1 og 1 guld til ejeren, en barbar i vejen 2 mere. 1 korn giver 2 point mere, én gang pr. tur.	I slutet av din tur: 4 rörelsepoäng. En stig kostar 2, din egen väg 1, någon annans väg 1 och 1 guld till ägaren, en barbar i vägen 2 till. 1 spannmål ger 2 poäng till, en gång per tur.	På slutten av runden din: 4 bevegelsespoeng. En sti koster 2, din egen vei 1, en annens vei 1 og 1 gull til eieren, en barbar i veien 2 til. 1 korn gir 2 poeng til, én gang per runde.	Aan het eind van je beurt: 4 bewegingspunten. Een pad kost 2, je eigen weg 1, de weg van een ander 1 en 1 goud voor de eigenaar, een barbaar in de weg 2 extra. 1 graan geeft 2 punten extra, één keer per beurt.	À la fin de votre tour : 4 points de mouvement. Un sentier coûte 2, votre route 1, la route d'un autre 1 et 1 or pour son propriétaire, un barbare sur le chemin 2 de plus. 1 blé donne 2 points de plus, une fois par tour.	Al final de tu turno: 4 puntos de movimiento. Un camino cuesta 2, tu carretera 1, la de otro 1 y 1 oro para su dueño, un bárbaro en el camino 2 más. 1 cereal da 2 puntos más, una vez por turno.	A fine turno: 4 punti movimento. Un sentiero costa 2, la tua strada 1, la strada di un altro 1 e 1 oro al proprietario, un barbaro sul percorso 2 in più. 1 grano dà 2 punti in più, una volta per turno.	No fim do teu turno: 4 pontos de movimento. Um caminho custa 2, a tua estrada 1, a estrada de outro 1 e 1 ouro para o dono, um bárbaro no caminho mais 2. 1 cereal dá mais 2 pontos, uma vez por turno.	Na końcu tury: 4 punkty ruchu. Ścieżka kosztuje 2, twoja droga 1, droga innego gracza 1 i 1 złota dla jej właściciela, barbarzyńca na trasie 2 więcej. 1 zboże daje 2 punkty więcej, raz na turę.	Turunun sonunda: 4 hareket puanı. Bir patika 2, kendi yolun 1, başkasının yolu 1 ve sahibine 1 altın, yoldaki bir barbar 2 fazla tutar. 1 tahıl 2 puan daha verir, turda bir kez.	Наприкінці вашого ходу: 4 очки руху. Стежка коштує 2, ваша дорога 1, чужа дорога 1 і 1 золото її власнику, варвар на шляху ще 2. 1 зерно дає ще 2 очки, раз за хід.	턴이 끝날 때: 이동력 4. 오솔길은 2, 내 도로는 1, 남의 도로는 1과 주인에게 금 1, 길 위의 야만인은 2 추가. 곡물 1개로 이동력 2를 더하며, 턴당 한 번입니다.	ターン終了時：移動ポイント4。小道は2、自分の道路は1、他人の道路は1と持ち主に金1、道の上の蛮族はさらに2。穀物1枚で移動ポイント+2（1ターンに1回）。	回合结束时：4点移动点数。小径花费2，自己的道路1，他人的道路1并付给其所有者1金，路上有蛮族再加2。1张粮食可多得2点，每回合一次。
Pick up and deliver	Aufnehmen und abliefern	Hent og aflever	Hämta och lämna	Hent og lever	Ophalen en afleveren	Charger et livrer	Recoger y entregar	Caricare e consegnare	Recolher e entregar	Odbierz i dostarcz	Al ve teslim et	Забрати й доставити	싣고 배달하기	積んで届ける	取货与送货
In the middle of a commodity hex you pick up a token or deliver yours: 1 point and 1 to 5 gold, by wagon level. The quarry needs tools, the glassworks sand, the castle marble and glass.	In der Mitte eines Zielfelds nimmst du ein Warenplättchen auf oder lieferst deins ab: 1 Siegpunkt und 1 bis 5 Gold je nach Ausbaustufe. Der Steinbruch braucht Werkzeug, die Glashütte Sand, die Burg Marmor und Glas.	I midten af et målfelt henter du en brik eller afleverer din: 1 point og 1 til 5 guld efter vognens niveau. Stenbruddet skal bruge værktøj, glasværket sand, borgen marmor og glas.	I mitten av ett målfält hämtar du en bricka eller lämnar din: 1 poäng och 1 till 5 guld efter vagnens nivå. Stenbrottet behöver verktyg, glasbruket sand, borgen marmor och glas.	I midten av et målfelt henter du en brikke eller leverer din: 1 poeng og 1 til 5 gull etter vognens nivå. Steinbruddet trenger verktøy, glassverket sand, borgen marmor og glass.	In het midden van een doelveld haal je een tegel op of lever je de jouwe af: 1 punt en 1 tot 5 goud, naar wagenniveau. De steengroeve heeft gereedschap nodig, de glasblazerij zand, het kasteel marmer en glas.	Au centre d'une case cible, vous prenez un jeton ou livrez le vôtre : 1 point et de 1 à 5 or selon le niveau du chariot. La carrière veut des outils, la verrerie du sable, le château du marbre et du verre.	En el centro de una casilla de destino recoges una ficha o entregas la tuya: 1 punto y de 1 a 5 oro según el nivel del carro. La cantera necesita herramientas, la vidriería arena, el castillo mármol y vidrio.	Al centro di un tassello di destinazione prendi un gettone o consegni il tuo: 1 punto e da 1 a 5 oro secondo il livello del carro. La cava vuole attrezzi, la vetreria sabbia, il castello marmo e vetro.	No centro de um campo de destino recolhes uma ficha ou entregas a tua: 1 ponto e 1 a 5 de ouro, conforme o nível da carroça. A pedreira precisa de ferramentas, a vidraria de areia, o castelo de mármore e vidro.	W środku pola docelowego odbierasz żeton lub dostarczasz swój: 1 punkt i od 1 do 5 złota zależnie od poziomu wozu. Kamieniołom potrzebuje narzędzi, huta szkła piasku, zamek marmuru i szkła.	Bir hedef alanın ortasında bir parça alır veya elindekini teslim edersin: 1 puan ve araba seviyesine göre 1–5 altın. Taş ocağı alet, cam atölyesi kum, kale mermer ve cam ister.	У центрі цільового поля ви берете жетон або доставляєте свій: 1 очко і від 1 до 5 золота залежно від рівня воза. Каменоломня потребує інструментів, склоробня піску, замок мармуру й скла.	목적지 타일 한가운데에서 타일을 가져가거나 가진 것을 배달합니다. 1점과 마차 단계에 따라 금 1~5. 채석장은 도구, 유리 공장은 모래, 성은 대리석과 유리를 원합니다.	目的地タイルの中央で、タイルを受け取るか、持っているものを届ける。1点と、馬車の段階に応じて金1〜5。採石場は道具、ガラス工房は砂、城は大理石とガラスを求める。	在目标地块中央，取一枚商品片或送出你携带的那枚：1分，并按马车等级获得1至5金。采石场需要工具，玻璃厂需要沙子，城堡需要大理石和玻璃。
From the second wagon level on, roll a die in front of a barbarian: 6 at level 2, 5–6 at level 3, 4–6 at level 4, 3–6 at level 5. A 7 or a knight card moves a barbarian; on a road you draw a card from its owner.	Ab der zweiten Ausbaustufe würfelst du vor einem Barbaren: 6 auf Stufe 2, 5–6 auf Stufe 3, 4–6 auf Stufe 4, 3–6 auf Stufe 5. Eine 7 oder eine Ritterkarte versetzt einen Barbaren; auf einer Straße ziehst du eine Karte von ihrem Besitzer.	Fra vognens andet niveau slår du med en terning foran en barbar: 6 på niveau 2, 5–6 på niveau 3, 4–6 på niveau 4, 3–6 på niveau 5. Et 7'er eller et ridderkort flytter en barbar; på en vej trækker du et kort fra ejeren.	Från vagnens andra nivå slår du en tärning framför en barbar: 6 på nivå 2, 5–6 på nivå 3, 4–6 på nivå 4, 3–6 på nivå 5. En 7:a eller ett riddarkort flyttar en barbar; på en väg drar du ett kort från ägaren.	Fra vognens andre nivå kaster du en terning foran en barbar: 6 på nivå 2, 5–6 på nivå 3, 4–6 på nivå 4, 3–6 på nivå 5. En 7-er eller et ridderkort flytter en barbar; på en vei trekker du et kort fra eieren.	Vanaf het tweede wagenniveau gooi je voor een barbaar met een dobbelsteen: 6 op niveau 2, 5–6 op niveau 3, 4–6 op niveau 4, 3–6 op niveau 5. Een 7 of een ridderkaart verplaatst een barbaar; op een weg trek je een kaart van de eigenaar.	À partir du deuxième niveau du chariot, lancez un dé devant un barbare : 6 au niveau 2, 5–6 au niveau 3, 4–6 au niveau 4, 3–6 au niveau 5. Un 7 ou une carte chevalier déplace un barbare ; sur une route, piochez une carte à son propriétaire.	Desde el segundo nivel del carro, tira un dado ante un bárbaro: 6 en el nivel 2, 5–6 en el 3, 4–6 en el 4, 3–6 en el 5. Un 7 o una carta de caballero mueve un bárbaro; en una carretera robas una carta a su dueño.	Dal secondo livello del carro, tira un dado davanti a un barbaro: 6 al livello 2, 5–6 al 3, 4–6 al 4, 3–6 al 5. Un 7 o una carta cavaliere sposta un barbaro; su una strada peschi una carta dal proprietario.	A partir do segundo nível da carroça, lança um dado diante de um bárbaro: 6 no nível 2, 5–6 no 3, 4–6 no 4, 3–6 no 5. Um 7 ou uma carta de cavaleiro move um bárbaro; numa estrada tiras uma carta ao dono.	Od drugiego poziomu wozu rzucasz kostką przed barbarzyńcą: 6 na poziomie 2, 5–6 na 3, 4–6 na 4, 3–6 na 5. Siódemka lub karta rycerza przesuwa barbarzyńcę; na drodze dobierasz kartę od jej właściciela.	İkinci araba seviyesinden itibaren bir barbarın önünde zar atarsın: 2. seviyede 6, 3.'de 5–6, 4.'de 4–6, 5.'de 3–6. Bir 7 veya şövalye kartı bir barbarı taşır; yolsa sahibinden bir kart çekersin.	Починаючи з другого рівня воза, киньте кубик перед варваром: 6 на рівні 2, 5–6 на рівні 3, 4–6 на рівні 4, 3–6 на рівні 5. Сімка або карта лицаря переміщує варвара; на дорозі ви берете карту в її власника.	마차 2단계부터 야만인 앞에서 주사위를 굴립니다. 2단계 6, 3단계 5–6, 4단계 4–6, 5단계 3–6. 7이나 기사 카드로 야만인을 옮기며, 도로라면 주인에게서 카드 1장을 가져옵니다.	馬車の第2段階から、蛮族の前でサイコロを振る。段階2は6、3は5〜6、4は4〜6、5は3〜6。7か騎士カードで蛮族を動かし、道路なら持ち主からカードを1枚引く。	从马车第二级起，可在蛮族前掷一枚骰子：2级为6，3级为5–6，4级为4–6，5级为3–6。掷出7或使用骑士卡可移动蛮族；若在道路上，从其所有者处抽一张牌。
Five or six players	Fünf oder sechs Personen	Fem eller seks spillere	Fem eller sex spelare	Fem eller seks spillere	Vijf of zes spelers	Cinq ou six joueurs	Cinco o seis jugadores	Cinque o sei giocatori	Cinco ou seis jogadores	Pięciu lub sześciu graczy	Beş veya altı oyuncu	П’ять або шість гравців	5~6명	5〜6人	五或六名玩家
The wagon island has 37 tiles and 7 commodity hexes; five of them have six paths. The 2 and the 12 are on the board again.	Die Insel hat 37 Felder und 7 Zielfelder; fünf davon haben sechs Wege. Die 2 und die 12 sind wieder auf dem Spielplan.	Øen har 37 felter og 7 målfelter; fem af dem har seks stier. 2'eren og 12'eren er med på brættet igen.	Ön har 37 fält och 7 målfält; fem av dem har sex stigar. 2:an och 12:an finns på brädet igen.	Øya har 37 felt og 7 målfelt; fem av dem har seks stier. 2-eren og 12-eren er med på brettet igjen.	Het eiland heeft 37 velden en 7 doelvelden; vijf ervan hebben zes paden. De 2 en de 12 liggen weer op het bord.	L'île compte 37 cases et 7 cases cibles ; cinq d'entre elles ont six sentiers. Le 2 et le 12 sont de nouveau sur le plateau.	La isla tiene 37 casillas y 7 casillas de destino; cinco de ellas tienen seis caminos. El 2 y el 12 vuelven a estar en el tablero.	L'isola ha 37 tasselli e 7 tasselli di destinazione; cinque hanno sei sentieri. Il 2 e il 12 tornano sul tabellone.	A ilha tem 37 peças e 7 campos de destino; cinco deles têm seis caminhos. O 2 e o 12 voltam a estar no tabuleiro.	Wyspa ma 37 pól i 7 pól docelowych; pięć z nich ma sześć ścieżek. Dwójka i dwunastka znów są na planszy.	Adada 37 alan ve 7 hedef alan var; beşinin altı patikası var. 2 ve 12 yeniden tahtada.	Острів має 37 полів і 7 цільових полів; п’ять із них мають шість стежок. Двійка й дванадцятка знову на полі.	섬에는 37칸과 목적지 타일 7개가 있으며, 그중 5개는 오솔길이 6개입니다. 2와 12도 다시 판 위에 있습니다.	島は37枚のタイルと7枚の目的地タイルから成り、そのうち5枚は小道が6本。2と12も再び盤上にある。	岛上有37块地块和7块目标地块，其中五块有六条小径。2和12又回到了棋盘上。
