Robber Attacks	Räuber greift an	Røveren angriber	Rövaren anfaller	Røveren angriper	De rover valt aan	Le voleur attaque	El ladrón ataca	Il brigante attacca	O ladrão ataca	Rozbójnik atakuje	Haydut Saldırıyor	Розбійник нападає	도둑의 공격	盗賊の襲撃	强盗来袭
Epidemic	Epidemie	Epidemi	Epidemi	Epidemi	Epidemie	Épidémie	Epidemia	Epidemia	Epidemia	Epidemia	Salgın	Епідемія	전염병	疫病	瘟疫
Tournament	Turnier	Turnering	Turnering	Turnering	Toernooi	Tournoi	Torneo	Torneo	Torneio	Turniej	Turnuva	Турнір	토너먼트	トーナメント	比武大会
Calm Seas	Ruhige See	Rolig sø	Lugnt hav	Rolig sjø	Kalme zee	Mers calmes	Mares en calma	Mari calmi	Mares calmos	Spokojne morza	Sakin Denizler	Тихі моря	잔잔한 바다	穏やかな海	风平浪静
Helpful Neighbor	Hilfsbereiter Nachbar	Hjælpsom nabo	Hjälpsam granne	Hjelpsom nabo	Behulpzame buur	Voisin serviable	Vecino servicial	Vicino disponibile	Vizinho prestável	Pomocny sąsiad	Yardımsever Komşu	Привітний сусід	친절한 이웃	親切な隣人	热心的邻居
Plentiful Year	Reiches Jahr	Rigeligt år	Rikligt år	Rikelig år	Overvloedig jaar	Année d'abondance	Año de abundancia	Anno di abbondanza	Ano de abundância	Obfity rok	Bolluk Yılı	Рясний рік	풍요로운 해	豊かな年	丰饶之年
Robber Flees	Räuber flieht	Røveren flygter	Rövaren flyr	Røveren flykter	De rover vlucht	Le voleur s'enfuit	El ladrón huye	Il brigante fugge	O ladrão foge	Rozbójnik ucieka	Haydut Kaçıyor	Розбійник тікає	도둑의 도주	盗賊の逃走	强盗逃跑
A Beautiful Day	Ein schöner Tag	En smuk dag	En vacker dag	En vakker dag	Een mooie dag	Une belle journée	Un hermoso día	Una bella giornata	Um belo dia	Piękny dzień	Güzel Bir Gün	Прекрасний день	아름다운 날	素晴らしい一日	美好的一天
Helpful Neighbor: give a card.	Hilfsbereiter Nachbar: Schenke eine Karte.	Hjælpsom nabo: giv et kort.	Hjälpsam granne: ge ett kort.	Hjelpsom nabo: gi et kort.	Behulpzame buur: geef een kaart.	Voisin serviable : donnez une carte.	Vecino servicial: da una carta.	Vicino disponibile: dai una carta.	Vizinho prestável: dê uma carta.	Pomocny sąsiad: daj jedną kartę.	Yardımsever Komşu: bir kart ver.	Привітний сусід: віддайте картку.	친절한 이웃: 카드 한 장을 주세요.	親切な隣人：カードを1枚渡します。	热心的邻居：送出一张牌。
Helpful Neighbor	Hilfsbereiter Nachbar	Hjælpsom nabo	Hjälpsam granne	Hjelpsom nabo	Behulpzame buur	Voisin serviable	Vecino servicial	Vicino disponibile	Vizinho prestável	Pomocny sąsiad	Yardımsever Komşu	Привітний сусід	친절한 이웃	親切な隣人	热心的邻居
Strongest Ports tile	Plättchen „Stärkste Häfen“	Pladen „Stærkeste havne“	Brickan „Starkaste hamnar“	Brikken «Sterkeste havner»	Tegel „Sterkste havens“	Tuile « Ports les plus forts »	Ficha «Puertos más fuertes»	Tessera «Porti più forti»	Peça «Portos mais fortes»	Żeton „Najsilniejsze porty”	«En Güçlü Limanlar» karosu	Плитка «Найсильніші порти»	‘가장 강한 항구’ 타일	「最強の港」タイル	“最强港口”板块
Harbor points: 3 earn the Strongest Ports tile (+2 points)	Hafenpunkte: 3 bringen das Plättchen „Stärkste Häfen“ (+2 Punkte)	Havnepoint: 3 giver pladen „Stærkeste havne“ (+2 point)	Hamnpoäng: 3 ger brickan „Starkaste hamnar“ (+2 poäng)	Havnepoeng: 3 gir brikken «Sterkeste havner» (+2 poeng)	Havenpunten: 3 leveren de tegel „Sterkste havens“ op (+2 punten)	Points de port : 3 donnent la tuile « Ports les plus forts » (+2 points)	Puntos de puerto: 3 dan la ficha «Puertos más fuertes» (+2 puntos)	Punti porto: 3 danno la tessera «Porti più forti» (+2 punti)	Pontos de porto: 3 dão a peça «Portos mais fortes» (+2 pontos)	Punkty portowe: 3 dają żeton „Najsilniejsze porty” (+2 punkty)	Liman puanı: 3 puan «En Güçlü Limanlar» karosunu getirir (+2 puan)	Очки портів: 3 дають плитку «Найсильніші порти» (+2 очка)	항구 점수: 3점이면 ‘가장 강한 항구’ 타일을 받습니다 (+2점)	港ポイント：3点で「最強の港」タイルを獲得（+2点）	港口分数：3 分获得“最强港口”板块（+2 分）
Settlements and cities at harbors earn harbor points; the Strongest Ports tile is worth 2 points.	Siedlungen und Städte an Häfen bringen Hafenpunkte; das Plättchen „Stärkste Häfen“ ist 2 Punkte wert.	Bebyggelser og byer ved havne giver havnepoint; pladen „Stærkeste havne“ er 2 point værd.	Bosättningar och städer vid hamnar ger hamnpoäng; brickan „Starkaste hamnar“ är värd 2 poäng.	Bosetninger og byer ved havner gir havnepoeng; brikken «Sterkeste havner» er verdt 2 poeng.	Nederzettingen en steden bij havens leveren havenpunten op; de tegel „Sterkste havens“ is 2 punten waard.	Les colonies et villes sur les ports rapportent des points de port ; la tuile « Ports les plus forts » vaut 2 points.	Los poblados y ciudades en puertos dan puntos de puerto; la ficha «Puertos más fuertes» vale 2 puntos.	Gli insediamenti e le città sui porti danno punti porto; la tessera «Porti più forti» vale 2 punti.	Povoações e cidades em portos dão pontos de porto; a peça «Portos mais fortes» vale 2 pontos.	Osady i miasta w portach dają punkty portowe; żeton „Najsilniejsze porty” jest wart 2 punkty.	Limanlardaki köyler ve şehirler liman puanı kazandırır; «En Güçlü Limanlar» karosu 2 puan değerindedir.	Поселення й міста в портах дають очки портів; плитка «Найсильніші порти» коштує 2 очка.	항구의 정착지와 도시는 항구 점수를 줍니다. ‘가장 강한 항구’ 타일은 2점입니다.	港の開拓地と都市は港ポイントになります。「最強の港」タイルは2点です。	港口的村庄和城市可获得港口分数；“最强港口”板块价值 2 分。
The friendly robber spares players with 2 points or fewer. Harbors of Catan reward settlements at harbors with a tile worth 2 points.	Der freundliche Räuber verschont Spieler mit 2 oder weniger Punkten. Die Häfen von Catan belohnen Siedlungen an Häfen mit einem Plättchen, das 2 Punkte wert ist.	Den venlige røver skåner spillere med 2 point eller færre. Havnene på Catan belønner bebyggelser ved havne med en plade, der er 2 point værd.	Den vänliga rövaren skonar spelare med 2 poäng eller färre. Hamnarna på Catan belönar bosättningar vid hamnar med en bricka värd 2 poäng.	Den vennlige røveren skåner spillere med 2 poeng eller færre. Havnene på Catan belønner bosetninger ved havner med en brikke verdt 2 poeng.	De vriendelijke rover spaart spelers met 2 punten of minder. De havens van Catan belonen nederzettingen bij havens met een tegel van 2 punten.	Le voleur bienveillant épargne les joueurs avec 2 points ou moins. Les ports de Catane récompensent les colonies sur les ports avec une tuile qui vaut 2 points.	El ladrón amable perdona a los jugadores con 2 puntos o menos. Los puertos de Catán premian los poblados en puertos con una ficha que vale 2 puntos.	Il brigante gentile risparmia i giocatori con 2 punti o meno. I porti di Catan premiano gli insediamenti sui porti con una tessera che vale 2 punti.	O ladrão amigável poupa jogadores com 2 pontos ou menos. Os portos de Catan premeiam povoações em portos com uma peça que vale 2 pontos.	Przyjazny rozbójnik oszczędza graczy z 2 punktami lub mniej. Porty Catanu nagradzają osady w portach żetonem wartym 2 punkty.	Dost haydut, 2 veya daha az puanı olan oyunculara dokunmaz. Catan Limanları, limanlardaki köyleri 2 puan değerinde bir karoyla ödüllendirir.	Дружній розбійник щадить гравців із 2 очками або менше. Гавані Катану винагороджують поселення в портах плиткою за 2 очка.	친절한 도둑은 2점 이하의 플레이어를 봐줍니다. 카탄의 항구는 항구의 정착지에 2점짜리 타일로 보상합니다.	親切な盗賊は2点以下のプレイヤーを見逃します。カタンの港は、港の開拓地に2点のタイルで報います。	友善的强盗会放过 2 分或更少的玩家。卡坦港口用价值 2 分的板块奖励港口上的村庄。
The robber flees to the desert.	Der Räuber flieht in die Wüste.	Røveren flygter til ørkenen.	Rövaren flyr till öknen.	Røveren flykter til ørkenen.	De rover vlucht naar de woestijn.	Le voleur s'enfuit dans le désert.	El ladrón huye al desierto.	Il brigante fugge nel deserto.	O ladrão foge para o deserto.	Rozbójnik ucieka na pustynię.	Haydut çöle kaçıyor.	Розбійник тікає в пустелю.	도둑이 사막으로 도망칩니다.	盗賊は砂漠へ逃げました。	强盗逃到了沙漠。
The robber flees off the board.	Der Räuber flieht vom Spielplan.	Røveren flygter fra spillepladen.	Rövaren flyr från spelplanen.	Røveren flykter fra spillebrettet.	De rover vlucht van het bord.	Le voleur s'enfuit hors du plateau.	El ladrón huye del tablero.	Il brigante fugge dal tabellone.	O ladrão foge do tabuleiro.	Rozbójnik ucieka z planszy.	Haydut tahtadan kaçıyor.	Розбійник тікає з поля.	도둑이 판 밖으로 도망칩니다.	盗賊は盤上から逃げました。	强盗逃离了棋盘。
No tile is open to the robber, so he goes to the desert.	Kein Feld steht dem Räuber offen, also geht er in die Wüste.	Ingen felt er åbent for røveren, så han går til ørkenen.	Ingen bricka är öppen för rövaren, så han går till öknen.	Ingen felt er åpent for røveren, så han går til ørkenen.	Geen veld staat open voor de rover, dus hij gaat naar de woestijn.	Aucune tuile n'est ouverte au voleur, il va donc dans le désert.	Ninguna casilla está libre para el ladrón, así que va al desierto.	Nessuna tessera è libera per il brigante, quindi va nel deserto.	Nenhum terreno está livre para o ladrão, por isso ele vai para o deserto.	Żadne pole nie jest otwarte dla rozbójnika, więc idzie na pustynię.	Haydut için açık bir arazi yok, bu yüzden çöle gidiyor.	Жодна плитка не відкрита для розбійника, тож він іде в пустелю.	도둑이 갈 수 있는 타일이 없어 사막으로 갑니다.	盗賊が置ける土地がないので、砂漠に行きます。	强盗没有可去的地块，所以去了沙漠。
{@p} takes the Strongest Ports tile (+2 points).	{@p} nimmt das Plättchen „Stärkste Häfen“ (+2 Punkte).	{@p} tager pladen „Stærkeste havne“ (+2 point).	{@p} tar brickan „Starkaste hamnar“ (+2 poäng).	{@p} tar brikken «Sterkeste havner» (+2 poeng).	{@p} neemt de tegel „Sterkste havens“ (+2 punten).	{@p} prend la tuile « Ports les plus forts » (+2 points).	{@p} toma la ficha «Puertos más fuertes» (+2 puntos).	{@p} prende la tessera «Porti più forti» (+2 punti).	{@p} fica com a peça «Portos mais fortes» (+2 pontos).	{@p} bierze żeton „Najsilniejsze porty” (+2 punkty).	{@p} «En Güçlü Limanlar» karosunu alıyor (+2 puan).	{@p} бере плитку «Найсильніші порти» (+2 очка).	{@p}이(가) ‘가장 강한 항구’ 타일을 받습니다 (+2점).	{@p}が「最強の港」タイルを獲得しました（+2点）。	{@p} 获得了“最强港口”板块（+2 分）。
{@p} takes the Strongest Ports tile from {@q} (+2 points).	{@p} nimmt {@q} das Plättchen „Stärkste Häfen“ weg (+2 Punkte).	{@p} tager pladen „Stærkeste havne“ fra {@q} (+2 point).	{@p} tar brickan „Starkaste hamnar“ från {@q} (+2 poäng).	{@p} tar brikken «Sterkeste havner» fra {@q} (+2 poeng).	{@p} neemt de tegel „Sterkste havens“ van {@q} (+2 punten).	{@p} prend la tuile « Ports les plus forts » à {@q} (+2 points).	{@p} le quita la ficha «Puertos más fuertes» a {@q} (+2 puntos).	{@p} prende la tessera «Porti più forti» a {@q} (+2 punti).	{@p} tira a peça «Portos mais fortes» a {@q} (+2 pontos).	{@p} zabiera żeton „Najsilniejsze porty” graczowi {@q} (+2 punkty).	{@p}, {@q} oyuncusundan «En Güçlü Limanlar» karosunu alıyor (+2 puan).	{@p} забирає плитку «Найсильніші порти» в {@q} (+2 очка).	{@p}이(가) {@q}에게서 ‘가장 강한 항구’ 타일을 가져옵니다 (+2점).	{@p}が{@q}から「最強の港」タイルを奪いました（+2点）。	{@p} 从 {@q} 手中夺得“最强港口”板块（+2 分）。
Event die: {#e}.	Ereigniswürfel: {#e}.	Begivenhedsterning: {#e}.	Händelsetärning: {#e}.	Hendelsesterning: {#e}.	Gebeurtenisdobbelsteen: {#e}.	Dé événement : {#e}.	Dado de eventos: {#e}.	Dado degli eventi: {#e}.	Dado de eventos: {#e}.	Kość zdarzeń: {#e}.	Olay zarı: {#e}.	Кубик подій: {#e}.	이벤트 주사위: {#e}.	イベントダイス：{#e}。	事件骰：{#e}。
Everybody turns one of their roads sideways. Until it is repaired (1 lumber, 1 brick) you build no roads and no settlements next to it.	Jeder legt eine seiner Straßen um. Bis sie repariert ist (1 Holz, 1 Lehm), baust du keine Straßen und keine Siedlungen daneben.	Alle lægger en af deres veje ned. Indtil den er repareret (1 træ, 1 mursten) bygger du hverken veje eller bebyggelser ved siden af den.	Alla lägger ner en av sina vägar. Tills den är reparerad (1 trä, 1 tegel) bygger du varken vägar eller bosättningar bredvid den.	Alle legger ned en av veiene sine. Til den er reparert (1 tre, 1 murstein) bygger du verken veier eller bosetninger ved siden av den.	Iedereen legt een van zijn wegen om. Tot hij is hersteld (1 hout, 1 baksteen) bouw je geen wegen en geen nederzettingen ernaast.	Chacun couche une de ses routes. Tant qu'elle n'est pas réparée (1 bois, 1 argile), vous ne construisez ni route ni colonie à côté.	Todos tumban uno de sus caminos. Hasta repararlo (1 madera, 1 arcilla) no construyes caminos ni poblados junto a él.	Ognuno rovescia una delle sue strade. Finché non è riparata (1 legno, 1 argilla) non costruisci strade né insediamenti accanto.	Todos deitam uma das suas estradas. Até a repararem (1 madeira, 1 argila) não constroem estradas nem povoações ao lado.	Każdy kładzie jedną ze swoich dróg na boku. Dopóki nie zostanie naprawiona (1 drewno, 1 glina), nie budujesz dróg ani osad obok niej.	Herkes yollarından birini yan yatırır. Onarılana kadar (1 odun, 1 kil) yan yana yol ve köy kuramazsın.	Кожен кладе одну зі своїх доріг на бік. Доки її не полагодять (1 деревина, 1 глина), ви не будуєте доріг і поселень біля неї.	모두 자신의 길 하나를 눕힙니다. 수리(목재 1, 점토 1)하기 전에는 길을 새로 짓거나 그 옆에 정착지를 지을 수 없습니다.	全員が自分の道を1本倒します。修理（木材1、レンガ1）するまで、道も、その隣の開拓地も建てられません。	每人把自己的一条道路放倒。修好之前（1 木材、1 砖块），不能修新路，也不能在它旁边建村庄。
The robber flees to a desert, or off the board when there is none. Nobody is robbed.	Der Räuber flieht in die Wüste, oder vom Spielplan, wenn es keine gibt. Niemand wird beraubt.	Røveren flygter til ørkenen, eller fra spillepladen, hvis der ingen er. Ingen bliver bestjålet.	Rövaren flyr till öknen, eller från spelplanen om det inte finns någon. Ingen blir bestulen.	Røveren flykter til ørkenen, eller fra spillebrettet hvis det ikke finnes noen. Ingen blir bestjålet.	De rover vlucht naar de woestijn, of van het bord als die er niet is. Niemand wordt bestolen.	Le voleur s'enfuit dans le désert, ou hors du plateau s'il n'y en a pas. Personne n'est volé.	El ladrón huye al desierto, o fuera del tablero si no hay ninguno. Nadie es robado.	Il brigante fugge nel deserto, o fuori dal tabellone se non ce n'è uno. Nessuno viene derubato.	O ladrão foge para o deserto, ou do tabuleiro se não houver nenhum. Ninguém é roubado.	Rozbójnik ucieka na pustynię, a jeśli jej nie ma, z planszy. Nikt nie jest okradany.	Haydut çöle kaçar; çöl yoksa tahtadan çıkar. Kimse soyulmaz.	Розбійник тікає в пустелю, а якщо її немає, з поля. Ніхто не втрачає карток.	도둑은 사막으로, 사막이 없으면 판 밖으로 도망칩니다. 아무도 빼앗기지 않습니다.	盗賊は砂漠へ、砂漠がなければ盤上から逃げます。誰も奪われません。	强盗逃到沙漠；没有沙漠就离开棋盘。无人被抢。
